batch_id,line,machine,shift,material_lot,operator_tenure_months,target_cycle_time_sec,actual_cycle_time_sec,ambient_temp_c,humidity_pct,pressure_bar,vibration_mm_s,tool_age_hours,planned_runtime_min,actual_runtime_min,unplanned_downtime_min,planned_units,good_units,defect_units,scrap_cost_inr,rework_minutes,defect_rate
1,Line_C,M12,Morning,L014,24.8,50.98,51.39,29.81,65.76,4.87,0.731,15.79,414.1,394.42,19.68,193,184,9,435.85,6.85,0.04663
2,Line_B,M04,Night,L052,19.2,41.52,44.42,31.29,45.82,4.791,1.047,30.87,408.14,387.34,20.8,196,189,7,291.58,4.22,0.03571
3,Line_D,M06,Morning,L119,14.3,48.05,45.27,37.22,42.18,6.162,0.784,38.93,432.98,422.54,10.44,385,374,11,439.55,5.06,0.02857
4,Line_C,M13,Morning,L018,12.4,45.83,49.03,27.09,56.19,5.818,0.7,74.78,423.56,402.77,20.79,270,240,30,1372.96,13.0,0.11111
5,Line_A,M13,Evening,L031,21.3,49.36,57.05,32.2,59.82,5.507,0.676,27.81,425.91,407.94,17.97,274,265,9,388.04,4.21,0.03285
6,Line_D,M04,Morning,L013,32.3,45.02,45.64,28.45,39.69,5.395,0.672,25.17,433.62,396.97,36.65,329,315,14,609.76,7.21,0.04255
7,Line_C,M02,Morning,L090,19.6,53.09,58.29,31.52,45.69,4.746,0.75,35.1,405.31,395.3,10.01,295,279,16,611.24,5.23,0.05424
8,Line_D,M06,Morning,L039,39.9,47.41,46.64,27.99,52.23,5.31,1.107,10.0,397.69,396.26,1.43,207,203,4,148.96,2.3,0.01932
9,Line_A,M02,Evening,L030,12.6,54.39,53.44,32.52,34.23,5.557,0.689,89.38,433.81,427.93,5.88,253,246,7,261.56,4.26,0.02767
10,Line_B,M11,Night,L104,12.6,42.57,46.82,29.76,43.01,4.802,1.235,37.16,401.67,390.56,11.11,310,299,11,402.06,5.71,0.03548
11,Line_B,M12,Evening,L080,42.2,43.92,47.27,27.47,54.87,4.976,1.281,3.83,416.97,407.65,9.32,312,296,16,638.3,6.31,0.05128
12,Line_D,M12,Night,L042,15.4,45.29,43.66,32.19,42.37,5.711,1.126,61.86,390.78,388.72,2.06,419,401,18,781.14,10.52,0.04296
13,Line_C,M06,Night,L079,12.2,47.15,46.78,27.7,47.47,5.47,1.111,69.94,442.29,434.83,7.46,310,291,19,625.15,10.27,0.06129
14,Line_D,M07,Night,L067,47.4,45.65,46.75,35.37,51.84,5.107,0.779,44.05,406.14,403.75,2.39,208,199,9,485.28,5.32,0.04327
15,Line_B,M08,Night,L120,22.3,52.41,53.5,32.27,57.25,4.676,0.994,29.43,399.11,393.02,6.09,407,387,20,797.61,6.43,0.04914
16,Line_A,M13,Night,L094,21.0,50.3,52.28,26.78,55.68,4.841,0.888,26.35,404.55,338.72,65.83,272,257,15,654.94,6.48,0.05515
17,Line_C,M16,Morning,L066,8.9,44.09,48.69,33.52,42.76,4.862,0.881,47.1,411.23,408.78,2.46,356,345,11,479.2,5.17,0.0309
18,Line_A,M15,Morning,L060,31.2,45.06,45.79,28.58,43.84,5.54,0.925,44.69,404.45,382.85,21.6,214,212,2,94.36,0.89,0.00935
19,Line_D,M06,Morning,L033,44.5,47.98,51.93,30.68,53.33,5.879,0.798,29.06,395.55,386.4,9.16,225,223,2,84.86,1.46,0.00889
20,Line_C,M03,Evening,L115,13.3,49.74,46.92,31.66,41.93,4.67,0.686,23.89,433.79,431.54,2.25,259,240,19,826.59,8.38,0.07336
21,Line_C,M01,Evening,L041,32.7,44.92,45.41,27.29,63.53,5.115,0.764,30.98,423.53,409.66,13.87,331,319,12,594.97,5.82,0.03625
22,Line_B,M15,Evening,L037,24.9,50.8,51.55,27.46,43.05,4.887,0.943,2.57,388.31,379.94,8.38,225,221,4,198.83,1.84,0.01778
23,Line_D,M16,Night,L072,16.3,49.35,49.47,27.64,47.65,4.92,1.11,9.0,434.19,428.26,5.93,238,222,16,718.02,7.34,0.06723
24,Line_D,M09,Morning,L003,30.1,42.32,47.35,27.97,61.6,5.193,0.835,56.74,431.02,414.82,16.19,199,188,11,508.89,4.72,0.05528
25,Line_C,M02,Night,L019,44.4,52.61,48.55,35.64,53.93,5.984,0.987,11.33,422.09,414.45,7.64,310,290,20,829.47,9.54,0.06452
26,Line_A,M08,Evening,L033,10.4,50.97,46.64,29.51,46.7,6.32,0.487,4.75,418.06,397.24,20.82,240,236,4,182.76,2.53,0.01667
27,Line_B,M12,Evening,L020,29.8,49.68,49.17,33.67,41.54,5.878,0.307,63.22,413.56,388.5,25.06,270,260,10,376.86,5.96,0.03704
28,Line_A,M13,Morning,L082,6.6,50.37,51.3,35.84,57.81,5.098,1.326,81.88,417.11,392.56,24.55,261,240,21,838.24,18.05,0.08046
29,Line_A,M13,Morning,L049,65.7,44.5,51.39,28.56,44.78,5.352,1.0,19.1,365.85,324.82,41.03,275,267,8,273.06,3.78,0.02909
30,Line_C,M13,Evening,L061,19.0,52.8,51.44,29.72,38.9,4.757,0.852,45.25,393.4,376.87,16.53,292,277,15,630.5,8.08,0.05137
31,Line_C,M02,Night,L081,34.9,51.82,59.73,33.09,57.21,5.138,1.161,23.68,414.27,397.92,16.35,342,326,16,637.9,7.21,0.04678
32,Line_D,M11,Night,L089,26.8,44.43,41.13,32.43,43.79,5.163,0.645,91.86,431.02,397.7,33.32,240,234,6,298.09,2.76,0.025
33,Line_B,M16,Night,L109,24.9,57.8,57.0,29.89,52.5,4.719,1.0,52.72,422.24,420.74,1.5,399,388,11,380.35,8.42,0.02757
34,Line_B,M07,Morning,L092,20.7,51.69,50.89,36.04,74.06,5.167,1.0,46.0,426.75,418.64,8.11,259,234,25,1039.69,13.75,0.09653
35,Line_B,M09,Evening,L095,21.3,43.07,46.83,35.31,70.6,5.533,0.963,9.97,434.68,409.47,25.22,212,196,16,605.08,7.78,0.07547
36,Line_A,M05,Evening,L092,19.2,46.74,49.94,24.46,59.27,5.184,1.061,18.73,470.0,461.71,8.29,298,295,3,120.46,1.89,0.01007
37,Line_A,M13,Morning,L072,17.1,50.96,48.37,33.91,63.24,4.526,0.927,46.25,407.24,389.78,17.47,297,287,10,468.39,3.81,0.03367
38,Line_B,M06,Evening,L021,25.6,48.38,48.24,30.39,60.96,5.463,1.238,11.59,412.33,412.1,0.22,187,179,8,275.27,4.13,0.04278
39,Line_A,M16,Morning,L095,9.6,54.56,54.83,26.12,62.98,5.371,0.685,30.86,455.15,447.73,7.42,286,279,7,319.9,4.8,0.02448
40,Line_C,M10,Night,L024,13.1,43.89,47.27,30.45,52.51,5.849,1.069,29.75,435.04,431.59,3.45,306,295,11,492.35,5.99,0.03595
41,Line_B,M06,Night,L079,53.0,45.81,49.78,29.55,44.36,4.525,1.004,28.6,414.12,409.78,4.34,333,314,19,858.76,7.89,0.05706
42,Line_D,M10,Night,L096,12.5,47.25,43.57,34.82,56.09,5.275,0.774,54.49,381.25,375.75,5.5,273,257,16,820.98,9.78,0.05861
43,Line_C,M01,Morning,L090,14.4,49.92,44.43,32.98,44.88,5.809,1.055,18.08,408.9,400.9,8.0,187,180,7,317.36,5.5,0.03743
44,Line_B,M15,Evening,L069,18.9,46.76,44.13,35.39,55.71,4.72,1.042,27.25,421.69,414.9,6.79,338,327,11,462.45,4.44,0.03254
45,Line_D,M08,Night,L066,13.3,48.44,53.41,26.44,43.46,5.98,1.211,71.35,412.42,396.15,16.27,340,323,17,612.82,10.55,0.05
46,Line_D,M08,Evening,L095,9.6,50.97,46.39,23.84,58.75,5.198,1.117,96.05,436.37,421.69,14.68,406,393,13,608.83,9.67,0.03202
47,Line_B,M07,Morning,L104,20.1,48.2,45.84,29.65,71.81,5.255,0.333,113.51,453.54,420.11,33.42,228,213,15,552.19,8.3,0.06579
48,Line_B,M11,Evening,L099,23.1,44.13,42.89,31.05,42.29,5.111,0.809,27.1,426.65,412.85,13.8,293,280,13,616.3,7.23,0.04437
49,Line_C,M13,Evening,L082,23.3,41.62,42.48,25.59,62.87,4.935,1.101,40.26,425.82,412.38,13.44,322,297,25,1000.16,13.64,0.07764
50,Line_A,M11,Night,L001,43.0,42.41,47.35,29.54,64.34,5.946,0.675,67.78,426.33,401.28,25.04,337,329,8,375.27,4.28,0.02374
51,Line_A,M03,Night,L040,22.8,45.82,49.99,32.4,53.4,5.602,1.093,50.86,426.59,405.33,21.25,187,184,3,129.94,1.93,0.01604
52,Line_A,M12,Evening,L036,39.3,44.25,42.61,33.61,59.76,5.795,0.835,60.97,414.68,406.18,8.5,401,398,3,130.04,1.96,0.00748
53,Line_D,M11,Morning,L029,13.8,49.57,50.12,25.87,44.61,5.326,0.908,78.26,445.84,433.89,11.95,207,198,9,361.12,6.69,0.04348
54,Line_C,M16,Evening,L112,9.1,42.05,43.83,34.32,51.96,4.75,1.025,15.95,378.93,355.14,23.79,215,204,11,519.35,6.29,0.05116
55,Line_C,M05,Night,L025,16.0,46.65,47.62,32.94,58.38,5.07,0.676,8.55,437.47,424.85,12.62,364,349,15,672.55,10.46,0.04121
56,Line_D,M13,Morning,L114,33.4,54.28,61.74,37.27,50.45,5.246,0.64,20.15,418.3,406.1,12.2,189,182,7,268.3,4.37,0.03704
57,Line_B,M15,Night,L025,53.7,63.5,64.72,31.02,59.98,5.202,0.806,5.13,439.69,429.04,10.65,310,301,9,403.2,6.59,0.02903
58,Line_C,M01,Morning,L078,29.6,46.53,48.46,29.13,62.32,5.03,0.968,39.94,423.98,417.44,6.53,203,196,7,325.73,5.55,0.03448
59,Line_A,M15,Night,L103,17.8,51.19,46.03,29.5,64.21,5.54,1.094,3.69,417.42,411.91,5.51,329,314,15,504.27,8.89,0.04559
60,Line_A,M13,Night,L053,38.6,48.99,48.74,26.4,61.08,4.436,0.717,7.91,409.01,401.11,7.89,287,275,12,432.77,5.59,0.04181
61,Line_C,M13,Night,L055,23.3,44.97,45.54,24.29,50.11,5.698,1.239,32.8,443.88,394.12,49.76,237,213,24,1082.7,14.01,0.10127
62,Line_B,M16,Morning,L065,30.9,48.9,45.96,28.85,46.37,5.72,0.829,50.5,427.01,424.24,2.76,237,232,5,211.77,2.35,0.0211
63,Line_C,M04,Night,L015,45.1,53.07,52.52,30.27,41.01,4.905,1.123,37.82,420.44,408.63,11.81,393,370,23,960.15,12.75,0.05852
64,Line_C,M01,Morning,L098,12.9,45.97,49.64,32.1,50.49,4.927,1.344,80.06,416.32,398.81,17.51,202,190,12,501.71,7.08,0.05941
65,Line_C,M10,Morning,L040,71.8,49.36,46.51,30.87,47.49,5.527,1.016,45.35,383.32,379.96,3.36,408,394,14,539.12,7.35,0.03431
66,Line_C,M10,Evening,L029,23.9,40.58,50.48,34.74,41.02,4.972,0.237,15.6,423.6,389.38,34.21,349,335,14,565.58,8.94,0.04011
67,Line_C,M14,Night,L027,42.2,50.04,45.31,28.45,51.7,4.873,0.819,16.14,470.0,465.97,4.03,331,320,11,452.23,5.44,0.03323
68,Line_B,M10,Morning,L111,33.0,52.74,55.98,32.55,61.02,5.525,1.037,15.98,416.41,404.5,11.9,282,278,4,166.58,1.81,0.01418
69,Line_A,M02,Evening,L069,19.7,44.96,46.05,29.73,61.23,5.863,1.362,29.32,391.3,385.96,5.34,300,294,6,181.18,1.91,0.02
70,Line_B,M09,Evening,L016,14.9,47.21,49.86,31.78,51.8,5.02,1.155,19.2,384.24,347.83,36.41,218,199,19,883.17,9.3,0.08716
71,Line_A,M07,Night,L098,11.4,48.3,48.92,29.07,39.18,5.339,0.558,6.86,437.3,433.26,4.04,367,361,6,239.02,3.45,0.01635
72,Line_B,M15,Morning,L120,14.3,48.46,47.79,37.03,51.73,5.401,0.702,32.34,438.24,431.1,7.14,350,343,7,356.08,2.23,0.02
73,Line_D,M12,Morning,L099,12.1,45.62,47.32,33.31,45.97,4.65,1.018,56.43,424.79,417.73,7.06,397,386,11,548.07,6.61,0.02771
74,Line_A,M14,Morning,L072,5.9,56.08,59.5,23.08,59.93,5.164,1.075,28.73,442.37,432.49,9.89,398,394,4,163.46,2.79,0.01005
75,Line_A,M12,Evening,L093,20.0,44.57,50.45,33.33,40.19,5.224,1.034,44.62,402.51,391.68,10.83,394,384,10,435.8,6.83,0.02538
76,Line_B,M03,Evening,L040,17.3,47.17,53.8,28.17,56.06,5.951,0.895,67.55,443.91,406.45,37.46,295,275,20,910.89,9.73,0.0678
77,Line_B,M14,Morning,L030,16.5,45.41,47.12,36.9,52.95,5.162,0.823,36.21,403.0,397.8,5.2,324,312,12,524.48,6.86,0.03704
78,Line_C,M02,Evening,L002,31.0,47.66,46.17,34.05,64.47,5.071,0.939,9.26,432.29,423.25,9.03,392,381,11,530.66,6.1,0.02806
79,Line_C,M05,Evening,L120,12.6,52.85,52.51,31.64,55.21,4.945,0.941,47.49,434.4,430.45,3.95,266,248,18,743.22,9.32,0.06767
80,Line_D,M03,Morning,L076,28.7,45.85,47.62,30.27,60.8,4.854,1.183,23.2,414.63,405.03,9.6,221,211,10,415.66,5.72,0.04525
81,Line_C,M02,Morning,L080,50.1,41.41,45.21,30.39,51.48,4.765,0.52,18.58,407.35,401.89,5.45,233,227,6,226.16,4.26,0.02575
82,Line_B,M15,Evening,L115,22.3,45.41,47.81,31.74,53.94,5.651,0.633,25.33,412.8,410.4,2.41,287,278,9,417.07,5.12,0.03136
83,Line_D,M03,Night,L033,31.4,50.27,49.29,25.23,54.76,4.409,0.889,50.4,408.71,399.34,9.37,340,322,18,824.73,11.01,0.05294
84,Line_A,M02,Evening,L094,9.9,41.61,44.31,30.71,55.5,4.793,0.497,31.89,422.94,411.82,11.12,351,344,7,281.29,4.15,0.01994
85,Line_A,M02,Evening,L072,26.7,51.39,58.19,27.55,52.87,4.715,1.075,60.82,393.11,389.48,3.64,416,403,13,512.85,9.36,0.03125
86,Line_A,M11,Night,L031,13.4,48.57,43.87,29.89,49.08,5.355,0.714,16.72,451.18,438.21,12.97,300,283,17,646.92,9.9,0.05667
87,Line_C,M04,Evening,L081,7.0,55.52,55.86,31.58,34.11,5.091,0.545,25.94,400.46,378.6,21.86,273,253,20,815.88,10.73,0.07326
88,Line_B,M11,Morning,L092,18.0,45.92,47.01,32.54,56.06,5.244,0.799,18.02,428.64,414.12,14.52,317,308,9,348.68,3.51,0.02839
89,Line_A,M05,Evening,L011,16.3,38.45,38.55,30.32,51.72,4.993,0.934,83.58,402.64,393.98,8.66,207,201,6,180.0,3.65,0.02899
90,Line_B,M04,Morning,L087,46.4,50.62,49.85,32.58,62.47,5.232,0.718,60.37,408.77,395.51,13.26,253,242,11,428.46,7.22,0.04348
91,Line_A,M03,Night,L102,47.3,41.96,46.19,24.51,44.97,5.429,1.109,148.12,425.73,406.22,19.51,381,356,25,1093.15,16.28,0.06562
92,Line_C,M04,Night,L001,27.5,45.94,48.46,31.22,43.6,5.074,0.651,14.46,448.52,440.77,7.75,220,211,9,384.76,4.29,0.04091
93,Line_B,M04,Morning,L097,24.3,54.13,57.81,29.87,53.68,4.932,1.06,64.71,395.67,384.08,11.59,393,377,16,656.75,4.0,0.04071
94,Line_B,M14,Evening,L021,20.5,46.75,52.48,32.59,49.55,5.278,0.791,17.12,441.61,436.62,4.99,330,325,5,203.39,2.89,0.01515
95,Line_B,M09,Morning,L004,19.5,48.71,51.27,30.85,45.68,5.734,0.611,6.04,402.28,386.72,15.55,199,193,6,233.98,3.44,0.03015
96,Line_C,M07,Morning,L088,15.6,50.07,53.84,33.81,47.71,4.789,0.68,111.57,410.1,398.24,11.86,240,215,25,869.74,15.01,0.10417
97,Line_B,M15,Morning,L119,25.3,50.75,48.45,30.12,40.35,5.112,0.973,15.49,419.54,396.87,22.68,411,402,9,447.75,3.97,0.0219
98,Line_A,M08,Morning,L105,18.2,49.14,54.72,23.97,56.57,4.95,1.039,8.64,418.71,414.05,4.66,374,371,3,132.6,2.28,0.00802
99,Line_A,M15,Evening,L073,24.1,44.13,41.44,30.25,55.77,5.068,0.969,11.6,436.93,431.33,5.6,314,308,6,259.83,3.4,0.01911
100,Line_D,M07,Evening,L056,24.3,44.2,49.73,30.24,56.78,5.85,0.958,3.84,418.09,402.79,15.3,374,362,12,528.7,9.66,0.03209
101,Line_D,M16,Evening,L080,24.6,51.23,50.4,34.79,31.18,4.866,1.023,21.25,405.45,399.62,5.82,327,317,10,413.87,4.25,0.03058
102,Line_C,M03,Night,L096,12.1,51.56,52.44,31.81,52.78,4.793,0.805,74.07,434.95,424.62,10.34,285,269,16,663.02,6.1,0.05614
103,Line_A,M09,Night,L002,10.8,49.33,52.34,30.06,54.35,6.182,1.09,5.58,411.75,403.05,8.7,301,289,12,464.64,6.02,0.03987
104,Line_D,M08,Morning,L072,19.3,48.13,53.24,28.11,50.02,5.573,1.284,84.08,440.78,437.92,2.86,302,288,14,541.35,10.09,0.04636
105,Line_C,M15,Evening,L020,16.4,48.83,47.79,33.4,43.88,5.356,0.665,9.85,445.34,435.56,9.78,218,205,13,641.93,5.43,0.05963
106,Line_C,M05,Night,L030,19.9,35.08,38.53,24.52,45.9,5.072,0.799,77.77,427.26,408.95,18.31,301,288,13,610.42,6.58,0.04319
107,Line_B,M06,Night,L093,27.5,42.02,41.71,30.78,56.69,5.611,1.135,7.85,407.14,397.08,10.06,252,239,13,579.68,6.33,0.05159
108,Line_A,M05,Night,L032,26.6,48.64,54.88,27.62,50.8,5.296,0.914,25.98,433.95,411.83,22.12,262,256,6,215.77,4.53,0.0229
109,Line_A,M10,Morning,L118,22.2,45.07,50.36,27.31,60.12,4.561,1.162,34.07,427.72,417.84,9.88,336,321,15,662.11,4.85,0.04464
110,Line_D,M04,Evening,L035,5.9,44.28,48.17,37.25,53.71,5.643,1.047,14.08,426.12,384.17,41.96,314,290,24,1169.24,8.82,0.07643
111,Line_B,M08,Morning,L118,7.3,41.36,36.14,29.48,61.72,4.994,1.334,64.38,423.09,418.0,5.09,236,228,8,356.59,4.49,0.0339
112,Line_A,M11,Morning,L103,17.7,50.3,52.11,27.62,60.0,5.042,1.187,26.64,443.54,431.99,11.55,401,377,24,1037.49,12.98,0.05985
113,Line_B,M04,Morning,L023,11.8,41.31,41.9,25.43,55.91,4.847,0.794,29.05,443.86,429.54,14.32,334,313,21,990.5,8.21,0.06287
114,Line_C,M05,Evening,L035,5.0,44.58,43.9,33.29,62.44,4.824,0.83,5.84,389.48,383.17,6.31,380,372,8,355.18,4.92,0.02105
115,Line_A,M03,Night,L119,20.4,44.77,44.36,34.55,69.86,4.323,0.685,17.01,431.01,430.21,0.79,258,236,22,1041.88,14.0,0.08527
116,Line_D,M03,Evening,L099,5.1,54.0,54.45,28.12,53.99,5.164,0.918,71.85,440.51,426.52,13.99,194,182,12,446.65,8.28,0.06186
117,Line_C,M15,Night,L051,10.7,49.68,48.45,30.53,48.78,5.774,0.718,20.57,395.46,389.88,5.57,196,179,17,744.57,5.81,0.08673
118,Line_C,M13,Night,L059,27.3,55.17,54.94,28.38,52.33,5.423,1.061,54.37,414.64,393.67,20.97,303,283,20,740.46,11.1,0.06601
119,Line_B,M04,Evening,L054,66.8,40.68,38.92,35.27,33.34,4.854,0.917,16.12,429.44,406.81,22.63,199,187,12,476.79,6.2,0.0603
120,Line_C,M10,Night,L063,17.6,44.18,46.01,34.78,63.21,5.53,0.925,32.45,374.56,370.26,4.3,347,321,26,899.7,10.48,0.07493
121,Line_C,M02,Morning,L057,17.9,52.07,49.26,36.29,62.77,4.69,0.989,24.69,418.74,395.57,23.17,387,355,32,1242.65,20.43,0.08269
122,Line_C,M14,Evening,L064,40.4,48.54,43.0,27.92,51.53,5.894,1.257,38.46,396.95,395.76,1.19,338,311,27,1221.01,15.09,0.07988
123,Line_A,M13,Morning,L103,18.1,50.12,56.36,30.25,59.39,5.73,0.545,73.64,394.12,354.96,39.16,349,329,20,835.49,12.56,0.05731
124,Line_B,M13,Night,L016,34.6,55.18,54.38,29.47,55.08,5.232,1.163,27.97,401.6,386.61,14.99,263,254,9,374.98,6.11,0.03422
125,Line_A,M06,Morning,L052,36.5,50.47,46.84,28.79,45.21,5.097,1.026,66.38,446.02,439.84,6.18,204,201,3,122.84,1.63,0.01471
126,Line_B,M06,Morning,L002,23.2,43.21,47.56,30.24,46.15,5.042,1.032,36.56,433.19,421.1,12.09,272,263,9,366.57,4.78,0.03309
127,Line_B,M14,Night,L021,13.2,47.98,53.38,21.58,47.6,5.318,1.054,109.77,431.75,413.33,18.42,323,301,22,1019.11,14.93,0.06811
128,Line_A,M09,Night,L094,39.9,54.41,55.95,30.5,44.96,5.035,1.343,36.9,442.26,421.29,20.97,293,275,18,821.05,11.86,0.06143
129,Line_A,M10,Night,L029,14.7,45.86,47.8,29.53,57.37,5.037,0.944,72.78,391.04,374.97,16.07,353,336,17,829.58,8.0,0.04816
130,Line_C,M16,Morning,L089,35.1,45.4,49.74,29.53,57.26,5.826,0.967,104.07,402.59,372.06,30.53,306,289,17,846.73,9.92,0.05556
131,Line_A,M14,Night,L020,14.0,48.45,50.1,35.57,71.08,5.401,1.019,29.76,432.41,407.62,24.79,221,201,20,856.27,12.25,0.0905
132,Line_D,M06,Morning,L118,19.8,49.55,42.07,32.9,32.32,4.679,0.963,28.62,431.82,425.87,5.95,196,190,6,266.53,3.16,0.03061
133,Line_C,M01,Morning,L060,22.1,49.86,51.48,35.32,57.79,5.193,0.857,84.23,449.28,440.27,9.0,184,173,11,553.44,6.38,0.05978
134,Line_B,M04,Morning,L058,7.1,55.09,55.54,30.32,63.28,5.843,1.026,95.01,422.23,402.73,19.49,273,254,19,824.89,10.85,0.0696
135,Line_C,M13,Morning,L077,40.1,56.25,58.51,26.23,49.77,4.868,0.902,26.08,394.8,372.67,22.14,361,339,22,883.21,14.4,0.06094
136,Line_A,M03,Evening,L022,13.1,45.48,47.01,35.7,36.72,4.513,1.027,26.27,445.86,428.31,17.56,412,392,20,792.66,9.6,0.04854
137,Line_D,M05,Night,L027,19.1,48.38,47.56,30.89,49.27,5.306,1.218,22.3,424.41,422.22,2.19,351,334,17,510.0,7.58,0.04843
138,Line_B,M16,Evening,L053,57.8,46.03,49.77,27.53,35.45,5.335,1.036,14.69,409.5,401.15,8.36,228,226,2,72.65,1.34,0.00877
139,Line_D,M08,Evening,L008,18.8,50.02,52.85,30.62,55.16,5.398,0.975,37.32,422.67,416.85,5.82,350,339,11,467.91,5.43,0.03143
140,Line_A,M04,Evening,L003,33.3,52.72,58.28,24.59,47.45,5.251,0.866,36.19,430.56,411.51,19.05,253,247,6,238.66,4.34,0.02372
141,Line_B,M09,Night,L105,35.9,43.05,47.07,29.44,42.29,4.879,0.578,39.4,421.63,397.31,24.33,308,282,26,1116.95,18.09,0.08442
142,Line_B,M15,Morning,L035,20.3,51.03,51.82,31.35,54.12,5.28,1.342,44.47,421.89,420.92,0.97,401,387,14,578.94,5.93,0.03491
143,Line_D,M04,Evening,L069,21.1,46.34,48.62,28.51,42.62,5.542,0.941,19.29,403.01,384.65,18.36,325,304,21,954.8,10.73,0.06462
144,Line_C,M10,Night,L022,21.9,45.21,43.99,26.85,58.48,5.437,0.946,64.94,394.4,367.12,27.28,220,209,11,483.4,7.38,0.05
145,Line_B,M13,Morning,L083,30.8,48.62,51.08,33.78,57.2,4.742,1.093,15.19,413.88,402.04,11.84,205,196,9,290.1,3.1,0.0439
146,Line_A,M10,Morning,L002,32.3,46.44,44.67,31.15,55.28,4.954,1.167,43.11,433.87,413.83,20.04,198,195,3,109.36,1.33,0.01515
147,Line_B,M15,Morning,L092,25.2,54.45,54.32,31.38,46.35,5.114,1.001,30.6,419.16,415.04,4.12,211,200,11,394.23,5.15,0.05213
148,Line_C,M07,Evening,L078,17.2,47.7,47.82,28.73,45.1,4.979,1.024,48.38,398.7,398.26,0.44,302,290,12,560.34,6.09,0.03974
149,Line_B,M13,Morning,L050,24.1,47.6,50.12,32.59,46.73,5.038,0.758,80.97,420.83,415.99,4.84,237,216,21,1014.3,10.43,0.08861
150,Line_A,M07,Morning,L103,25.2,50.21,51.0,22.7,59.51,5.445,1.257,17.65,407.06,404.25,2.8,204,196,8,324.5,3.63,0.03922
151,Line_D,M01,Evening,L102,31.8,42.74,44.57,33.93,47.36,5.345,1.268,23.73,438.31,428.04,10.26,228,223,5,218.98,2.56,0.02193
152,Line_D,M06,Evening,L072,27.7,48.71,50.65,28.1,40.45,5.028,0.573,11.35,367.27,353.51,13.76,308,301,7,269.58,4.2,0.02273
153,Line_A,M03,Night,L077,63.7,54.21,59.9,26.85,39.1,5.276,0.966,20.88,420.1,411.3,8.81,405,390,15,647.93,5.65,0.03704
154,Line_C,M12,Evening,L073,20.3,43.57,47.15,33.46,69.94,5.867,0.961,13.91,422.91,421.4,1.51,405,384,21,865.48,8.21,0.05185
155,Line_A,M07,Night,L039,4.4,52.8,52.54,28.75,59.26,5.11,0.87,35.55,416.41,409.27,7.14,190,184,6,245.24,3.94,0.03158
156,Line_C,M12,Evening,L084,39.8,44.99,44.04,39.33,41.8,4.634,0.759,14.62,436.85,430.71,6.14,391,356,35,1751.42,14.66,0.08951
157,Line_B,M12,Evening,L046,16.3,50.31,55.17,31.19,47.63,5.612,0.771,88.76,410.9,401.63,9.27,417,385,32,1142.97,20.7,0.07674
158,Line_C,M09,Evening,L105,24.8,39.78,35.97,34.13,56.07,5.441,0.878,56.66,432.85,421.81,11.04,286,270,16,551.7,10.75,0.05594
159,Line_C,M15,Morning,L044,26.8,45.43,46.28,30.01,36.57,6.086,1.049,67.27,401.55,395.12,6.44,187,180,7,336.8,2.53,0.03743
160,Line_C,M08,Morning,L087,28.9,51.4,54.11,36.2,61.83,4.785,0.515,47.62,404.52,400.27,4.25,350,341,9,423.59,3.53,0.02571
161,Line_A,M12,Morning,L015,5.6,50.3,45.62,33.18,46.39,4.965,0.924,10.2,424.2,421.37,2.83,257,253,4,154.15,1.87,0.01556
162,Line_D,M11,Morning,L045,21.1,45.41,42.83,31.31,44.95,5.133,0.764,20.0,420.55,415.83,4.72,407,399,8,302.69,5.47,0.01966
163,Line_A,M12,Night,L065,19.0,48.9,49.66,30.76,52.36,5.354,0.869,60.29,422.06,416.58,5.47,251,244,7,373.76,3.43,0.02789
164,Line_A,M08,Night,L099,6.8,46.87,53.84,23.11,43.28,4.775,0.489,8.07,423.23,409.68,13.55,206,195,11,507.07,6.99,0.0534
165,Line_C,M07,Morning,L106,11.9,42.84,42.18,34.85,63.15,5.82,0.735,46.62,430.41,429.31,1.09,414,398,16,521.34,12.7,0.03865
166,Line_B,M14,Morning,L068,72.5,45.27,48.89,30.67,55.66,5.97,1.02,57.33,400.24,396.03,4.21,316,311,5,171.67,3.04,0.01582
167,Line_D,M15,Morning,L002,20.9,46.12,51.52,35.36,47.74,6.268,0.859,31.33,429.47,420.8,8.67,280,278,2,94.13,1.24,0.00714
168,Line_D,M02,Evening,L106,4.7,41.4,43.31,32.74,45.71,5.383,0.931,83.09,445.94,439.4,6.54,412,399,13,541.55,6.96,0.03155
169,Line_B,M16,Evening,L075,40.6,46.43,52.02,31.36,59.73,4.357,0.889,50.96,417.77,411.8,5.97,384,368,16,770.0,8.3,0.04167
170,Line_D,M15,Night,L083,9.0,39.99,44.33,27.51,32.99,5.46,0.699,55.56,422.57,409.52,13.05,357,342,15,655.03,7.79,0.04202
171,Line_B,M10,Night,L064,23.7,46.25,49.53,36.03,63.89,5.529,0.27,52.0,417.87,407.52,10.35,287,275,12,594.41,6.6,0.04181
172,Line_B,M09,Night,L063,22.9,46.67,53.24,31.98,52.54,5.079,0.597,69.41,444.12,412.58,31.54,375,352,23,899.34,12.59,0.06133
173,Line_A,M08,Evening,L064,12.3,53.55,59.73,27.86,61.73,5.298,1.415,20.11,400.79,394.3,6.49,308,292,16,747.25,10.6,0.05195
174,Line_D,M09,Night,L078,29.9,50.02,56.53,32.14,48.33,3.822,1.053,73.4,410.72,396.86,13.87,387,356,31,1426.52,10.38,0.0801
175,Line_A,M03,Night,L097,22.1,54.25,54.14,27.02,69.6,5.858,0.758,1.98,425.44,408.98,16.46,193,184,9,399.73,4.05,0.04663
176,Line_A,M07,Morning,L086,25.3,45.78,48.85,28.26,39.64,4.743,0.821,49.42,448.79,433.39,15.4,269,267,2,70.73,0.99,0.00743
177,Line_B,M16,Evening,L098,41.1,47.79,45.77,27.43,45.42,5.248,1.01,62.84,405.98,393.6,12.38,281,277,4,193.3,2.69,0.01423
178,Line_D,M09,Evening,L018,12.2,45.0,48.74,32.52,61.39,5.192,1.087,59.87,380.45,331.93,48.52,342,321,21,847.39,9.77,0.0614
179,Line_D,M06,Evening,L056,15.6,45.9,51.14,31.4,44.43,4.64,0.762,8.5,413.19,395.99,17.19,265,250,15,779.63,5.13,0.0566
180,Line_C,M04,Evening,L089,17.1,43.56,45.01,26.66,47.97,5.378,0.796,60.24,442.66,436.05,6.61,330,306,24,1053.68,11.98,0.07273
181,Line_D,M13,Morning,L043,18.8,40.77,39.63,29.11,71.33,4.918,1.245,14.57,389.32,382.87,6.45,359,334,25,864.27,11.85,0.06964
182,Line_D,M08,Night,L049,32.0,43.33,45.1,27.19,45.74,4.648,1.171,44.0,410.08,387.07,23.01,235,222,13,473.77,6.2,0.05532
183,Line_B,M10,Morning,L033,22.9,44.89,49.98,29.86,47.19,4.448,1.157,42.48,425.07,417.43,7.64,377,357,20,1009.21,12.51,0.05305
184,Line_B,M07,Morning,L093,15.6,44.01,45.97,39.13,55.1,4.818,1.111,117.09,416.92,409.57,7.35,257,239,18,771.13,9.32,0.07004
185,Line_C,M01,Night,L009,32.9,46.6,50.57,31.44,46.32,5.536,0.97,30.29,444.08,433.72,10.36,325,302,23,897.76,10.67,0.07077
186,Line_C,M05,Night,L088,34.9,54.1,53.87,35.08,41.54,6.226,0.893,73.13,427.96,413.91,14.05,298,269,29,1332.08,15.02,0.09732
187,Line_B,M10,Night,L052,32.0,42.34,44.74,31.69,61.76,5.378,0.841,72.49,408.61,386.4,22.21,336,324,12,569.38,5.9,0.03571
188,Line_A,M04,Night,L002,34.6,56.03,57.13,34.02,44.66,5.622,0.901,33.14,414.67,404.03,10.64,315,297,18,687.51,9.09,0.05714
189,Line_C,M09,Morning,L024,16.0,42.02,41.95,31.39,67.34,4.787,0.612,40.52,424.81,409.72,15.09,373,349,24,1015.45,13.52,0.06434
190,Line_A,M14,Evening,L067,24.5,46.28,46.82,32.97,54.45,5.313,0.643,53.66,430.61,423.97,6.64,359,351,8,360.84,3.81,0.02228
191,Line_D,M04,Morning,L070,8.5,45.51,47.77,33.85,46.77,5.585,1.14,43.56,368.55,343.36,25.19,396,378,18,753.3,11.77,0.04545
192,Line_A,M14,Evening,L044,26.5,48.27,46.96,33.36,44.21,5.593,1.423,86.49,410.84,400.49,10.35,305,292,13,499.55,11.24,0.04262
193,Line_A,M03,Night,L108,21.4,50.28,53.12,30.88,62.73,5.016,1.316,27.83,411.51,408.11,3.41,204,197,7,293.33,3.59,0.03431
194,Line_D,M08,Night,L005,22.0,49.45,57.37,33.1,58.74,4.816,1.345,14.62,423.45,390.71,32.75,383,365,18,814.42,10.72,0.047
195,Line_A,M11,Night,L078,27.4,50.73,50.39,31.88,54.78,5.523,0.808,6.22,404.29,395.88,8.41,414,398,16,779.0,14.24,0.03865
196,Line_A,M04,Evening,L031,28.3,46.75,51.16,29.75,47.23,5.637,1.052,35.25,410.24,382.87,27.37,231,220,11,461.61,6.1,0.04762
197,Line_C,M04,Evening,L105,18.8,45.16,50.63,31.82,25.0,4.882,0.589,46.4,418.11,385.82,32.28,320,301,19,773.86,10.29,0.05938
198,Line_D,M08,Morning,L117,22.5,44.17,50.52,30.54,60.12,5.835,0.929,62.84,418.8,414.3,4.5,297,290,7,210.0,3.49,0.02357
199,Line_A,M01,Evening,L012,17.7,41.14,39.68,28.68,61.52,4.389,0.832,13.66,422.53,410.54,11.99,372,358,14,635.55,5.65,0.03763
200,Line_B,M15,Morning,L066,29.2,50.38,50.31,28.36,45.07,5.133,1.121,48.09,424.7,398.38,26.32,213,210,3,139.25,1.77,0.01408
201,Line_C,M05,Evening,L086,16.9,50.19,48.26,30.35,54.52,4.923,0.742,26.51,424.68,420.08,4.59,337,312,25,1148.72,13.79,0.07418
202,Line_D,M13,Morning,L079,30.3,47.11,50.64,26.44,54.44,5.483,0.85,79.02,424.79,395.74,29.05,297,283,14,601.55,6.45,0.04714
203,Line_B,M05,Morning,L055,14.2,34.49,37.33,28.78,46.64,5.53,1.069,21.62,422.09,408.58,13.5,377,364,13,521.83,5.25,0.03448
204,Line_A,M13,Night,L008,34.4,42.79,41.52,35.65,50.83,5.877,1.033,48.04,427.12,399.45,27.67,390,354,36,1663.64,23.99,0.09231
205,Line_A,M03,Morning,L035,10.6,45.28,44.17,24.41,54.89,5.22,0.761,29.09,400.78,396.88,3.9,271,267,4,144.5,1.98,0.01476
206,Line_A,M12,Evening,L105,8.4,48.29,49.12,28.77,63.44,5.385,0.846,38.84,416.21,403.5,12.71,378,372,6,283.98,2.53,0.01587
207,Line_A,M12,Evening,L117,32.9,51.1,53.39,30.4,69.23,5.43,0.915,83.17,417.41,406.82,10.59,344,337,7,280.6,4.92,0.02035
208,Line_C,M12,Evening,L020,17.7,50.67,51.61,32.94,48.37,5.084,0.981,89.81,416.99,402.75,14.24,266,253,13,440.26,6.92,0.04887
209,Line_A,M01,Night,L007,14.0,40.19,40.85,28.63,42.57,4.47,0.855,23.69,431.7,421.48,10.21,349,333,16,701.97,9.97,0.04585
210,Line_B,M03,Night,L027,17.4,49.48,51.49,30.28,54.18,5.401,0.872,9.33,435.46,431.98,3.48,210,202,8,320.6,4.7,0.0381
211,Line_C,M14,Morning,L029,33.3,52.18,52.69,31.79,47.24,4.28,1.035,45.71,421.38,380.88,40.5,345,329,16,642.64,9.75,0.04638
212,Line_C,M06,Evening,L036,20.8,40.6,39.56,27.51,47.07,4.939,1.226,55.87,419.27,394.0,25.27,406,384,22,1108.15,15.0,0.05419
213,Line_A,M13,Morning,L053,32.1,48.84,53.4,31.38,55.06,3.661,0.905,26.3,443.62,408.86,34.76,308,293,15,688.02,13.33,0.0487
214,Line_D,M14,Night,L092,22.3,49.07,48.28,33.15,42.85,5.486,0.844,77.13,433.93,419.77,14.16,407,390,17,772.41,12.01,0.04177
215,Line_C,M12,Morning,L098,4.4,46.29,47.54,26.73,62.66,5.356,1.403,24.19,412.52,407.49,5.04,340,319,21,819.86,7.48,0.06176
216,Line_C,M03,Night,L065,9.4,50.78,50.21,27.84,43.98,5.198,0.703,50.21,391.64,387.31,4.33,213,202,11,538.7,5.8,0.05164
217,Line_A,M06,Night,L032,11.0,47.78,52.84,27.8,65.44,5.461,0.58,18.77,411.1,404.47,6.64,332,322,10,440.05,5.56,0.03012
218,Line_A,M02,Night,L021,31.9,52.96,54.66,24.19,43.18,5.245,0.545,40.69,428.75,423.87,4.88,264,255,9,342.17,3.97,0.03409
219,Line_D,M01,Evening,L038,16.5,53.89,55.26,30.23,46.21,4.341,0.696,11.87,400.22,393.12,7.1,236,227,9,358.68,6.13,0.03814
220,Line_B,M14,Evening,L100,25.1,49.82,52.65,23.52,54.74,5.568,1.041,31.33,416.32,387.75,28.58,372,361,11,391.71,6.25,0.02957
221,Line_B,M08,Evening,L081,32.0,43.75,45.33,34.14,42.77,5.027,1.122,33.62,429.53,395.44,34.09,368,360,8,369.81,3.88,0.02174
222,Line_B,M13,Morning,L071,19.1,49.31,56.37,17.7,35.09,5.277,0.938,10.61,429.01,377.59,51.42,378,367,11,458.84,4.63,0.0291
223,Line_C,M03,Morning,L018,17.3,47.0,52.59,21.97,35.7,4.837,0.675,10.79,429.92,415.53,14.39,305,295,10,410.73,3.66,0.03279
224,Line_D,M03,Night,L004,19.5,44.89,43.97,30.85,57.39,5.312,0.727,29.59,423.99,419.55,4.44,418,403,15,693.95,5.81,0.03589
225,Line_B,M10,Evening,L118,23.5,50.61,48.7,30.98,54.18,5.421,0.85,10.84,435.87,428.32,7.55,395,383,12,591.05,6.39,0.03038
226,Line_D,M09,Night,L020,34.0,44.46,49.89,31.01,53.67,4.908,1.425,46.14,446.74,421.88,24.86,185,171,14,519.26,6.13,0.07568
227,Line_A,M07,Morning,L071,18.3,49.91,55.82,24.88,55.84,4.928,0.668,37.31,436.23,424.11,12.12,235,233,2,84.01,1.4,0.00851
228,Line_C,M01,Morning,L104,11.7,46.45,45.9,34.24,36.31,5.487,0.762,9.08,449.5,428.27,21.23,311,301,10,515.02,5.56,0.03215
229,Line_C,M05,Evening,L095,39.8,54.66,55.62,32.66,52.16,5.383,0.872,94.47,386.67,377.33,9.33,360,336,24,906.62,12.24,0.06667
230,Line_A,M03,Morning,L109,22.2,51.85,50.8,36.25,45.03,4.699,1.005,17.6,430.24,406.39,23.85,226,216,10,436.63,4.93,0.04425
231,Line_A,M03,Night,L088,10.1,39.5,42.22,29.86,45.24,5.923,0.947,19.24,433.64,420.03,13.61,209,204,5,253.11,2.97,0.02392
232,Line_B,M05,Morning,L071,27.8,45.26,48.93,37.16,46.61,4.604,0.586,41.7,395.85,382.36,13.48,276,263,13,570.88,6.66,0.0471
233,Line_D,M11,Evening,L096,9.4,51.54,52.88,20.32,54.23,5.181,0.693,7.13,448.27,417.57,30.7,389,377,12,401.08,8.44,0.03085
234,Line_C,M12,Morning,L110,25.0,43.77,50.88,26.73,59.96,4.863,0.628,61.79,428.01,420.26,7.74,349,332,17,674.88,8.58,0.04871
235,Line_D,M13,Evening,L028,28.7,47.23,45.97,29.49,56.3,5.274,0.869,17.8,402.29,387.93,14.36,415,398,17,666.87,7.78,0.04096
236,Line_D,M05,Evening,L028,6.0,51.95,55.37,25.21,55.48,4.923,0.833,6.89,419.46,413.56,5.9,385,373,12,483.52,8.78,0.03117
237,Line_B,M09,Evening,L059,22.7,47.31,49.64,35.56,50.02,5.997,0.862,61.45,448.21,422.41,25.81,321,303,18,728.13,12.75,0.05607
238,Line_D,M13,Night,L080,24.8,51.21,55.85,33.82,46.96,4.97,0.769,64.45,417.15,404.19,12.96,294,278,16,750.57,5.72,0.05442
239,Line_A,M08,Evening,L032,17.1,52.83,55.96,42.12,46.47,5.857,0.657,34.1,450.49,444.09,6.41,217,204,13,553.47,6.12,0.05991
240,Line_A,M01,Evening,L111,28.4,50.5,52.13,32.89,48.7,5.038,0.817,70.88,416.03,396.73,19.29,304,299,5,238.69,2.09,0.01645
241,Line_D,M08,Evening,L023,17.3,49.21,51.22,28.83,32.86,5.539,1.265,80.18,406.44,402.15,4.29,213,203,10,394.91,4.18,0.04695
242,Line_D,M01,Night,L110,14.5,38.65,40.04,29.85,55.63,5.371,0.85,44.52,420.79,417.66,3.13,409,400,9,379.48,5.22,0.022
243,Line_A,M07,Night,L117,22.2,46.55,43.84,29.17,50.91,4.692,0.923,19.23,430.6,425.96,4.64,359,345,14,565.4,8.88,0.039
244,Line_C,M05,Morning,L091,35.7,47.51,44.2,35.19,49.86,5.107,0.9,37.42,420.94,416.03,4.91,296,284,12,483.42,6.38,0.04054
245,Line_C,M15,Night,L044,35.4,51.43,49.29,31.77,47.37,5.275,0.723,7.45,374.18,361.04,13.14,315,292,23,1008.43,13.11,0.07302
246,Line_D,M12,Morning,L059,19.8,54.01,54.39,36.91,37.84,5.133,0.744,22.12,421.44,414.24,7.2,228,222,6,260.86,3.22,0.02632
247,Line_C,M11,Morning,L080,46.6,44.97,45.46,30.14,57.2,4.641,0.699,51.86,390.62,389.34,1.28,382,366,16,652.47,10.02,0.04188
248,Line_B,M16,Night,L074,22.5,48.34,50.69,34.85,64.11,5.577,1.194,31.29,393.1,389.07,4.02,395,378,17,750.42,7.13,0.04304
249,Line_B,M16,Evening,L010,47.4,48.09,47.78,27.55,42.91,4.731,0.832,36.71,444.17,439.98,4.19,346,338,8,306.57,4.0,0.02312
250,Line_B,M06,Night,L012,43.2,55.3,55.97,30.64,50.17,5.323,0.446,99.38,422.41,403.63,18.77,391,370,21,844.88,13.52,0.05371
251,Line_C,M09,Evening,L022,16.0,57.55,59.9,30.96,52.31,4.965,0.951,33.89,461.51,445.42,16.09,298,278,20,902.04,10.24,0.06711
252,Line_D,M09,Morning,L043,26.3,45.81,49.79,34.0,41.86,5.765,0.885,161.07,423.16,407.01,16.15,212,199,13,629.83,8.76,0.06132
253,Line_B,M01,Evening,L070,41.4,44.04,44.5,35.34,46.55,5.659,0.975,59.65,409.81,405.21,4.61,323,314,9,472.27,4.55,0.02786
254,Line_A,M01,Evening,L059,9.8,39.88,37.67,25.07,47.75,5.179,0.713,57.9,422.15,420.31,1.84,327,322,5,152.48,2.15,0.01529
255,Line_A,M06,Morning,L036,24.1,45.5,45.11,31.06,50.88,5.167,1.088,64.39,424.46,412.49,11.97,381,376,5,225.54,3.14,0.01312
256,Line_C,M01,Evening,L027,31.5,48.48,47.36,36.57,35.08,5.423,0.927,46.24,438.14,425.96,12.18,419,398,21,761.77,12.01,0.05012
257,Line_D,M12,Evening,L109,27.7,46.17,45.1,28.15,42.01,5.044,1.024,25.95,402.23,388.76,13.48,260,253,7,292.97,3.34,0.02692
258,Line_A,M01,Morning,L032,44.5,53.81,53.02,36.36,65.0,5.505,1.641,10.63,414.54,409.32,5.22,380,370,10,398.04,5.71,0.02632
259,Line_A,M04,Night,L020,11.6,49.73,48.2,37.93,53.05,4.099,0.632,38.94,426.83,414.81,12.02,385,346,39,1855.04,25.42,0.1013
260,Line_C,M02,Evening,L062,44.8,43.99,44.07,29.76,42.37,5.417,1.224,26.95,408.49,405.73,2.76,194,178,16,693.65,10.69,0.08247
261,Line_A,M08,Morning,L061,20.1,54.65,53.44,35.0,51.77,5.082,1.18,54.04,421.83,405.19,16.64,412,400,12,456.59,6.88,0.02913
262,Line_D,M14,Evening,L083,26.6,45.19,40.36,35.8,60.63,5.186,0.724,31.97,427.69,415.42,12.27,346,336,10,489.77,3.97,0.0289
263,Line_B,M01,Morning,L049,13.8,48.19,50.23,24.9,54.73,5.086,0.927,56.16,398.48,393.17,5.31,240,237,3,154.46,1.63,0.0125
264,Line_A,M11,Night,L087,34.6,49.75,53.22,28.88,45.96,5.491,0.336,8.05,470.0,443.29,26.71,350,339,11,512.96,7.29,0.03143
265,Line_D,M09,Evening,L065,7.6,46.96,51.33,26.72,47.99,5.342,1.352,26.79,406.69,383.81,22.88,232,218,14,426.99,9.09,0.06034
266,Line_A,M15,Morning,L090,19.2,50.03,55.27,36.96,37.07,5.54,1.212,30.62,427.56,427.25,0.31,354,336,18,793.23,6.86,0.05085
267,Line_B,M10,Evening,L084,16.4,46.95,48.13,30.81,54.62,5.208,0.707,67.55,417.84,406.68,11.16,247,239,8,392.99,2.91,0.03239
268,Line_A,M14,Morning,L061,25.0,54.01,55.05,34.37,46.05,6.318,0.764,6.69,468.36,466.63,1.73,198,196,2,81.14,0.87,0.0101
269,Line_A,M12,Night,L039,22.9,45.12,48.58,27.56,46.35,5.117,1.1,43.63,423.52,420.67,2.86,390,376,14,647.7,6.67,0.0359
270,Line_A,M13,Morning,L047,24.2,45.58,44.19,30.82,56.23,5.337,0.735,31.06,440.46,423.0,17.46,209,202,7,258.72,4.44,0.03349
271,Line_A,M08,Morning,L095,31.6,44.4,44.86,31.01,57.75,4.91,0.626,73.68,410.37,401.46,8.91,218,217,1,35.57,0.52,0.00459
272,Line_A,M06,Night,L078,14.5,51.99,51.06,33.52,52.86,5.234,1.029,47.44,420.21,413.11,7.1,324,313,11,513.66,4.27,0.03395
273,Line_A,M09,Night,L118,26.6,49.37,53.14,32.19,62.3,5.193,0.969,16.5,390.5,357.71,32.79,387,372,15,695.66,10.92,0.03876
274,Line_C,M03,Morning,L100,37.5,48.84,45.02,32.51,45.4,5.029,1.024,26.92,421.92,419.62,2.3,412,394,18,805.81,12.96,0.04369
275,Line_C,M12,Evening,L041,33.2,49.46,47.67,33.64,49.1,5.792,0.951,131.96,402.13,384.39,17.74,304,281,23,1152.55,10.05,0.07566
276,Line_B,M02,Night,L070,20.1,48.42,46.25,24.01,51.24,5.103,0.784,13.02,406.57,404.44,2.13,250,240,10,495.73,6.6,0.04
277,Line_B,M15,Morning,L013,19.9,45.37,42.91,30.18,37.23,5.414,1.007,10.46,422.86,416.2,6.65,293,285,8,333.44,4.78,0.0273
278,Line_B,M01,Night,L057,37.3,47.45,48.94,34.26,44.81,5.242,0.496,45.11,423.65,420.5,3.15,328,314,14,541.64,5.29,0.04268
279,Line_D,M02,Evening,L009,23.4,39.87,38.96,33.69,56.23,5.226,0.558,14.39,417.85,409.76,8.1,370,359,11,598.78,4.61,0.02973
280,Line_D,M03,Night,L028,37.8,47.32,47.56,27.16,54.04,4.26,0.841,57.83,427.72,425.85,1.87,373,351,22,758.07,11.79,0.05898
281,Line_A,M03,Evening,L076,24.2,55.21,54.46,35.75,45.13,5.585,0.947,29.01,434.87,417.98,16.89,280,274,6,228.36,3.9,0.02143
282,Line_A,M01,Night,L074,15.2,43.13,43.23,30.69,40.95,5.665,1.191,30.23,410.32,396.21,14.11,352,335,17,793.27,7.89,0.0483
283,Line_A,M16,Morning,L016,10.2,46.92,50.19,32.38,45.18,5.01,0.889,39.92,445.56,437.62,7.95,304,302,2,71.29,0.91,0.00658
284,Line_A,M12,Night,L037,34.9,56.13,56.25,32.13,50.08,4.975,0.817,43.28,428.63,423.33,5.31,208,203,5,199.83,2.9,0.02404
285,Line_C,M05,Evening,L118,7.7,44.8,50.13,28.65,38.24,4.905,1.223,37.11,437.76,418.53,19.23,272,258,14,664.73,11.63,0.05147
286,Line_B,M07,Morning,L032,15.3,46.68,46.92,36.99,58.04,5.258,1.028,2.62,399.53,392.96,6.57,419,403,16,590.34,4.84,0.03819
287,Line_A,M04,Night,L058,43.8,37.45,37.97,28.08,46.58,6.092,1.077,31.43,405.94,384.09,21.85,189,176,13,545.49,8.87,0.06878
288,Line_B,M09,Morning,L100,11.8,38.73,43.92,33.48,60.55,5.924,1.15,48.0,404.29,378.58,25.71,314,297,17,574.67,8.79,0.05414
289,Line_C,M07,Morning,L037,14.3,41.25,43.53,34.07,60.76,4.415,0.664,38.15,429.19,427.97,1.22,224,213,11,515.83,5.18,0.04911
290,Line_A,M08,Evening,L119,29.8,47.79,49.91,30.36,41.39,4.487,1.039,40.93,445.2,441.56,3.64,225,216,9,360.38,5.31,0.04
291,Line_D,M07,Night,L033,24.5,44.76,43.78,30.11,72.31,5.331,0.778,48.6,451.45,447.71,3.74,346,323,23,857.98,15.44,0.06647
292,Line_A,M05,Evening,L039,19.6,47.86,47.84,32.41,58.45,4.612,0.631,13.13,418.49,410.31,8.18,315,304,11,400.72,7.09,0.03492
293,Line_D,M09,Morning,L101,29.2,52.31,49.2,33.12,42.57,4.538,0.869,25.93,409.69,397.29,12.39,306,286,20,772.09,11.01,0.06536
294,Line_A,M02,Morning,L091,22.4,44.89,45.83,28.95,60.43,5.411,0.679,25.83,414.91,409.37,5.54,358,353,5,150.0,2.95,0.01397
295,Line_D,M09,Morning,L096,5.4,54.39,57.22,28.06,45.61,5.437,1.212,70.29,415.15,406.69,8.46,331,308,23,890.13,9.62,0.06949
296,Line_D,M09,Evening,L016,15.8,49.06,48.3,29.57,34.13,4.43,1.0,31.5,427.09,403.58,23.52,305,277,28,864.14,17.08,0.0918
297,Line_D,M02,Morning,L117,13.5,55.9,57.18,28.56,44.49,5.417,0.714,20.92,431.96,421.53,10.43,269,259,10,513.88,6.11,0.03717
298,Line_D,M14,Night,L018,24.9,56.75,54.18,28.11,48.45,5.104,0.769,152.58,409.71,400.81,8.9,344,319,25,1160.59,10.66,0.07267
299,Line_C,M16,Night,L091,19.9,52.36,49.97,32.25,50.26,5.338,0.956,29.81,403.2,397.1,6.11,227,213,14,556.33,9.29,0.06167
300,Line_C,M12,Night,L089,39.1,45.11,47.76,31.56,55.3,5.7,0.875,16.23,406.93,385.58,21.35,396,382,14,626.65,8.72,0.03535
301,Line_C,M16,Evening,L014,7.9,52.38,54.61,30.72,69.63,5.98,0.734,64.85,445.11,433.84,11.27,329,303,26,1230.5,13.76,0.07903
302,Line_A,M15,Evening,L019,38.5,43.42,40.04,24.51,49.18,5.964,0.654,40.75,423.06,416.7,6.36,244,243,1,40.29,0.43,0.0041
303,Line_C,M12,Evening,L064,13.3,56.87,55.1,33.07,59.0,5.053,1.181,86.07,426.28,421.21,5.08,380,347,33,1241.62,18.85,0.08684
304,Line_B,M06,Evening,L118,54.6,48.42,47.96,27.18,46.82,4.456,1.402,15.89,405.41,379.53,25.88,274,259,15,636.66,8.47,0.05474
305,Line_D,M04,Night,L014,31.9,58.93,61.11,27.22,52.02,4.853,0.765,76.82,417.74,396.93,20.81,248,234,14,675.58,10.04,0.05645
306,Line_B,M14,Night,L040,22.6,44.41,40.0,30.65,56.25,5.033,0.39,35.67,424.85,416.98,7.87,385,365,20,894.79,8.89,0.05195
307,Line_B,M08,Morning,L043,19.0,49.49,50.46,31.95,62.02,5.4,1.501,11.08,412.6,407.71,4.88,310,291,19,904.83,12.11,0.06129
308,Line_C,M12,Morning,L114,31.2,48.09,55.7,26.53,35.97,5.608,1.112,2.88,424.67,421.07,3.6,403,392,11,423.3,4.37,0.0273
309,Line_A,M15,Evening,L117,33.2,51.89,55.94,33.46,48.28,4.917,0.668,33.65,418.4,412.96,5.44,395,389,6,275.55,4.73,0.01519
310,Line_A,M16,Morning,L085,28.2,42.88,43.06,27.97,63.85,5.103,1.213,14.7,421.94,408.21,13.73,245,239,6,242.31,4.38,0.02449
311,Line_B,M11,Evening,L058,8.1,42.86,43.99,27.71,49.66,5.192,0.97,17.49,409.53,401.69,7.85,385,367,18,764.06,12.49,0.04675
312,Line_B,M05,Night,L046,35.5,45.09,42.52,30.28,53.08,5.204,1.058,23.41,454.51,440.84,13.67,411,386,25,867.31,7.93,0.06083
313,Line_A,M02,Evening,L025,29.4,55.99,51.06,29.96,57.34,5.852,0.676,63.35,452.18,447.81,4.37,322,313,9,343.78,4.81,0.02795
314,Line_B,M13,Morning,L097,9.9,49.83,52.68,27.19,75.8,4.997,1.129,59.08,422.23,387.59,34.64,324,304,20,674.63,13.55,0.06173
315,Line_B,M01,Night,L076,36.2,44.61,44.77,29.82,55.52,6.742,1.145,97.43,434.1,419.55,14.55,269,254,15,525.21,10.95,0.05576
316,Line_B,M09,Morning,L031,25.2,39.14,41.71,36.7,56.78,4.941,0.395,31.91,385.87,369.35,16.52,342,324,18,724.07,8.11,0.05263
317,Line_B,M05,Evening,L075,38.9,50.53,49.66,35.67,40.99,4.634,1.119,28.29,412.49,408.79,3.7,275,258,17,736.89,10.51,0.06182
318,Line_C,M07,Evening,L095,16.0,48.13,54.0,38.55,45.36,5.333,1.073,77.78,431.07,410.14,20.93,330,308,22,978.01,16.29,0.06667
319,Line_B,M15,Morning,L031,29.5,41.68,44.63,30.1,60.81,4.616,0.322,47.07,406.41,397.94,8.47,203,198,5,216.73,3.32,0.02463
320,Line_D,M08,Night,L037,31.1,49.51,43.46,29.59,57.8,5.029,0.993,30.13,419.97,401.42,18.55,291,279,12,448.43,6.85,0.04124
321,Line_D,M03,Morning,L087,24.8,41.68,41.97,35.17,51.77,4.375,1.065,6.41,386.83,377.44,9.39,297,285,12,525.87,7.18,0.0404
322,Line_B,M07,Night,L007,26.3,49.1,51.8,37.32,42.07,5.293,0.774,29.52,421.13,413.44,7.69,256,247,9,366.9,4.68,0.03516
323,Line_B,M02,Night,L033,19.6,51.96,54.41,26.56,60.34,5.142,0.448,16.66,416.73,412.27,4.46,354,343,11,361.94,6.24,0.03107
324,Line_C,M15,Evening,L063,19.7,43.61,41.48,31.44,40.28,5.316,1.212,50.36,417.94,414.31,3.63,271,252,19,864.58,10.15,0.07011
325,Line_D,M01,Morning,L068,5.6,51.34,49.32,30.8,58.43,5.31,1.024,46.06,414.73,405.53,9.2,351,339,12,515.55,5.58,0.03419
326,Line_C,M16,Morning,L098,14.4,45.41,41.0,28.26,49.44,4.687,1.064,5.33,416.39,406.72,9.67,230,213,17,680.06,9.58,0.07391
327,Line_D,M04,Night,L095,21.5,39.88,45.42,27.58,46.62,5.042,0.986,50.72,413.74,392.57,21.17,272,255,17,717.55,8.26,0.0625
328,Line_C,M11,Morning,L009,26.9,47.25,47.2,32.83,52.02,5.795,0.719,9.66,416.15,405.79,10.36,249,243,6,262.34,3.64,0.0241
329,Line_C,M15,Night,L015,24.3,50.09,51.52,36.38,61.47,4.731,0.284,107.03,410.52,406.45,4.07,274,255,19,678.84,8.6,0.06934
330,Line_B,M04,Evening,L101,32.3,43.72,46.27,31.1,68.94,5.767,0.927,24.04,380.13,361.28,18.85,308,287,21,889.61,10.08,0.06818
331,Line_C,M15,Night,L074,13.0,42.92,44.28,25.94,46.61,5.322,0.765,44.96,411.95,401.04,10.92,367,344,23,800.38,14.33,0.06267
332,Line_A,M07,Night,L024,70.8,49.65,45.88,35.98,47.56,6.023,0.673,19.99,426.83,420.36,6.48,415,406,9,340.85,5.79,0.02169
333,Line_C,M09,Night,L093,18.6,48.61,52.02,33.39,53.89,5.993,0.293,24.76,449.91,441.05,8.86,297,275,22,757.76,13.37,0.07407
334,Line_D,M06,Morning,L104,21.0,44.37,45.97,31.27,37.69,4.753,1.202,76.5,395.74,378.57,17.17,334,323,11,421.83,5.9,0.03293
335,Line_A,M16,Night,L072,42.4,56.3,53.05,36.2,44.94,4.631,1.202,44.74,398.96,396.36,2.61,361,336,25,1010.85,10.3,0.06925
336,Line_C,M11,Evening,L092,28.4,49.85,46.19,30.13,52.25,5.172,0.959,15.77,434.0,425.87,8.12,226,209,17,661.18,10.22,0.07522
337,Line_A,M06,Evening,L109,24.6,45.74,45.54,27.67,49.71,5.066,0.947,23.63,422.65,415.49,7.16,262,256,6,198.0,2.85,0.0229
338,Line_C,M02,Night,L047,15.9,63.19,63.59,32.38,36.01,5.612,0.673,53.96,428.17,420.98,7.19,362,340,22,896.29,10.04,0.06077
339,Line_A,M15,Evening,L011,36.5,49.23,50.46,31.24,53.2,4.492,0.599,44.3,405.74,392.88,12.86,214,206,8,351.4,5.08,0.03738
340,Line_D,M11,Evening,L056,31.7,53.97,57.21,31.92,59.99,4.625,1.043,36.22,433.92,431.64,2.28,359,341,18,777.5,7.51,0.05014
341,Line_A,M03,Evening,L009,34.7,49.11,52.97,25.19,45.61,5.131,0.761,2.6,418.02,416.4,1.62,388,381,7,228.23,3.42,0.01804
342,Line_D,M08,Night,L066,16.4,45.31,45.59,26.64,82.29,6.008,0.621,75.62,395.43,390.04,5.39,292,251,41,1780.02,21.53,0.14041
343,Line_D,M05,Night,L072,38.8,46.53,50.11,27.95,52.45,6.378,1.013,15.61,428.31,403.08,25.24,243,232,11,548.58,4.27,0.04527
344,Line_C,M05,Evening,L052,16.7,45.16,46.28,28.25,60.64,5.188,0.939,9.11,424.95,417.74,7.21,380,360,20,907.5,11.59,0.05263
345,Line_D,M08,Morning,L015,20.8,53.93,55.47,30.89,62.96,4.925,1.008,45.69,430.03,428.33,1.7,294,290,4,159.63,2.4,0.01361
346,Line_D,M02,Evening,L085,18.7,46.29,46.19,37.74,51.46,5.058,0.802,22.74,423.52,413.45,10.07,306,298,8,341.97,5.12,0.02614
347,Line_D,M04,Night,L073,32.3,50.38,50.43,31.07,47.59,4.627,1.208,11.37,396.53,389.6,6.93,341,310,31,1273.27,18.67,0.09091
348,Line_A,M01,Morning,L111,16.1,48.09,52.35,31.55,67.35,5.7,0.909,31.52,429.74,416.5,13.23,193,187,6,228.35,4.33,0.03109
349,Line_C,M16,Night,L017,28.2,47.0,49.35,40.34,62.25,5.08,0.923,22.05,421.48,398.5,22.99,410,362,48,1578.61,37.51,0.11707
350,Line_A,M15,Night,L105,24.6,48.27,50.41,23.55,58.54,5.188,1.317,37.8,415.84,391.38,24.46,318,299,19,969.32,12.11,0.05975
351,Line_C,M03,Evening,L102,36.5,47.22,51.44,40.75,46.32,4.803,0.976,47.22,410.78,410.25,0.53,236,228,8,388.88,5.25,0.0339
352,Line_A,M10,Night,L037,18.0,51.23,55.56,28.77,38.03,4.773,0.77,21.66,409.8,382.54,27.26,225,217,8,336.47,4.66,0.03556
353,Line_C,M04,Night,L036,7.1,43.65,45.87,29.54,61.17,4.154,0.687,59.51,422.45,392.49,29.96,394,355,39,1693.42,11.17,0.09898
354,Line_C,M09,Night,L085,22.1,50.79,44.28,36.84,36.82,4.704,0.754,26.24,411.24,386.99,24.24,409,379,30,1199.54,10.01,0.07335
355,Line_B,M08,Evening,L061,34.7,44.3,47.82,32.64,54.75,5.657,0.619,28.85,428.07,427.06,1.01,185,177,8,304.17,5.46,0.04324
356,Line_C,M01,Night,L069,32.0,43.96,43.14,23.5,47.49,5.436,0.965,29.39,446.25,434.39,11.86,233,217,16,731.74,8.84,0.06867
357,Line_C,M13,Morning,L016,19.8,47.24,49.68,34.95,73.9,6.334,0.59,27.93,406.33,371.12,35.2,255,229,26,1102.75,10.53,0.10196
358,Line_D,M13,Evening,L116,19.0,48.25,50.14,22.92,58.04,5.656,0.795,15.13,411.0,401.2,9.8,346,327,19,821.8,9.85,0.05491
359,Line_B,M01,Morning,L077,10.0,46.6,48.37,32.73,56.62,5.562,1.156,30.1,406.34,399.3,7.04,236,225,11,450.95,5.71,0.04661
360,Line_C,M04,Evening,L113,14.4,45.93,48.84,34.27,55.19,4.736,0.917,15.05,439.23,419.38,19.86,191,179,12,474.98,4.84,0.06283
361,Line_D,M02,Morning,L120,26.3,58.38,60.52,29.02,44.18,5.634,0.843,29.05,422.24,418.5,3.75,323,318,5,237.05,1.77,0.01548
362,Line_A,M07,Night,L059,12.6,47.93,46.64,35.65,50.75,4.826,0.983,22.42,450.48,443.79,6.68,408,393,15,585.81,8.73,0.03676
363,Line_A,M08,Morning,L083,16.8,49.32,54.33,27.97,57.12,5.298,0.599,19.49,376.49,354.16,22.33,382,380,2,72.21,1.1,0.00524
364,Line_A,M11,Evening,L006,24.7,53.98,53.88,35.55,46.4,5.343,0.987,51.76,423.19,415.39,7.8,192,182,10,477.95,6.32,0.05208
365,Line_C,M11,Night,L083,31.1,39.98,40.78,30.94,52.25,5.333,0.864,32.91,392.32,372.6,19.72,225,212,13,733.99,7.71,0.05778
366,Line_B,M03,Evening,L047,16.7,47.17,50.91,33.51,52.91,5.961,1.006,65.39,428.55,412.93,15.62,387,375,12,572.16,7.85,0.03101
367,Line_C,M08,Morning,L043,15.7,46.08,43.47,35.59,62.31,4.83,1.083,32.59,405.59,382.77,22.82,255,244,11,439.58,7.02,0.04314
368,Line_C,M13,Evening,L001,28.2,51.75,55.67,31.03,43.45,5.629,0.614,19.11,409.58,404.3,5.28,307,288,19,814.15,15.21,0.06189
369,Line_B,M15,Night,L013,23.1,48.98,45.87,28.36,80.79,4.751,0.503,49.27,444.7,431.9,12.8,197,180,17,651.76,11.4,0.08629
370,Line_D,M14,Night,L103,8.7,48.65,51.56,30.98,52.54,4.509,0.784,54.18,415.31,406.83,8.48,348,312,36,1192.35,17.71,0.10345
371,Line_C,M05,Evening,L016,11.3,48.45,47.57,37.1,63.01,5.88,1.211,25.39,423.97,412.51,11.46,225,212,13,546.81,9.07,0.05778
372,Line_A,M09,Evening,L051,9.3,41.11,41.11,33.36,48.7,5.235,1.175,20.96,442.34,412.1,30.24,395,377,18,962.77,10.49,0.04557
373,Line_B,M03,Evening,L062,17.1,50.02,49.87,34.08,39.97,5.405,1.059,2.52,396.56,366.68,29.88,289,284,5,207.31,2.25,0.0173
374,Line_B,M06,Evening,L055,13.3,45.19,44.23,28.93,41.63,4.717,0.743,28.69,408.32,393.81,14.51,213,200,13,596.35,9.25,0.06103
375,Line_A,M05,Evening,L095,45.0,48.37,48.92,31.91,48.32,5.003,0.844,29.47,416.8,396.09,20.71,349,347,2,100.42,1.12,0.00573
376,Line_A,M05,Evening,L018,24.7,47.99,42.62,30.81,56.23,4.778,0.985,53.89,405.58,401.33,4.25,190,187,3,130.01,1.78,0.01579
377,Line_D,M15,Night,L071,34.0,55.74,54.42,30.03,60.21,4.914,0.778,111.81,380.61,360.62,19.99,318,289,29,873.68,13.67,0.09119
378,Line_B,M12,Night,L094,9.4,52.09,54.09,29.95,51.27,5.237,0.997,39.18,414.41,409.4,5.01,297,282,15,551.01,4.78,0.05051
379,Line_B,M14,Night,L116,17.8,44.39,45.74,29.93,36.55,4.703,1.194,11.19,406.85,394.94,11.91,321,300,21,936.49,12.88,0.06542
380,Line_C,M06,Morning,L074,11.0,53.37,57.9,33.23,52.33,5.404,0.94,33.8,444.98,428.16,16.82,417,404,13,495.23,7.55,0.03118
381,Line_C,M07,Morning,L003,18.7,48.26,50.19,33.35,67.49,5.471,0.969,12.85,420.81,415.34,5.47,244,236,8,281.79,5.69,0.03279
382,Line_D,M13,Night,L058,36.8,52.54,54.94,31.2,49.02,4.945,0.565,6.49,432.04,405.07,26.98,359,337,22,778.84,14.81,0.06128
383,Line_D,M01,Morning,L044,26.4,57.1,56.93,25.22,60.91,5.769,0.561,43.93,432.74,427.31,5.43,290,284,6,250.62,3.83,0.02069
384,Line_B,M12,Evening,L108,22.1,55.52,57.63,30.15,53.74,5.256,0.572,43.89,434.18,430.37,3.81,254,248,6,223.66,2.72,0.02362
385,Line_B,M11,Morning,L084,18.7,45.86,46.08,42.4,63.61,5.249,0.756,20.0,447.48,434.05,13.43,299,286,13,610.14,6.81,0.04348
386,Line_D,M06,Morning,L007,20.5,51.04,51.03,37.11,38.08,4.665,0.888,37.16,418.74,413.66,5.08,188,179,9,270.0,2.97,0.04787
387,Line_C,M16,Evening,L010,15.3,44.98,42.22,31.94,53.23,6.089,0.757,19.51,426.68,423.42,3.26,237,224,13,460.77,6.93,0.05485
388,Line_D,M04,Morning,L050,31.2,37.6,41.51,34.29,46.3,5.428,0.631,33.79,395.76,384.58,11.18,408,387,21,743.61,9.26,0.05147
389,Line_A,M06,Evening,L016,29.9,51.61,52.01,24.99,59.66,5.273,0.9,22.93,405.64,400.45,5.19,227,225,2,81.64,1.01,0.00881
390,Line_D,M06,Evening,L114,33.9,52.43,51.48,37.78,46.87,4.929,0.533,42.42,411.24,401.76,9.47,216,206,10,307.63,5.89,0.0463
391,Line_C,M06,Evening,L024,15.3,45.04,49.81,34.28,56.02,4.442,1.082,36.27,397.26,392.43,4.84,252,236,16,737.12,9.83,0.06349
392,Line_A,M06,Night,L119,5.8,44.54,42.87,27.91,70.92,5.47,1.115,73.07,409.17,402.22,6.96,298,289,9,466.44,4.61,0.0302
393,Line_C,M08,Evening,L115,22.5,43.82,39.53,31.1,46.05,5.243,0.508,27.96,435.26,429.59,5.67,249,233,16,624.01,12.26,0.06426
394,Line_C,M16,Morning,L093,33.9,40.79,35.52,25.67,36.37,5.209,0.594,9.61,400.44,398.32,2.12,219,213,6,247.82,1.95,0.0274
395,Line_A,M08,Evening,L050,23.9,52.26,51.28,38.08,61.92,5.623,0.731,62.4,445.57,444.74,0.84,352,337,15,666.34,6.45,0.04261
396,Line_B,M11,Evening,L005,29.7,51.86,53.76,35.81,53.7,5.129,0.675,51.05,409.33,407.67,1.66,383,367,16,538.24,8.55,0.04178
397,Line_D,M11,Evening,L026,19.3,36.55,39.11,29.54,49.02,5.056,1.079,42.05,425.5,401.75,23.75,183,180,3,147.87,1.95,0.01639
398,Line_B,M11,Morning,L006,25.2,52.4,50.83,25.91,43.31,4.891,0.787,26.95,400.47,399.51,0.96,268,265,3,108.13,1.49,0.01119
399,Line_B,M06,Night,L091,12.8,49.12,52.56,31.83,26.25,4.765,0.569,29.51,423.75,421.78,1.98,313,298,15,674.52,9.55,0.04792
400,Line_B,M05,Morning,L072,19.8,44.11,44.77,34.99,50.63,6.067,1.099,33.28,422.89,403.79,19.11,187,183,4,210.21,2.58,0.02139
401,Line_B,M06,Morning,L028,15.9,47.43,50.0,32.15,70.71,5.602,0.804,27.84,421.19,409.49,11.7,286,276,10,512.87,6.57,0.03497
402,Line_D,M06,Morning,L018,30.5,40.91,41.35,29.65,50.01,4.782,0.926,25.04,413.9,398.79,15.11,269,268,1,43.88,0.43,0.00372
403,Line_D,M14,Evening,L076,37.2,48.36,52.97,23.15,53.56,4.701,1.088,14.87,415.86,407.97,7.89,300,294,6,230.62,3.23,0.02
404,Line_A,M08,Evening,L116,24.6,53.11,52.91,30.74,43.09,5.546,0.832,45.71,424.22,422.02,2.21,366,358,8,346.29,4.7,0.02186
405,Line_D,M15,Night,L024,16.8,48.63,45.62,29.29,73.3,5.494,0.838,32.66,431.76,428.31,3.45,328,314,14,614.29,5.91,0.04268
406,Line_D,M16,Evening,L057,17.1,54.76,55.12,28.92,44.43,4.676,0.951,42.61,428.79,422.26,6.53,308,293,15,495.46,6.07,0.0487
407,Line_B,M11,Morning,L071,19.6,54.02,58.03,24.79,54.59,6.084,0.807,42.3,407.14,402.22,4.92,360,352,8,312.68,4.77,0.02222
408,Line_D,M11,Night,L081,31.1,46.22,50.29,32.5,50.47,5.601,0.388,25.83,410.41,404.62,5.79,406,392,14,526.5,10.61,0.03448
409,Line_A,M02,Morning,L106,6.5,46.49,45.17,37.5,52.69,4.971,0.738,64.09,443.89,439.09,4.8,248,238,10,363.66,4.49,0.04032
410,Line_D,M03,Night,L107,33.6,46.81,49.35,31.05,45.47,5.458,1.178,25.71,422.06,403.72,18.34,388,369,19,857.0,8.49,0.04897
411,Line_C,M12,Morning,L011,30.0,50.01,46.45,32.3,56.68,5.219,1.017,11.73,406.71,395.97,10.75,206,203,3,128.58,1.65,0.01456
412,Line_C,M16,Evening,L086,32.8,47.21,54.49,26.15,42.58,5.759,0.937,49.78,436.06,410.94,25.12,333,320,13,583.19,7.23,0.03904
413,Line_A,M13,Night,L108,18.5,47.37,51.04,30.47,51.56,4.933,0.942,34.85,387.27,375.11,12.16,189,179,10,404.18,7.55,0.05291
414,Line_D,M05,Night,L081,28.2,46.77,44.01,30.2,43.93,5.301,0.773,23.52,449.47,448.15,1.32,284,274,10,488.38,5.43,0.03521
415,Line_A,M11,Morning,L071,7.3,43.88,41.74,30.72,55.34,5.414,0.962,30.4,452.69,445.52,7.16,232,227,5,177.82,1.69,0.02155
416,Line_A,M10,Night,L030,34.5,47.86,50.48,31.55,60.43,5.61,0.769,39.59,405.55,389.7,15.85,262,254,8,431.58,5.74,0.03053
417,Line_A,M01,Morning,L110,20.6,37.13,36.94,28.79,52.86,5.147,0.783,17.23,424.08,418.72,5.36,289,285,4,145.23,2.24,0.01384
418,Line_C,M15,Morning,L029,18.5,41.99,43.55,35.48,46.85,5.954,0.806,20.83,411.68,401.15,10.54,415,398,17,668.42,8.45,0.04096
419,Line_A,M06,Evening,L069,40.5,43.74,45.79,30.62,46.68,5.342,0.779,31.83,424.23,411.97,12.26,281,279,2,73.27,1.2,0.00712
420,Line_D,M10,Night,L035,15.7,53.39,52.83,32.86,32.63,5.14,1.033,42.32,415.93,406.73,9.2,288,277,11,504.47,4.4,0.03819
421,Line_C,M06,Evening,L089,27.2,54.2,56.52,29.73,42.56,5.107,0.648,4.63,423.44,421.97,1.47,260,249,11,537.08,3.8,0.04231
422,Line_A,M15,Morning,L033,15.0,46.29,45.05,32.85,55.68,5.628,1.126,87.05,400.22,395.91,4.31,216,213,3,133.54,1.01,0.01389
423,Line_A,M08,Evening,L104,21.6,58.0,57.85,26.28,57.49,5.062,1.036,36.03,410.09,406.55,3.54,419,413,6,196.57,3.18,0.01432
424,Line_A,M14,Night,L001,11.7,44.47,45.59,25.95,63.54,5.655,1.013,4.3,392.69,368.37,24.33,294,284,10,412.39,4.39,0.03401
425,Line_C,M16,Evening,L035,43.1,50.65,59.52,18.58,63.12,5.844,1.425,59.51,437.5,425.73,11.77,221,209,12,482.69,5.72,0.0543
426,Line_D,M01,Morning,L081,19.2,49.16,50.96,28.79,50.52,4.789,0.388,72.94,419.03,407.2,11.83,377,366,11,476.42,4.95,0.02918
427,Line_A,M07,Night,L072,17.4,53.02,48.88,31.47,46.56,5.401,0.387,55.18,425.11,424.3,0.81,376,353,23,970.11,13.75,0.06117
428,Line_D,M11,Night,L087,15.2,49.55,51.95,27.98,49.5,5.355,0.766,41.66,420.43,402.9,17.54,239,226,13,511.99,7.93,0.05439
429,Line_A,M14,Evening,L042,19.6,45.75,49.9,30.15,57.06,4.969,1.078,108.39,413.55,393.72,19.83,361,347,14,544.5,9.68,0.03878
430,Line_D,M12,Night,L055,13.7,49.57,51.49,31.44,53.05,4.587,0.847,42.39,422.09,415.45,6.64,309,295,14,552.68,6.75,0.04531
431,Line_D,M11,Morning,L059,29.1,45.21,46.77,29.7,38.38,5.821,0.87,54.24,424.6,410.89,13.71,347,334,13,474.96,4.38,0.03746
432,Line_C,M06,Morning,L020,10.5,47.37,48.73,30.76,46.84,5.632,0.969,36.38,425.63,421.03,4.6,181,176,5,173.14,2.21,0.02762
433,Line_C,M03,Evening,L112,26.8,54.99,54.84,29.71,49.4,5.605,0.803,26.77,418.73,412.52,6.21,381,360,21,944.31,12.98,0.05512
434,Line_D,M15,Night,L048,33.2,43.91,47.59,29.42,54.31,4.979,0.688,71.28,469.93,459.75,10.18,267,258,9,392.05,5.11,0.03371
435,Line_A,M01,Night,L067,23.1,42.84,46.15,26.94,48.76,5.144,0.542,10.47,428.0,406.96,21.04,264,253,11,466.3,6.02,0.04167
436,Line_A,M13,Night,L035,27.6,50.24,46.93,27.57,58.15,4.123,0.903,12.43,404.18,391.85,12.33,399,370,29,1142.89,16.57,0.07268
437,Line_A,M01,Night,L070,16.1,43.78,45.0,37.68,52.45,5.072,0.895,39.45,414.53,399.88,14.65,324,307,17,628.69,11.43,0.05247
438,Line_B,M06,Night,L055,35.6,42.46,42.62,38.98,47.38,5.293,0.743,47.83,384.36,384.16,0.19,190,179,11,442.24,5.73,0.05789
439,Line_C,M14,Night,L111,14.2,49.88,54.29,33.08,50.17,5.66,1.068,23.21,413.74,399.88,13.86,393,371,22,1013.4,9.19,0.05598
440,Line_C,M04,Morning,L065,31.1,44.89,45.44,25.32,62.45,4.735,1.178,62.6,434.07,406.71,27.36,411,385,26,1058.64,12.07,0.06326
441,Line_D,M05,Night,L017,42.6,48.2,48.32,29.71,53.15,5.32,1.111,33.69,399.45,390.91,8.54,289,269,20,978.52,12.86,0.0692
442,Line_A,M04,Morning,L104,35.1,48.44,45.37,33.49,50.89,5.325,0.863,6.01,437.2,413.61,23.58,255,247,8,373.28,4.36,0.03137
443,Line_C,M11,Evening,L029,25.1,49.77,55.06,30.07,50.25,5.374,0.694,10.14,435.58,426.38,9.2,333,324,9,385.78,5.13,0.02703
444,Line_A,M04,Evening,L086,22.9,47.98,51.28,35.99,51.93,5.111,0.949,63.32,426.92,412.63,14.29,388,369,19,754.86,9.48,0.04897
445,Line_A,M12,Night,L089,14.5,45.88,48.29,34.32,41.86,4.924,1.059,42.22,422.87,413.62,9.26,287,277,10,461.18,5.45,0.03484
446,Line_C,M10,Night,L010,22.5,49.71,54.68,38.46,65.43,4.978,0.645,40.27,405.25,402.14,3.12,372,335,37,1709.09,24.11,0.09946
447,Line_D,M15,Morning,L096,37.9,44.07,41.58,33.34,60.27,5.448,0.822,14.53,410.77,409.11,1.66,286,281,5,163.7,2.42,0.01748
448,Line_C,M11,Night,L032,10.2,42.5,44.75,30.17,63.68,5.415,0.787,33.62,404.38,399.32,5.06,231,220,11,427.07,6.66,0.04762
449,Line_A,M07,Night,L043,44.7,51.74,55.78,40.98,52.23,4.715,0.763,37.92,388.79,385.81,2.98,308,297,11,508.55,8.34,0.03571
450,Line_C,M03,Evening,L026,36.9,48.73,47.09,32.75,41.43,4.79,1.053,18.96,427.64,422.89,4.74,344,333,11,455.42,7.14,0.03198
451,Line_A,M08,Night,L067,19.0,52.17,53.7,31.0,41.33,5.049,1.06,35.23,413.43,413.03,0.39,251,241,10,442.89,3.78,0.03984
452,Line_D,M09,Morning,L052,25.1,46.64,39.49,35.41,55.24,5.464,1.036,23.58,420.59,409.81,10.77,365,348,17,750.03,4.94,0.04658
453,Line_C,M15,Morning,L059,9.6,45.03,46.3,32.11,41.86,5.778,0.887,26.54,426.94,421.78,5.17,189,182,7,314.45,5.43,0.03704
454,Line_A,M05,Morning,L059,24.0,44.73,41.08,28.8,56.75,5.423,0.956,61.51,436.59,413.07,23.52,384,378,6,249.38,1.84,0.01562
455,Line_A,M07,Morning,L068,30.9,53.76,51.59,37.47,47.22,4.991,1.15,28.39,443.51,436.05,7.46,282,275,7,241.09,3.94,0.02482
456,Line_A,M15,Evening,L057,37.9,45.28,46.47,26.2,56.67,4.96,0.958,15.16,385.35,380.08,5.27,205,203,2,84.34,1.44,0.00976
457,Line_D,M15,Morning,L024,42.7,48.48,45.3,29.28,33.8,5.883,0.98,40.25,415.23,407.23,8.0,216,212,4,151.93,1.58,0.01852
458,Line_B,M14,Night,L022,16.2,46.38,51.33,29.2,64.13,4.931,1.09,42.75,403.43,392.25,11.18,339,328,11,424.72,7.94,0.03245
459,Line_D,M03,Evening,L041,50.3,48.31,49.95,33.16,55.68,4.466,1.396,24.48,434.98,427.76,7.22,195,190,5,199.93,1.25,0.02564
460,Line_C,M02,Evening,L037,31.3,43.98,40.6,32.51,56.87,5.762,1.125,58.87,406.48,400.93,5.55,407,390,17,616.66,14.74,0.04177
461,Line_C,M07,Morning,L011,10.8,46.55,45.1,29.42,56.96,4.971,0.917,46.59,421.92,419.29,2.63,371,366,5,179.12,3.06,0.01348
462,Line_A,M05,Evening,L009,29.0,37.75,40.87,32.56,49.95,4.765,0.939,76.28,427.1,407.8,19.3,397,379,18,729.77,8.46,0.04534
463,Line_D,M06,Night,L007,25.7,52.14,49.34,30.59,55.04,4.991,0.961,40.42,426.29,420.78,5.51,335,322,13,468.03,6.91,0.03881
464,Line_B,M16,Night,L029,23.1,44.13,45.86,28.64,68.26,5.029,1.307,56.11,414.31,406.27,8.04,373,350,23,745.04,13.5,0.06166
465,Line_C,M09,Night,L046,6.4,49.84,45.79,30.84,46.24,4.617,1.018,13.06,391.36,363.72,27.64,184,164,20,805.49,14.01,0.1087
466,Line_C,M05,Evening,L110,9.5,41.73,39.36,29.01,53.1,5.449,0.649,25.35,421.49,417.94,3.55,396,378,18,887.47,14.72,0.04545
467,Line_C,M12,Night,L036,15.9,42.3,42.63,22.12,50.95,5.59,1.177,33.67,430.73,412.99,17.74,317,304,13,520.68,6.44,0.04101
468,Line_D,M14,Morning,L027,20.1,38.61,38.27,28.24,44.25,5.567,0.349,32.36,421.06,408.08,12.98,357,346,11,503.69,5.42,0.03081
469,Line_A,M07,Morning,L100,31.5,41.5,41.51,34.29,59.68,5.154,0.811,55.62,430.56,401.4,29.16,251,248,3,132.96,1.26,0.01195
470,Line_B,M01,Night,L062,13.4,45.83,46.37,30.3,34.37,4.862,0.772,45.14,410.32,405.15,5.17,228,221,7,226.15,4.69,0.0307
471,Line_B,M08,Morning,L062,22.5,46.8,40.9,30.2,53.69,4.981,0.622,68.05,395.26,384.58,10.67,419,411,8,355.88,5.33,0.01909
472,Line_B,M07,Morning,L113,27.1,55.49,52.69,26.04,58.96,5.367,0.845,22.58,401.6,398.46,3.14,376,367,9,445.59,6.55,0.02394
473,Line_A,M04,Night,L012,37.1,47.48,50.93,29.06,54.52,5.372,0.858,31.03,420.89,407.32,13.57,249,236,13,534.05,7.95,0.05221
474,Line_A,M10,Morning,L058,36.9,40.85,38.49,29.73,58.7,4.373,0.696,18.91,424.55,422.68,1.87,369,360,9,378.22,4.26,0.02439
475,Line_A,M12,Night,L026,16.6,46.54,45.95,31.98,49.46,5.429,0.874,12.1,429.0,420.22,8.78,219,207,12,554.0,6.96,0.05479
476,Line_B,M07,Evening,L001,37.1,55.68,59.32,29.06,25.0,4.799,1.023,77.98,408.84,398.26,10.58,210,206,4,173.18,2.66,0.01905
477,Line_B,M07,Evening,L110,32.4,59.54,52.5,30.23,58.31,5.188,1.278,9.75,430.23,423.7,6.53,229,221,8,334.09,3.77,0.03493
478,Line_C,M13,Evening,L090,26.0,51.0,54.02,29.22,52.85,5.294,1.033,92.8,447.57,412.56,35.0,385,354,31,1332.36,17.51,0.08052
479,Line_C,M03,Morning,L088,14.8,42.74,44.82,32.35,46.06,5.721,0.794,53.18,436.86,430.39,6.47,396,372,24,995.21,16.97,0.06061
480,Line_B,M16,Morning,L053,32.6,43.08,37.46,32.31,71.36,5.106,0.321,67.86,435.94,412.55,23.39,364,345,19,741.39,8.33,0.0522
481,Line_B,M07,Night,L007,13.6,39.62,37.55,28.63,42.08,4.885,0.793,8.84,405.61,397.8,7.81,339,326,13,444.82,5.84,0.03835
482,Line_A,M09,Evening,L068,15.7,46.26,47.73,32.86,43.81,5.069,0.954,37.99,394.4,374.54,19.86,334,323,11,415.54,7.21,0.03293
483,Line_C,M10,Evening,L007,13.9,45.18,47.0,33.71,54.37,4.92,1.155,58.81,408.0,393.45,14.55,335,323,12,387.02,3.61,0.03582
484,Line_B,M08,Evening,L030,21.4,44.88,46.58,35.84,52.96,5.769,0.8,11.42,434.1,422.7,11.4,309,301,8,368.62,2.71,0.02589
485,Line_A,M01,Evening,L082,34.0,44.38,41.05,27.67,54.67,4.668,0.702,56.34,413.16,403.22,9.94,264,251,13,553.23,7.65,0.04924
486,Line_B,M12,Morning,L036,37.9,48.88,48.45,31.97,61.72,4.759,0.902,50.3,418.81,399.6,19.21,354,346,8,406.37,3.23,0.0226
487,Line_B,M15,Morning,L022,40.7,45.96,45.2,28.97,63.65,5.281,0.859,40.75,400.93,390.54,10.4,376,369,7,259.09,2.97,0.01862
488,Line_A,M13,Night,L007,23.8,49.1,51.53,26.47,69.69,5.293,1.062,34.73,413.61,400.27,13.34,195,182,13,460.71,5.46,0.06667
489,Line_C,M12,Night,L046,6.4,47.18,44.91,31.23,47.3,4.732,0.928,52.17,435.92,417.89,18.03,212,193,19,890.6,11.97,0.08962
490,Line_C,M01,Morning,L056,55.8,49.18,46.76,34.8,62.48,5.543,0.643,76.99,403.43,391.42,12.01,338,325,13,467.1,5.95,0.03846
491,Line_C,M13,Morning,L090,31.2,42.38,40.31,31.96,39.77,4.4,0.601,13.55,416.15,407.49,8.67,302,274,28,1248.41,12.96,0.09272
492,Line_C,M08,Evening,L118,21.9,50.63,50.57,29.12,38.13,5.339,0.764,65.15,407.8,394.46,13.34,399,384,15,720.27,11.16,0.03759
493,Line_C,M05,Evening,L005,30.6,42.75,43.92,31.67,65.66,5.773,1.291,14.16,444.7,439.35,5.35,237,227,10,417.13,5.32,0.04219
494,Line_B,M08,Evening,L045,12.0,43.8,45.87,33.3,60.75,4.91,1.284,21.9,421.9,418.42,3.48,272,265,7,350.23,4.18,0.02574
495,Line_D,M04,Morning,L071,4.9,43.32,42.5,33.01,47.75,5.476,0.672,70.46,400.29,388.89,11.4,373,354,19,824.35,15.66,0.05094
496,Line_C,M05,Night,L094,24.9,36.01,38.34,29.41,64.91,5.201,1.021,20.69,433.44,413.87,19.57,334,319,15,594.94,7.0,0.04491
497,Line_B,M13,Morning,L040,48.9,53.0,61.71,30.86,47.51,5.001,0.926,36.64,395.11,353.04,42.06,268,254,14,735.07,6.69,0.05224
498,Line_C,M13,Evening,L086,19.5,44.75,44.69,28.45,50.18,5.018,1.096,46.17,415.87,400.64,15.23,224,205,19,833.36,7.73,0.08482
499,Line_B,M09,Morning,L119,21.7,49.07,49.54,29.38,62.86,4.898,0.778,21.42,423.8,401.31,22.49,345,329,16,715.02,4.43,0.04638
500,Line_B,M15,Morning,L017,73.5,50.09,51.25,28.85,66.85,5.141,1.027,25.25,426.61,415.06,11.56,258,251,7,307.97,5.04,0.02713
501,Line_C,M03,Evening,L030,39.1,45.64,44.86,32.14,51.84,4.613,0.897,29.17,446.48,435.96,10.52,373,343,30,1411.41,16.01,0.08043
502,Line_D,M14,Evening,L098,45.0,40.28,42.75,32.56,50.35,5.211,1.081,55.96,418.31,405.41,12.9,293,284,9,380.7,5.34,0.03072
503,Line_D,M08,Morning,L010,29.2,48.94,50.18,29.52,56.73,5.714,0.943,46.0,445.06,441.05,4.01,369,364,5,193.06,2.91,0.01355
504,Line_B,M11,Morning,L108,54.7,47.82,46.96,32.22,53.61,5.312,0.895,10.3,437.78,428.17,9.61,275,272,3,101.8,1.37,0.01091
505,Line_C,M14,Evening,L103,24.8,51.81,47.67,36.04,63.84,5.471,0.795,42.32,423.45,419.31,4.14,256,234,22,1065.51,15.54,0.08594
506,Line_D,M13,Night,L115,7.4,45.86,45.61,36.94,54.99,5.17,0.851,39.72,394.2,375.61,18.59,295,275,20,600.0,13.52,0.0678
507,Line_B,M16,Morning,L017,18.2,47.35,47.57,31.1,57.74,4.965,0.617,83.71,427.27,407.16,20.1,306,291,15,617.13,7.8,0.04902
508,Line_D,M04,Night,L028,18.9,52.78,54.09,33.39,49.64,5.333,0.75,63.81,423.25,387.13,36.12,252,234,18,837.3,10.35,0.07143
509,Line_B,M03,Night,L001,25.9,54.6,60.77,27.14,50.56,5.014,1.099,42.71,402.84,364.85,37.99,271,255,16,766.24,9.11,0.05904
510,Line_A,M01,Evening,L016,27.7,52.79,48.42,31.58,74.37,5.093,1.26,57.32,423.3,413.72,9.58,244,230,14,680.36,8.3,0.05738
511,Line_A,M11,Night,L086,21.9,48.78,50.41,31.77,57.41,5.43,0.82,35.87,425.63,423.11,2.52,306,290,16,610.36,11.09,0.05229
512,Line_D,M09,Night,L018,12.8,50.99,50.45,34.9,31.37,4.998,1.147,36.41,442.47,391.08,51.39,279,264,15,550.54,8.71,0.05376
513,Line_A,M11,Night,L085,24.2,43.0,45.71,24.37,56.33,5.359,0.9,38.35,403.67,396.29,7.38,260,253,7,287.58,3.25,0.02692
514,Line_B,M07,Morning,L098,24.8,47.29,45.29,36.17,40.14,5.288,0.841,86.68,370.24,362.35,7.88,335,321,14,550.6,5.97,0.04179
515,Line_B,M06,Morning,L072,12.4,53.55,52.32,33.87,58.03,5.428,0.94,32.23,429.85,411.47,18.38,392,378,14,561.41,11.32,0.03571
516,Line_A,M15,Evening,L059,13.5,49.74,44.96,31.88,46.09,4.458,1.089,32.83,426.87,425.4,1.46,401,380,21,849.23,10.95,0.05237
517,Line_B,M03,Morning,L033,13.3,46.63,53.71,27.77,52.05,4.705,0.657,32.95,393.5,388.08,5.41,271,260,11,430.17,7.24,0.04059
518,Line_C,M13,Morning,L068,13.9,53.05,57.68,32.48,54.99,4.882,0.937,11.09,414.47,384.17,30.31,298,283,15,718.98,10.09,0.05034
519,Line_A,M02,Night,L103,31.5,53.38,54.5,32.36,47.31,5.128,1.288,36.86,410.06,403.97,6.09,322,290,32,1309.3,18.1,0.09938
520,Line_D,M07,Night,L013,33.1,51.44,50.93,28.23,46.71,5.747,0.988,64.0,418.86,401.19,17.66,389,372,17,625.41,9.45,0.0437
521,Line_D,M01,Morning,L120,26.7,43.19,46.41,30.37,60.04,5.69,0.831,54.25,443.45,435.0,8.45,359,347,12,388.05,6.21,0.03343
522,Line_B,M01,Morning,L060,18.9,46.56,43.53,30.65,44.21,5.481,0.804,11.69,449.43,447.92,1.52,326,315,11,403.94,7.56,0.03374
523,Line_A,M01,Evening,L076,20.8,63.04,58.26,33.99,66.89,5.279,1.351,9.64,437.02,433.41,3.61,262,248,14,556.75,8.88,0.05344
524,Line_C,M05,Evening,L024,19.1,50.72,52.63,31.79,57.59,5.339,0.657,23.29,434.16,418.22,15.95,390,371,19,915.69,6.52,0.04872
525,Line_A,M16,Morning,L003,38.9,41.49,39.93,37.21,48.35,4.764,0.875,32.27,420.82,407.28,13.54,239,235,4,163.52,2.93,0.01674
526,Line_B,M06,Night,L057,16.6,47.51,52.19,37.03,45.54,5.697,0.72,93.23,404.69,367.35,37.34,268,250,18,681.54,8.2,0.06716
527,Line_D,M10,Night,L065,13.4,38.77,38.76,31.61,49.7,5.372,0.925,18.65,401.37,394.37,7.0,385,362,23,1140.79,17.41,0.05974
528,Line_D,M11,Evening,L077,14.2,46.24,47.17,29.55,47.39,5.933,0.89,38.75,446.08,443.4,2.68,402,392,10,473.48,5.54,0.02488
529,Line_C,M15,Evening,L029,38.2,47.93,49.38,25.22,51.1,4.55,1.176,34.54,420.2,415.62,4.58,199,186,13,609.42,7.82,0.06533
530,Line_B,M15,Morning,L113,17.7,55.32,54.09,31.73,61.96,4.76,1.02,39.99,439.19,424.91,14.28,391,383,8,353.0,5.29,0.02046
531,Line_C,M01,Night,L042,30.7,58.01,54.34,26.26,68.38,5.28,1.128,39.41,427.9,425.85,2.05,416,380,36,1290.74,17.78,0.08654
532,Line_C,M04,Evening,L104,32.1,40.19,43.38,35.15,56.99,6.212,0.882,4.39,435.53,422.26,13.27,185,175,10,451.04,5.33,0.05405
533,Line_B,M13,Morning,L045,32.7,48.98,51.91,32.53,47.21,4.69,0.424,44.65,433.74,425.75,8.0,276,264,12,547.61,7.13,0.04348
534,Line_C,M13,Evening,L075,13.7,46.29,47.57,34.65,37.5,5.599,0.854,4.47,429.93,409.01,20.92,190,174,16,730.55,7.76,0.08421
535,Line_A,M16,Morning,L021,31.6,45.06,46.93,29.09,68.05,5.414,1.232,6.6,440.88,427.54,13.34,297,292,5,220.74,3.03,0.01684
536,Line_A,M12,Evening,L022,34.1,50.61,49.95,35.68,32.52,5.734,0.727,78.91,413.69,393.7,20.0,278,265,13,581.45,7.01,0.04676
537,Line_C,M09,Morning,L063,34.5,51.77,53.29,28.79,26.44,5.019,0.788,27.35,455.17,422.27,32.9,283,265,18,856.54,10.54,0.0636
538,Line_A,M06,Evening,L012,38.6,49.8,50.67,17.07,53.83,4.372,0.771,84.93,440.88,427.67,13.22,311,296,15,793.04,7.04,0.04823
539,Line_A,M08,Night,L031,35.6,49.83,54.05,31.0,40.24,5.479,1.029,50.75,407.02,398.7,8.31,187,185,2,81.08,1.22,0.0107
540,Line_D,M01,Morning,L044,12.6,48.56,47.15,31.69,49.27,5.169,1.357,15.85,404.45,403.21,1.24,347,341,6,270.72,4.11,0.01729
541,Line_D,M11,Morning,L109,28.6,46.46,48.13,29.88,46.13,4.754,1.195,28.34,426.08,405.04,21.03,392,378,14,601.61,7.93,0.03571
542,Line_C,M01,Morning,L060,15.4,44.43,39.7,36.76,57.21,4.989,1.076,18.71,409.24,405.94,3.29,397,373,24,1185.22,9.07,0.06045
543,Line_D,M11,Evening,L006,12.9,40.05,39.66,21.09,41.83,5.379,1.111,35.48,428.73,426.66,2.06,276,269,7,255.1,3.86,0.02536
544,Line_D,M10,Morning,L060,41.8,41.53,41.9,30.31,59.55,4.974,1.061,49.56,390.64,375.11,15.53,345,342,3,123.85,1.95,0.0087
545,Line_A,M16,Evening,L036,50.5,42.86,47.58,34.27,53.73,5.439,0.642,22.83,429.53,406.17,23.36,262,259,3,119.64,1.76,0.01145
546,Line_B,M14,Evening,L080,23.1,51.12,52.64,25.17,73.05,4.823,0.755,28.21,406.17,380.97,25.2,196,183,13,643.44,6.44,0.06633
547,Line_B,M12,Night,L005,37.1,37.52,39.34,25.1,63.37,5.381,1.067,29.06,421.67,412.46,9.21,383,365,18,674.03,8.0,0.047
548,Line_A,M11,Night,L093,20.4,47.44,49.97,24.92,42.97,5.187,1.038,57.27,432.24,427.48,4.76,326,313,13,444.16,6.17,0.03988
549,Line_C,M05,Morning,L110,8.3,51.99,53.17,33.65,44.61,4.885,0.925,26.23,433.54,432.26,1.28,394,375,19,872.52,6.46,0.04822
550,Line_B,M13,Evening,L080,27.4,45.91,45.54,23.68,47.37,5.795,1.15,16.31,423.98,417.16,6.82,188,176,12,518.51,6.46,0.06383
551,Line_B,M09,Night,L096,25.5,44.08,49.58,24.71,63.7,5.079,0.834,62.03,432.66,405.47,27.19,372,342,30,1208.28,15.56,0.08065
552,Line_A,M09,Night,L108,13.6,47.51,50.89,28.76,45.59,4.806,0.725,71.18,435.43,410.94,24.49,256,239,17,616.74,11.68,0.06641
553,Line_A,M10,Morning,L064,12.2,45.03,47.08,26.84,66.42,5.437,1.25,45.65,440.65,427.65,13.0,336,325,11,519.45,7.65,0.03274
554,Line_D,M05,Morning,L009,13.0,48.43,52.62,34.62,52.98,5.327,0.865,84.16,408.7,394.81,13.89,287,275,12,525.2,6.69,0.04181
555,Line_A,M05,Morning,L003,14.3,56.91,57.57,27.65,57.56,4.639,1.037,30.45,444.22,441.54,2.68,251,236,15,564.09,5.54,0.05976
556,Line_A,M01,Morning,L116,23.4,50.63,54.42,31.82,55.31,4.749,0.5,37.63,411.51,405.68,5.82,324,321,3,134.1,1.58,0.00926
557,Line_B,M07,Night,L049,16.5,46.71,51.43,35.7,41.25,5.688,0.934,67.7,419.84,407.42,12.43,291,275,16,641.14,7.54,0.05498
558,Line_B,M14,Night,L042,23.9,54.17,47.97,27.46,45.33,4.987,0.873,42.59,431.39,429.94,1.44,232,218,14,628.72,10.4,0.06034
559,Line_C,M02,Evening,L002,28.2,42.41,45.84,31.99,58.02,5.294,0.824,60.6,426.47,405.65,20.83,332,315,17,586.95,10.9,0.0512
560,Line_B,M08,Evening,L078,8.5,54.66,56.5,31.71,49.62,5.699,1.042,46.42,409.84,405.96,3.88,280,270,10,439.59,4.39,0.03571
561,Line_A,M14,Evening,L058,8.6,47.17,47.88,31.53,59.1,4.733,0.655,24.27,442.88,442.12,0.77,307,303,4,154.8,2.83,0.01303
562,Line_A,M15,Morning,L046,19.6,46.05,49.39,30.63,41.79,5.217,0.807,37.24,405.06,389.53,15.54,343,334,9,394.85,6.64,0.02624
563,Line_D,M15,Evening,L060,30.6,44.74,42.67,31.65,49.95,4.755,0.768,16.57,442.95,426.68,16.27,214,208,6,272.46,2.11,0.02804
564,Line_C,M06,Morning,L096,41.6,41.31,43.89,33.17,46.88,4.636,1.208,47.8,416.28,400.37,15.91,230,215,15,707.56,8.22,0.06522
565,Line_C,M06,Morning,L111,37.9,48.4,52.02,28.93,49.69,5.105,0.817,22.57,442.65,433.96,8.68,214,205,9,356.95,4.71,0.04206
566,Line_C,M05,Evening,L023,27.8,49.41,52.37,26.21,39.99,5.633,0.666,15.95,398.01,389.25,8.76,288,279,9,462.08,4.46,0.03125
567,Line_C,M07,Evening,L039,24.6,46.43,47.87,32.22,64.86,5.112,0.989,29.94,425.1,415.15,9.94,285,273,12,600.0,7.21,0.04211
568,Line_A,M11,Evening,L060,8.6,54.67,54.0,38.24,57.83,4.824,0.953,54.16,424.71,403.96,20.75,296,292,4,175.12,1.76,0.01351
569,Line_B,M11,Night,L066,41.2,59.28,62.47,27.12,62.73,4.999,1.139,63.13,430.88,389.11,41.77,315,302,13,558.26,6.13,0.04127
570,Line_C,M10,Evening,L066,17.3,50.9,50.69,32.12,54.11,5.236,0.933,140.71,428.44,417.36,11.08,212,192,20,927.76,12.96,0.09434
571,Line_B,M08,Morning,L036,34.7,46.69,47.97,36.87,49.15,4.641,1.309,18.76,403.57,400.29,3.28,342,317,25,1074.24,15.04,0.0731
572,Line_D,M12,Evening,L018,43.4,52.05,58.35,32.37,43.11,5.182,0.762,21.98,404.86,400.26,4.6,383,374,9,385.5,6.15,0.0235
573,Line_B,M06,Morning,L111,9.4,56.99,56.12,28.59,47.95,5.497,0.333,16.02,429.53,426.75,2.78,342,330,12,496.18,7.28,0.03509
574,Line_C,M02,Morning,L093,31.6,47.4,52.15,30.31,54.16,5.016,0.944,22.65,410.54,401.96,8.58,396,380,16,608.74,10.97,0.0404
575,Line_D,M16,Night,L095,39.2,44.22,44.26,30.06,43.68,3.97,0.886,15.16,439.88,417.32,22.57,377,367,10,398.23,6.83,0.02653
576,Line_B,M02,Night,L039,14.0,45.47,53.44,35.48,59.99,6.129,0.729,74.96,422.58,406.58,16.01,191,180,11,514.85,4.4,0.05759
577,Line_D,M14,Evening,L076,14.6,47.03,50.26,35.28,58.69,5.418,0.856,26.83,453.91,452.0,1.91,349,338,11,363.38,2.94,0.03152
578,Line_C,M10,Morning,L115,8.8,49.73,52.7,30.63,47.31,5.361,1.043,43.67,424.87,422.96,1.92,203,199,4,120.0,2.24,0.0197
579,Line_D,M16,Evening,L065,20.2,50.82,50.3,38.57,58.87,5.108,0.721,6.22,421.75,419.77,1.98,295,278,17,751.07,9.55,0.05763
580,Line_B,M09,Evening,L017,55.0,38.21,40.76,28.21,35.3,5.382,0.893,57.46,405.34,396.64,8.71,394,374,20,1045.6,7.8,0.05076
581,Line_B,M01,Morning,L036,32.5,43.21,44.7,32.19,54.56,5.17,1.191,49.68,428.19,427.3,0.9,225,216,9,364.15,4.79,0.04
582,Line_C,M02,Morning,L071,9.5,43.15,43.53,28.18,66.03,5.45,0.494,14.53,424.95,405.95,19.0,217,211,6,282.91,3.33,0.02765
583,Line_A,M02,Evening,L086,38.2,45.75,49.45,22.97,50.05,5.097,0.65,71.73,440.41,396.81,43.59,339,331,8,331.28,4.81,0.0236
584,Line_B,M07,Night,L002,8.8,41.58,43.55,30.73,55.7,4.955,0.687,42.46,426.03,420.15,5.88,246,237,9,319.99,4.08,0.03659
585,Line_D,M13,Morning,L063,18.4,42.92,41.33,29.2,43.22,4.998,0.855,20.8,437.2,419.62,17.58,283,265,18,846.01,7.44,0.0636
586,Line_C,M11,Night,L082,7.5,39.15,38.92,29.5,40.51,5.342,0.899,29.86,432.69,424.95,7.74,295,275,20,760.65,6.69,0.0678
587,Line_A,M14,Evening,L018,7.9,58.75,65.68,32.7,53.61,5.157,0.943,20.86,420.88,419.63,1.25,405,395,10,439.7,6.6,0.02469
588,Line_B,M09,Morning,L005,24.9,46.47,42.85,33.68,70.46,5.296,0.936,15.1,415.02,407.16,7.86,290,266,24,1209.65,16.21,0.08276
589,Line_A,M02,Night,L093,15.2,37.58,43.79,34.28,52.89,5.561,0.778,9.26,414.16,411.33,2.82,309,300,9,435.93,4.46,0.02913
590,Line_A,M03,Morning,L113,7.4,51.89,52.81,27.82,51.53,5.412,0.648,24.79,417.73,416.76,0.97,399,394,5,236.46,1.87,0.01253
591,Line_D,M03,Night,L054,27.2,43.97,46.14,35.43,41.44,4.975,0.953,65.87,419.48,407.32,12.16,249,237,12,465.84,6.64,0.04819
592,Line_B,M15,Evening,L015,25.8,45.99,47.76,32.14,39.41,5.22,0.436,35.74,434.55,418.13,16.43,188,175,13,606.75,8.33,0.06915
593,Line_B,M13,Morning,L079,13.2,58.85,60.93,37.02,56.64,5.072,0.835,25.66,427.02,417.36,9.66,233,217,16,639.01,6.86,0.06867
594,Line_C,M01,Evening,L072,27.8,41.37,37.42,30.46,56.41,5.75,0.81,46.02,413.82,406.53,7.29,226,221,5,180.01,2.96,0.02212
595,Line_A,M04,Evening,L009,19.6,52.03,54.48,36.87,50.57,5.165,1.042,12.08,413.71,404.44,9.27,316,301,15,518.81,9.16,0.04747
596,Line_A,M05,Night,L026,25.0,53.71,55.86,29.67,60.87,5.676,0.554,33.81,397.74,387.09,10.65,321,318,3,145.04,1.49,0.00935
597,Line_C,M12,Evening,L119,41.5,49.53,47.74,23.42,41.61,5.18,1.287,95.29,391.77,382.25,9.51,313,291,22,937.62,8.26,0.07029
598,Line_C,M02,Night,L068,41.2,37.7,37.67,36.05,46.89,4.959,0.825,26.69,416.95,404.92,12.03,274,252,22,705.19,10.5,0.08029
599,Line_D,M16,Morning,L086,13.7,50.19,53.65,33.01,39.84,4.778,1.0,46.63,397.68,385.3,12.39,196,194,2,69.72,1.02,0.0102
600,Line_C,M05,Evening,L010,11.2,47.87,51.81,26.38,42.22,4.727,0.614,15.28,439.78,434.86,4.92,187,177,10,426.79,4.77,0.05348
601,Line_B,M14,Evening,L099,27.8,53.02,56.0,24.26,31.68,5.212,0.598,79.68,381.92,366.98,14.94,187,183,4,169.33,3.06,0.02139
602,Line_C,M11,Night,L093,8.6,48.16,50.31,30.17,56.28,5.239,0.928,109.66,426.51,412.13,14.39,293,273,20,826.59,9.69,0.06826
603,Line_D,M07,Night,L107,10.0,46.27,50.17,28.74,69.96,4.857,0.517,32.63,422.74,415.1,7.64,368,338,30,1241.88,15.48,0.08152
604,Line_C,M01,Evening,L082,24.6,52.0,53.98,27.64,65.6,4.892,0.706,31.41,456.06,450.09,5.96,247,236,11,478.15,7.24,0.04453
605,Line_D,M09,Morning,L113,5.3,50.35,52.41,31.88,43.3,4.964,1.033,12.25,426.75,402.48,24.27,275,262,13,574.07,7.18,0.04727
606,Line_D,M01,Evening,L067,18.9,40.92,42.81,33.79,64.47,5.616,0.921,35.2,427.49,406.56,20.93,322,312,10,360.61,5.0,0.03106
607,Line_D,M12,Night,L050,18.4,44.7,46.0,34.92,55.88,5.072,0.657,36.97,427.87,418.62,9.25,391,377,14,484.48,5.23,0.03581
608,Line_A,M04,Morning,L080,2.4,40.0,38.17,30.41,74.44,5.358,0.912,39.8,401.48,378.21,23.27,224,209,15,691.9,8.65,0.06696
609,Line_C,M16,Night,L065,5.2,46.19,50.83,33.23,48.28,5.628,1.094,60.68,411.91,395.98,15.93,284,266,18,718.86,7.41,0.06338
610,Line_B,M01,Evening,L041,35.5,44.15,45.11,31.55,48.51,5.58,0.88,30.09,395.69,388.3,7.39,386,374,12,609.8,6.82,0.03109
611,Line_C,M06,Evening,L088,26.6,55.48,51.93,29.32,53.62,5.374,0.757,63.47,427.29,422.82,4.47,337,317,20,774.8,7.41,0.05935
612,Line_C,M07,Evening,L101,22.6,39.9,38.26,37.89,62.91,4.271,0.916,26.52,402.94,399.84,3.1,404,377,27,1453.93,9.2,0.06683
613,Line_D,M13,Night,L018,15.6,46.22,43.11,37.09,62.85,5.557,0.904,48.35,433.35,423.0,10.36,416,385,31,1409.69,19.3,0.07452
614,Line_D,M04,Evening,L053,26.2,43.0,45.74,36.94,61.91,5.51,1.158,8.7,427.79,418.42,9.37,407,384,23,1021.06,14.25,0.05651
615,Line_B,M13,Morning,L017,21.7,41.66,43.1,32.56,59.52,4.786,1.016,100.1,442.03,431.05,10.99,283,253,30,1283.26,15.06,0.10601
616,Line_C,M06,Evening,L110,17.8,47.37,50.99,33.33,48.28,5.731,1.024,20.58,438.31,426.62,11.69,229,224,5,181.89,2.85,0.02183
617,Line_C,M02,Morning,L062,23.3,45.04,43.7,30.84,47.67,5.221,0.91,28.82,414.4,405.09,9.31,225,214,11,370.88,6.06,0.04889
618,Line_B,M14,Evening,L092,16.1,47.82,47.04,32.25,52.19,4.738,0.909,32.76,404.05,392.24,11.82,196,188,8,338.26,7.18,0.04082
619,Line_A,M04,Morning,L070,23.6,55.75,60.67,33.02,54.63,5.182,1.039,8.97,400.64,365.31,35.33,354,339,15,729.72,11.49,0.04237
620,Line_A,M07,Night,L056,15.2,48.82,50.2,31.48,51.58,5.16,0.612,86.86,420.36,399.4,20.96,313,296,17,780.43,7.36,0.05431
621,Line_C,M10,Night,L044,17.4,60.61,63.17,25.16,27.61,4.981,0.891,10.78,428.47,423.23,5.25,217,207,10,337.94,5.28,0.04608
622,Line_B,M01,Night,L067,11.0,45.75,48.54,30.63,50.04,4.906,1.266,16.06,417.12,397.15,19.97,278,260,18,785.74,9.36,0.06475
623,Line_D,M11,Morning,L012,15.2,47.82,50.95,31.61,44.74,4.096,0.589,72.25,393.25,380.46,12.8,318,304,14,619.25,7.95,0.04403
624,Line_B,M09,Morning,L015,11.5,63.91,65.81,36.17,75.24,5.151,0.989,14.39,435.93,403.57,32.36,393,344,49,2185.05,25.73,0.12468
625,Line_D,M13,Night,L112,32.1,51.38,59.44,24.76,57.71,5.733,0.931,37.66,424.06,383.25,40.81,299,287,12,501.88,7.01,0.04013
626,Line_B,M02,Evening,L076,25.7,37.55,40.07,34.89,64.39,5.702,0.883,41.44,416.11,379.54,36.58,338,333,5,222.71,2.69,0.01479
627,Line_D,M15,Morning,L074,44.8,51.36,53.64,28.56,61.63,4.767,0.829,39.15,431.28,430.57,0.71,233,231,2,70.41,0.88,0.00858
628,Line_A,M01,Evening,L067,35.6,44.81,46.81,26.75,51.88,4.409,0.649,8.04,423.07,386.73,36.34,365,351,14,632.44,7.82,0.03836
629,Line_C,M16,Night,L056,9.5,41.79,39.55,20.13,56.03,4.832,0.836,24.75,411.27,409.75,1.52,305,294,11,519.0,8.09,0.03607
630,Line_D,M06,Evening,L070,18.7,55.53,53.48,34.07,54.5,5.14,0.995,30.18,419.97,403.57,16.39,303,292,11,400.72,7.84,0.0363
631,Line_D,M02,Evening,L075,33.2,45.14,50.54,24.44,28.68,5.97,1.128,21.07,463.65,458.75,4.9,403,396,7,268.81,4.77,0.01737
632,Line_D,M05,Evening,L016,13.9,47.78,47.7,32.22,36.74,5.556,1.187,54.07,399.3,387.72,11.58,194,181,13,538.89,5.24,0.06701
633,Line_A,M08,Morning,L104,17.7,47.76,47.33,29.22,58.94,5.803,0.954,43.77,404.85,403.86,0.99,385,382,3,139.21,1.42,0.00779
634,Line_B,M02,Night,L045,22.1,40.5,39.85,34.09,40.33,5.461,0.87,19.94,401.54,400.01,1.53,376,351,25,839.34,15.88,0.06649
635,Line_A,M05,Night,L083,16.4,40.36,39.83,38.48,45.63,4.599,0.745,65.07,391.97,379.41,12.57,241,221,20,785.69,12.42,0.08299
636,Line_A,M05,Night,L031,14.1,49.05,46.35,24.5,57.79,6.037,0.702,14.1,420.71,407.38,13.33,197,195,2,94.72,0.78,0.01015
637,Line_C,M03,Morning,L040,30.3,44.8,39.58,33.32,49.0,5.504,1.196,47.47,404.13,398.65,5.48,257,241,16,531.43,8.64,0.06226
638,Line_C,M08,Morning,L036,50.6,48.4,43.22,33.25,32.09,5.458,1.173,33.18,423.11,420.94,2.17,328,316,12,555.64,4.98,0.03659
639,Line_C,M01,Evening,L007,17.3,45.93,46.5,32.58,55.62,5.449,0.739,54.46,404.0,391.14,12.86,272,255,17,610.85,9.02,0.0625
640,Line_D,M05,Evening,L055,25.4,53.77,54.27,36.72,59.23,5.044,1.069,33.31,393.36,384.46,8.9,212,206,6,219.82,3.31,0.0283
641,Line_C,M03,Morning,L110,20.7,45.47,41.47,34.96,60.13,4.442,0.785,52.14,407.33,392.67,14.66,391,365,26,1106.36,14.09,0.0665
642,Line_D,M01,Night,L010,10.5,52.49,51.11,29.72,45.42,4.688,1.179,37.84,427.01,416.88,10.13,285,266,19,797.26,8.46,0.06667
643,Line_A,M08,Morning,L093,11.0,45.05,48.46,24.25,36.33,4.731,0.872,48.65,428.36,423.85,4.5,410,403,7,288.83,3.49,0.01707
644,Line_A,M15,Morning,L026,20.4,54.03,53.42,37.07,65.03,5.006,0.83,54.0,444.07,433.7,10.36,328,323,5,232.03,3.31,0.01524
645,Line_C,M06,Night,L029,27.9,46.12,41.21,27.29,58.26,4.724,0.869,23.74,429.13,422.48,6.65,376,347,29,1363.63,16.83,0.07713
646,Line_D,M11,Morning,L047,18.2,52.83,57.66,33.67,60.91,5.459,0.716,15.76,404.48,401.68,2.8,368,363,5,175.31,3.11,0.01359
647,Line_A,M03,Night,L024,12.6,45.6,47.99,30.94,54.64,4.901,0.984,28.3,407.53,399.86,7.67,308,301,7,343.66,4.52,0.02273
648,Line_B,M12,Evening,L081,27.1,40.47,40.75,34.27,79.41,4.631,0.777,67.59,418.07,413.5,4.57,313,286,27,1297.77,18.49,0.08626
649,Line_C,M11,Evening,L111,16.1,44.02,45.03,27.03,38.11,4.903,1.317,41.94,427.69,419.29,8.4,331,310,21,699.0,6.35,0.06344
650,Line_A,M07,Morning,L067,25.6,49.59,57.74,33.3,58.86,4.914,1.013,73.22,399.0,381.99,17.01,312,307,5,208.53,3.11,0.01603
651,Line_B,M05,Evening,L106,21.0,42.23,39.62,26.79,64.47,4.959,0.82,36.76,426.6,414.03,12.57,413,401,12,469.21,5.05,0.02906
652,Line_D,M10,Night,L084,49.2,49.33,49.1,30.73,60.89,5.499,1.328,65.27,407.3,380.09,27.21,391,377,14,528.68,5.1,0.03581
653,Line_C,M10,Night,L085,41.8,45.15,42.88,32.97,63.61,5.493,1.015,26.62,433.71,429.37,4.34,204,191,13,573.6,8.43,0.06373
654,Line_A,M12,Morning,L092,35.8,49.85,51.29,29.97,60.79,5.706,0.747,79.56,410.57,398.15,12.41,239,235,4,162.06,2.25,0.01674
655,Line_D,M04,Morning,L001,42.6,50.5,56.82,33.2,64.04,5.505,0.511,42.15,391.95,369.0,22.94,278,267,11,530.6,5.18,0.03957
656,Line_B,M06,Morning,L091,21.6,45.98,45.28,33.56,53.22,5.001,0.96,55.19,430.34,426.18,4.16,353,344,9,414.44,4.63,0.0255
657,Line_D,M14,Night,L038,28.5,42.85,44.24,30.21,62.14,4.811,0.895,35.85,366.84,360.08,6.76,330,320,10,412.09,5.06,0.0303
658,Line_B,M14,Evening,L012,10.5,47.83,51.61,31.95,46.82,4.858,0.755,131.63,426.56,423.55,3.01,289,270,19,602.12,7.85,0.06574
659,Line_C,M13,Evening,L026,22.0,46.17,49.96,29.49,63.44,5.488,1.089,58.56,434.28,412.92,21.35,213,202,11,448.69,8.32,0.05164
660,Line_B,M13,Night,L010,44.8,46.09,54.0,34.42,61.31,5.089,1.046,22.44,451.44,416.39,35.05,241,227,14,505.9,4.66,0.05809
661,Line_A,M02,Evening,L119,33.4,55.4,52.23,31.37,43.3,5.297,0.952,43.73,389.6,387.87,1.73,228,225,3,91.55,1.57,0.01316
662,Line_D,M05,Evening,L042,23.3,45.73,45.67,32.03,49.02,4.613,0.721,75.39,418.82,380.08,38.74,316,300,16,818.36,9.14,0.05063
663,Line_A,M05,Morning,L110,36.3,51.74,55.6,26.79,65.62,4.928,1.103,25.17,410.8,407.1,3.7,270,270,0,0.0,0.0,0.0
664,Line_A,M06,Night,L075,9.2,42.84,45.64,33.09,58.91,4.897,0.981,38.75,451.87,444.0,7.87,391,380,11,463.74,2.75,0.02813
665,Line_B,M08,Evening,L027,46.6,47.46,46.61,28.69,50.93,5.69,1.325,43.55,419.76,414.85,4.91,301,288,13,536.77,5.97,0.04319
666,Line_C,M03,Night,L015,21.4,48.45,43.02,29.51,59.31,4.293,0.589,22.95,420.37,399.49,20.88,317,292,25,1027.5,10.36,0.07886
667,Line_D,M13,Morning,L061,7.3,51.51,50.67,26.81,64.75,4.936,0.916,45.81,431.78,407.16,24.61,294,275,19,842.37,9.26,0.06463
668,Line_D,M09,Morning,L013,18.0,46.44,45.62,28.89,55.82,5.41,1.056,12.94,417.38,408.89,8.48,270,246,24,963.02,13.09,0.08889
669,Line_B,M02,Morning,L027,25.4,41.41,42.75,34.63,58.66,4.299,1.178,24.65,425.4,416.51,8.89,363,346,17,621.74,9.49,0.04683
670,Line_B,M13,Evening,L107,9.5,50.39,52.85,36.26,51.58,5.534,0.886,61.9,420.43,414.8,5.63,184,174,10,374.2,2.97,0.05435
671,Line_A,M05,Evening,L080,17.5,48.38,45.37,26.0,45.34,5.372,0.838,18.48,439.0,427.98,11.01,401,390,11,553.25,4.19,0.02743
672,Line_C,M10,Morning,L109,37.4,43.4,43.94,30.36,63.39,4.938,0.885,66.41,418.44,400.16,18.28,300,289,11,472.5,5.47,0.03667
673,Line_D,M07,Morning,L039,21.0,55.0,53.87,32.04,58.65,5.501,1.003,53.84,425.54,407.59,17.95,392,386,6,240.71,3.12,0.01531
674,Line_C,M06,Morning,L098,28.0,44.68,45.95,31.0,46.43,5.657,1.03,80.7,403.23,383.15,20.09,413,398,15,637.19,9.11,0.03632
675,Line_C,M06,Evening,L082,13.3,48.77,53.49,35.26,36.43,6.034,0.895,8.44,415.59,408.37,7.22,285,274,11,412.95,4.15,0.0386
676,Line_B,M07,Morning,L044,14.3,48.52,49.95,32.66,58.68,5.515,1.178,29.18,408.45,403.54,4.91,290,280,10,458.89,3.8,0.03448
677,Line_D,M02,Evening,L022,12.3,55.72,59.24,27.65,40.55,5.341,1.487,12.61,415.2,414.41,0.79,194,185,9,376.54,5.16,0.04639
678,Line_B,M12,Night,L063,42.9,59.35,66.4,29.91,62.54,5.251,0.571,50.13,397.17,393.83,3.35,217,207,10,478.13,5.76,0.04608
679,Line_A,M11,Evening,L073,28.5,46.05,44.04,27.01,68.34,4.424,0.895,58.23,401.16,400.53,0.64,224,215,9,394.63,4.14,0.04018
680,Line_B,M09,Night,L040,6.7,46.51,47.07,33.0,51.78,5.603,1.154,32.47,415.79,385.54,30.25,230,217,13,556.65,6.76,0.05652
681,Line_A,M15,Evening,L077,11.9,45.35,51.36,33.57,59.09,5.847,0.788,72.37,421.68,410.5,11.18,306,294,12,450.53,7.17,0.03922
682,Line_A,M09,Morning,L016,38.9,53.26,51.08,24.91,49.85,5.465,1.121,59.03,417.18,403.28,13.9,314,305,9,291.92,5.02,0.02866
683,Line_A,M07,Night,L068,27.3,49.48,51.9,33.59,47.12,5.381,0.87,22.45,400.0,393.35,6.65,403,388,15,538.94,6.01,0.03722
684,Line_B,M10,Morning,L059,27.2,47.43,47.02,30.75,47.33,5.613,0.635,52.42,423.57,421.26,2.32,385,380,5,206.66,2.23,0.01299
685,Line_C,M13,Night,L019,16.7,51.63,50.81,26.88,55.09,5.449,0.918,27.09,435.59,426.02,9.57,378,343,35,1469.74,22.62,0.09259
686,Line_B,M12,Night,L097,18.5,44.97,49.64,33.63,57.7,4.973,0.908,39.5,375.49,372.7,2.79,352,340,12,646.79,5.38,0.03409
687,Line_B,M10,Morning,L107,19.7,45.68,41.79,34.55,47.6,5.773,0.906,51.21,425.04,420.25,4.79,284,279,5,257.72,3.05,0.01761
688,Line_D,M11,Morning,L050,17.3,52.77,51.14,30.42,40.48,5.997,0.656,28.5,406.96,395.06,11.9,195,190,5,214.6,3.85,0.02564
689,Line_C,M16,Morning,L058,28.3,46.54,44.58,31.82,83.17,5.625,1.085,34.27,424.63,422.46,2.17,248,220,28,1056.39,18.42,0.1129
690,Line_C,M11,Evening,L058,13.6,54.81,53.74,30.15,58.18,5.198,0.63,32.04,410.24,407.74,2.5,206,196,10,364.93,5.32,0.04854
691,Line_B,M12,Evening,L102,50.2,42.1,47.63,34.71,59.19,5.517,1.08,18.09,444.21,437.13,7.08,371,365,6,266.49,2.33,0.01617
692,Line_D,M11,Night,L053,47.7,40.17,42.52,27.33,33.1,5.281,0.738,61.14,425.42,410.21,15.21,190,186,4,182.71,1.89,0.02105
693,Line_A,M16,Night,L112,32.3,50.48,53.5,35.56,53.46,5.447,0.803,95.23,406.7,392.53,14.17,350,334,16,650.41,9.09,0.04571
694,Line_B,M15,Evening,L064,37.1,43.02,48.63,30.56,41.2,4.878,0.81,27.15,380.19,373.15,7.03,303,297,6,196.42,3.13,0.0198
695,Line_D,M06,Morning,L096,48.9,54.75,53.85,35.47,49.09,4.878,0.913,25.0,433.37,424.21,9.16,364,357,7,349.57,3.25,0.01923
696,Line_C,M12,Night,L073,26.7,37.58,36.73,32.28,48.37,4.964,0.816,25.47,409.67,406.45,3.22,409,382,27,1190.71,14.17,0.06601
697,Line_C,M11,Evening,L005,14.7,52.14,56.63,29.34,54.62,6.108,0.729,27.12,411.7,405.92,5.77,315,294,21,885.19,15.44,0.06667
698,Line_C,M09,Evening,L031,29.9,52.44,49.32,33.63,52.16,5.45,0.802,37.9,421.62,409.03,12.58,368,346,22,783.43,15.9,0.05978
699,Line_C,M09,Evening,L027,25.2,43.43,42.6,26.85,51.33,4.536,0.938,8.09,417.36,382.43,34.93,331,297,34,1612.01,19.68,0.10272
700,Line_B,M15,Night,L070,23.1,48.78,45.08,23.1,55.6,5.214,1.077,51.27,414.2,400.84,13.37,186,175,11,582.95,5.95,0.05914
701,Line_A,M15,Evening,L025,22.1,49.5,51.61,33.41,49.49,5.818,0.846,54.09,425.93,417.57,8.37,340,334,6,214.97,2.22,0.01765
702,Line_B,M15,Morning,L021,7.4,56.66,53.05,31.65,45.98,5.452,0.849,6.36,457.51,456.33,1.18,324,319,5,223.1,2.97,0.01543
703,Line_A,M05,Evening,L003,27.1,49.41,48.05,31.77,53.95,5.177,0.79,12.85,401.62,397.98,3.64,307,303,4,144.39,2.63,0.01303
704,Line_D,M06,Evening,L019,50.2,47.92,53.0,32.83,42.24,5.855,0.799,38.72,414.96,412.96,2.0,306,297,9,347.76,5.79,0.02941
705,Line_B,M02,Evening,L017,16.9,46.04,45.71,30.58,58.25,5.285,0.773,42.41,418.34,410.98,7.36,355,335,20,633.33,13.8,0.05634
706,Line_C,M13,Morning,L039,8.6,45.87,46.99,29.49,32.39,4.646,0.752,52.32,406.32,400.59,5.73,409,376,33,1238.03,15.74,0.08068
707,Line_D,M12,Morning,L114,13.9,48.24,48.13,31.08,66.46,5.509,0.704,30.9,414.76,405.04,9.72,417,408,9,430.43,4.9,0.02158
708,Line_D,M16,Morning,L093,15.0,49.62,55.5,29.96,45.98,5.892,0.814,38.49,428.84,426.52,2.31,205,201,4,200.84,2.81,0.01951
709,Line_B,M12,Evening,L078,22.2,53.49,51.54,32.72,61.36,5.726,0.741,8.97,405.72,390.14,15.58,398,390,8,312.14,3.76,0.0201
710,Line_B,M04,Evening,L015,17.0,55.46,46.48,31.72,58.1,5.164,1.08,8.83,453.44,443.44,10.0,246,228,18,866.73,14.46,0.07317
711,Line_D,M05,Morning,L066,25.0,45.8,46.05,27.27,53.13,5.572,0.834,25.57,429.59,413.24,16.35,279,271,8,320.36,5.48,0.02867
712,Line_C,M07,Evening,L028,25.3,43.93,44.49,29.33,46.56,5.176,0.595,34.32,420.24,400.37,19.87,194,189,5,229.77,2.07,0.02577
713,Line_D,M13,Evening,L012,31.1,50.6,51.42,31.02,43.54,5.203,1.295,37.13,438.56,427.14,11.42,220,207,13,482.83,4.44,0.05909
714,Line_D,M07,Evening,L105,32.3,37.23,35.19,33.18,56.81,5.322,1.098,18.64,400.84,396.02,4.82,275,265,10,416.08,4.73,0.03636
715,Line_D,M16,Evening,L111,19.6,53.95,60.84,31.48,62.62,4.834,0.938,35.35,392.23,388.81,3.43,295,289,6,226.56,3.64,0.02034
716,Line_A,M10,Night,L018,45.6,52.62,58.92,35.03,65.05,4.861,0.991,47.63,432.09,413.55,18.54,278,271,7,234.72,3.57,0.02518
717,Line_C,M06,Morning,L083,4.6,51.83,54.16,33.04,55.65,5.389,0.734,18.06,421.5,381.49,40.01,320,307,13,440.88,5.96,0.04062
718,Line_A,M16,Night,L117,33.8,58.67,67.28,29.63,53.26,5.58,1.013,66.02,439.71,382.71,57.0,256,244,12,472.97,9.42,0.04688
719,Line_C,M09,Morning,L058,37.2,38.82,42.54,30.25,46.35,5.643,0.581,42.23,414.83,399.57,15.27,362,342,20,738.02,10.75,0.05525
720,Line_D,M05,Evening,L114,15.0,48.45,46.22,37.84,40.89,5.23,1.024,95.15,397.87,391.71,6.16,183,177,6,259.9,1.68,0.03279
721,Line_B,M07,Night,L112,23.7,52.69,54.99,30.13,57.82,4.854,0.891,60.37,456.31,451.29,5.01,186,181,5,218.09,3.19,0.02688
722,Line_B,M13,Night,L120,26.3,49.34,55.28,26.91,41.97,4.874,0.926,39.3,428.3,392.71,35.59,309,293,16,644.92,5.51,0.05178
723,Line_A,M02,Evening,L057,14.5,54.64,59.79,34.39,45.19,5.434,0.716,20.04,412.54,404.24,8.31,233,226,7,219.24,2.18,0.03004
724,Line_D,M13,Night,L076,32.9,56.68,58.87,30.39,60.44,5.123,0.829,15.87,397.8,388.65,9.15,280,265,15,595.63,5.4,0.05357
725,Line_A,M02,Evening,L067,21.8,54.45,56.31,29.55,61.3,5.072,0.824,4.96,440.88,434.11,6.77,389,383,6,252.06,2.74,0.01542
726,Line_A,M12,Evening,L016,18.3,48.57,54.14,32.01,54.01,5.552,0.67,65.76,408.61,393.45,15.16,395,378,17,616.98,7.15,0.04304
727,Line_A,M12,Evening,L071,35.0,50.01,53.76,32.17,40.05,4.397,0.735,56.63,457.4,438.55,18.85,290,281,9,375.96,2.25,0.03103
728,Line_A,M10,Evening,L081,18.5,47.96,50.67,28.88,41.99,5.468,0.842,41.5,404.28,403.95,0.33,243,239,4,200.35,1.81,0.01646
729,Line_B,M03,Morning,L013,23.1,54.68,56.26,29.8,68.2,5.476,0.955,16.08,451.34,446.25,5.09,350,342,8,346.77,4.56,0.02286
730,Line_B,M10,Night,L019,29.0,49.12,45.9,29.74,52.73,4.946,0.717,88.52,416.14,395.64,20.5,241,233,8,293.74,4.89,0.0332
731,Line_B,M14,Morning,L023,59.2,48.29,53.54,26.36,48.82,5.244,1.117,49.09,414.52,406.76,7.76,281,278,3,96.44,1.79,0.01068
732,Line_A,M05,Morning,L058,14.8,49.95,48.31,36.96,56.72,4.855,0.749,21.49,415.2,395.89,19.31,213,209,4,154.87,2.85,0.01878
733,Line_A,M15,Evening,L049,14.1,49.02,40.45,29.96,69.44,5.584,0.951,99.12,440.23,427.63,12.6,369,349,20,891.52,6.82,0.0542
734,Line_B,M03,Morning,L013,11.0,48.87,53.7,31.24,41.26,4.937,0.699,36.56,416.38,396.61,19.77,311,304,7,297.55,3.16,0.02251
735,Line_A,M15,Morning,L078,16.9,47.01,46.87,35.53,40.89,5.039,0.752,42.07,443.6,441.79,1.81,337,322,15,608.89,8.68,0.04451
736,Line_C,M06,Evening,L033,12.8,39.38,41.38,29.93,49.19,5.605,0.676,19.63,404.7,400.25,4.45,352,342,10,489.18,4.79,0.02841
737,Line_A,M12,Evening,L010,26.8,46.05,50.83,23.61,55.99,5.619,0.714,55.1,413.79,404.99,8.8,329,322,7,303.29,4.25,0.02128
738,Line_B,M04,Night,L119,16.2,45.97,46.52,31.32,40.0,5.519,1.272,39.38,405.43,399.58,5.85,229,209,20,835.25,10.22,0.08734
739,Line_B,M10,Evening,L078,23.3,51.25,56.14,30.9,48.1,5.0,0.958,55.51,415.06,397.5,17.57,294,278,16,665.44,6.77,0.05442
740,Line_B,M11,Night,L075,35.1,53.28,52.69,33.85,50.79,5.177,0.941,22.39,404.44,396.49,7.95,344,332,12,562.55,6.34,0.03488
741,Line_A,M08,Evening,L034,29.3,42.97,42.31,33.5,47.0,5.405,0.749,26.13,423.12,418.14,4.98,355,350,5,220.52,3.56,0.01408
742,Line_A,M14,Evening,L042,28.4,47.64,51.54,37.39,50.22,5.345,1.167,49.66,443.03,417.45,25.58,201,192,9,365.57,4.69,0.04478
743,Line_D,M15,Morning,L120,84.0,49.07,46.6,28.67,57.03,4.861,1.038,10.32,408.62,392.92,15.7,192,190,2,78.15,1.19,0.01042
744,Line_A,M03,Night,L102,12.6,51.64,53.24,27.81,39.89,4.822,0.926,4.28,434.44,415.38,19.06,219,212,7,273.9,4.42,0.03196
745,Line_B,M14,Evening,L013,21.3,46.75,43.5,31.04,61.99,6.157,1.211,27.39,430.68,429.13,1.55,242,233,9,429.86,5.0,0.03719
746,Line_B,M11,Morning,L088,14.0,44.7,45.84,23.51,48.88,4.991,0.782,46.88,405.66,393.27,12.39,326,311,15,624.08,5.54,0.04601
747,Line_B,M09,Morning,L079,45.7,45.29,44.93,27.03,64.49,5.245,0.868,78.95,402.77,389.44,13.33,416,391,25,1118.83,11.92,0.0601
748,Line_B,M02,Night,L018,32.5,52.65,52.77,32.21,43.94,5.364,1.386,70.46,408.42,394.69,13.73,201,195,6,251.91,2.94,0.02985
749,Line_D,M10,Night,L024,32.7,42.84,40.98,24.33,57.37,5.212,0.835,22.46,413.63,411.39,2.24,221,217,4,215.96,2.13,0.0181
750,Line_D,M07,Night,L059,21.1,44.79,44.2,29.82,45.59,5.009,1.081,19.22,413.04,396.26,16.78,305,294,11,409.33,6.8,0.03607
751,Line_A,M01,Morning,L086,21.8,48.48,47.63,28.1,65.01,5.699,1.169,41.66,429.18,422.4,6.78,229,226,3,119.53,2.05,0.0131
752,Line_B,M03,Morning,L055,21.5,47.35,50.06,36.07,56.73,5.133,1.066,23.3,448.55,431.66,16.89,356,342,14,488.77,8.82,0.03933
753,Line_A,M02,Evening,L066,28.6,45.64,45.31,32.45,59.9,5.73,0.687,33.45,396.61,376.29,20.32,233,231,2,77.53,1.19,0.00858
754,Line_B,M05,Evening,L072,14.7,39.03,38.66,28.6,48.85,4.776,0.802,51.62,425.09,404.41,20.69,408,397,11,396.25,5.73,0.02696
755,Line_C,M03,Evening,L008,16.6,39.77,39.38,27.14,42.49,5.692,0.778,19.32,430.77,427.22,3.54,372,352,20,700.4,8.75,0.05376
756,Line_A,M14,Evening,L030,16.8,51.0,53.43,30.7,53.37,4.809,1.063,6.3,443.41,440.82,2.59,341,335,6,271.18,3.15,0.0176
757,Line_B,M05,Night,L107,26.4,54.87,54.85,31.87,65.13,5.617,0.935,62.82,411.28,381.95,29.33,383,371,12,572.89,4.96,0.03133
758,Line_D,M07,Evening,L050,24.6,39.26,42.38,34.05,38.02,5.258,0.894,23.18,438.16,426.68,11.47,300,294,6,216.36,4.0,0.02
759,Line_A,M12,Morning,L100,19.8,43.05,45.86,28.08,65.02,4.662,0.509,13.88,441.24,434.91,6.33,261,253,8,323.83,4.21,0.03065
760,Line_B,M02,Morning,L107,14.7,43.13,40.9,32.2,48.97,5.291,0.727,53.93,394.23,389.88,4.36,314,303,11,539.84,7.23,0.03503
761,Line_C,M06,Evening,L116,17.8,48.01,46.92,31.62,36.62,5.249,0.557,14.58,426.74,420.15,6.58,235,217,18,776.55,10.99,0.0766
762,Line_A,M04,Morning,L062,14.4,49.79,51.73,36.86,63.12,5.472,0.642,39.69,419.75,415.53,4.21,340,327,13,630.5,6.93,0.03824
763,Line_A,M09,Evening,L013,27.8,44.86,43.43,31.82,58.53,6.147,0.828,19.34,435.05,416.26,18.79,321,311,10,407.74,5.99,0.03115
764,Line_A,M14,Morning,L066,17.1,39.79,41.37,33.31,50.03,5.09,0.639,52.99,388.9,386.17,2.73,402,397,5,184.14,4.45,0.01244
765,Line_D,M09,Evening,L005,21.4,55.39,56.73,21.97,64.93,4.873,1.092,10.8,413.5,391.39,22.11,415,397,18,840.4,6.64,0.04337
766,Line_A,M07,Morning,L025,31.0,47.74,51.56,30.83,54.64,5.454,0.666,29.3,386.28,366.9,19.38,235,231,4,193.23,2.28,0.01702
767,Line_A,M02,Morning,L082,10.1,42.05,45.79,27.3,60.16,5.442,0.994,19.84,433.67,426.65,7.02,185,183,2,76.2,1.32,0.01081
768,Line_A,M15,Morning,L005,33.2,44.25,42.84,30.02,59.89,5.131,1.067,11.92,426.42,420.88,5.53,342,338,4,189.25,1.99,0.0117
769,Line_A,M08,Evening,L012,30.0,54.82,57.33,29.55,49.59,4.991,0.862,38.24,403.59,398.48,5.11,275,273,2,96.85,1.23,0.00727
770,Line_C,M09,Evening,L120,36.4,42.17,43.62,29.64,45.82,5.741,0.799,27.57,445.1,434.41,10.68,233,218,15,773.89,9.31,0.06438
771,Line_A,M09,Evening,L067,21.6,57.99,61.87,33.44,47.86,4.922,0.778,47.1,442.5,434.33,8.16,347,333,14,671.6,8.49,0.04035
772,Line_C,M09,Night,L063,34.5,45.78,42.76,38.93,53.81,5.097,0.549,62.5,444.28,421.19,23.08,267,241,26,1044.16,19.89,0.09738
773,Line_C,M02,Evening,L047,47.5,40.88,43.04,31.36,49.7,4.948,1.319,1.0,433.49,428.36,5.13,265,261,4,159.42,2.13,0.01509
774,Line_D,M08,Morning,L008,23.7,45.95,48.79,28.46,48.41,5.225,0.975,8.03,413.46,411.59,1.87,261,259,2,116.0,1.56,0.00766
775,Line_A,M07,Night,L046,37.5,48.66,48.29,34.14,59.24,5.634,0.71,17.27,381.61,373.07,8.55,320,299,21,816.09,14.76,0.06562
776,Line_D,M13,Evening,L034,40.0,47.55,46.69,36.52,57.29,5.125,0.753,4.54,436.98,422.36,14.62,181,170,11,484.7,5.84,0.06077
777,Line_C,M07,Evening,L093,17.6,49.53,48.67,31.73,46.57,4.637,0.773,50.65,415.2,400.92,14.28,218,198,20,790.91,10.35,0.09174
778,Line_A,M14,Evening,L059,35.2,49.42,53.85,33.6,53.18,6.083,0.48,13.8,427.89,418.44,9.44,193,188,5,215.57,2.91,0.02591
779,Line_C,M11,Morning,L111,30.9,44.62,43.96,33.42,40.38,5.378,0.884,29.95,408.69,405.68,3.0,288,280,8,282.53,4.73,0.02778
780,Line_D,M03,Night,L087,30.4,52.95,45.16,28.79,58.55,5.282,1.22,5.3,423.72,423.1,0.62,213,205,8,380.35,4.81,0.03756
781,Line_A,M15,Night,L116,62.9,48.5,50.83,35.99,41.43,4.991,1.065,51.73,419.79,416.87,2.92,316,304,12,543.23,6.45,0.03797
782,Line_D,M07,Night,L018,30.4,51.8,54.35,27.76,42.86,5.594,1.08,17.06,432.96,420.53,12.43,316,307,9,393.83,5.96,0.02848
783,Line_B,M12,Evening,L059,31.9,49.0,47.51,33.5,54.25,5.789,1.053,45.09,450.27,435.72,14.55,329,317,12,414.48,5.99,0.03647
784,Line_C,M05,Morning,L036,19.9,47.91,47.96,26.32,58.9,4.796,0.617,20.79,425.62,400.1,25.51,334,319,15,522.09,11.14,0.04491
785,Line_D,M13,Morning,L029,24.0,48.14,51.35,32.33,57.21,4.448,1.033,52.63,430.65,414.97,15.68,395,373,22,962.55,7.92,0.0557
786,Line_B,M15,Evening,L108,45.3,49.52,51.18,23.59,54.94,4.859,0.912,20.99,397.9,376.47,21.43,263,256,7,330.13,4.89,0.02662
787,Line_D,M01,Morning,L075,26.7,48.91,46.52,33.42,50.26,5.097,0.9,128.08,402.32,376.79,25.53,419,397,22,911.19,14.94,0.05251
788,Line_B,M12,Morning,L048,29.3,55.11,56.07,33.64,52.28,5.355,0.878,16.85,433.78,431.91,1.87,316,311,5,205.81,1.66,0.01582
789,Line_D,M12,Morning,L019,43.1,43.59,42.65,32.61,43.63,5.601,0.891,26.67,422.46,414.04,8.42,192,191,1,38.79,0.49,0.00521
790,Line_C,M05,Night,L103,39.1,41.08,41.15,31.77,45.05,4.948,0.915,7.57,410.11,401.43,8.67,218,192,26,1139.79,15.95,0.11927
791,Line_A,M07,Night,L114,25.5,42.83,41.82,28.87,38.07,4.725,0.669,20.86,407.71,405.56,2.15,269,256,13,481.86,8.39,0.04833
792,Line_B,M07,Night,L026,22.6,47.25,53.22,36.14,52.59,4.898,0.67,28.33,440.13,434.25,5.89,266,247,19,838.2,10.61,0.07143
793,Line_B,M08,Night,L024,14.6,58.17,60.28,30.48,41.16,5.353,0.508,12.93,444.7,436.39,8.32,362,351,11,537.05,4.0,0.03039
794,Line_A,M07,Night,L007,42.8,50.05,45.13,32.73,46.29,5.264,1.045,41.16,448.02,445.69,2.33,419,405,14,675.21,8.19,0.03341
795,Line_A,M15,Morning,L004,33.5,47.43,50.95,35.8,48.23,5.375,0.91,40.51,439.41,428.77,10.64,397,390,7,312.18,4.58,0.01763
796,Line_B,M15,Evening,L089,22.1,42.78,44.34,26.79,42.48,5.292,0.731,20.63,429.29,426.08,3.2,277,266,11,506.95,7.6,0.03971
797,Line_A,M16,Evening,L034,24.5,45.98,46.3,33.97,64.08,5.184,0.513,82.87,403.34,385.38,17.96,357,344,13,444.37,5.63,0.03641
798,Line_A,M08,Morning,L058,15.9,39.33,45.2,37.45,33.38,5.782,0.661,17.15,387.7,376.95,10.76,298,289,9,369.06,3.64,0.0302
799,Line_C,M12,Evening,L005,37.3,54.69,57.02,29.65,34.63,4.978,0.832,10.34,414.38,404.69,9.69,187,182,5,188.25,2.91,0.02674
800,Line_C,M01,Morning,L067,36.9,43.04,49.54,33.36,29.14,5.124,0.763,48.52,432.94,425.9,7.03,299,290,9,358.87,4.23,0.0301
801,Line_C,M01,Evening,L013,36.2,59.38,55.11,29.56,48.63,5.348,1.191,28.18,442.77,438.8,3.96,417,395,22,1058.15,9.88,0.05276
802,Line_B,M12,Night,L040,13.0,52.43,54.66,24.74,53.33,5.941,0.789,31.19,418.31,388.47,29.84,402,392,10,453.94,4.51,0.02488
803,Line_D,M11,Morning,L096,16.7,48.58,50.17,32.46,47.62,5.527,1.067,53.62,410.55,408.5,2.05,185,181,4,131.16,2.53,0.02162
804,Line_C,M02,Morning,L110,50.0,46.58,46.41,28.52,69.68,4.868,1.014,25.08,424.48,416.04,8.43,214,201,13,592.36,7.28,0.06075
805,Line_A,M11,Night,L020,12.9,47.46,50.54,38.94,30.45,5.685,0.78,16.3,416.61,411.24,5.37,186,172,14,535.22,7.46,0.07527
806,Line_A,M11,Night,L019,31.8,49.48,48.65,27.53,48.68,5.699,1.179,2.92,431.71,429.86,1.85,388,380,8,345.26,6.23,0.02062
807,Line_C,M12,Night,L009,21.0,42.64,43.16,33.87,52.99,4.273,0.702,74.49,412.7,393.85,18.85,325,297,28,1125.94,10.71,0.08615
808,Line_A,M09,Morning,L009,36.7,47.6,50.66,29.06,59.66,5.173,0.898,25.73,389.62,370.79,18.82,359,348,11,548.99,7.52,0.03064
809,Line_B,M13,Evening,L101,29.9,40.65,39.24,31.39,48.8,4.709,1.25,39.34,404.2,382.21,21.98,253,241,12,448.27,3.81,0.04743
810,Line_D,M13,Morning,L117,26.7,50.39,54.41,24.28,56.9,5.513,0.888,36.37,440.1,371.22,68.88,320,309,11,510.52,3.48,0.03438
811,Line_A,M10,Evening,L049,14.4,41.82,40.0,32.57,55.7,4.989,0.759,54.93,448.83,444.63,4.2,336,330,6,312.37,3.31,0.01786
812,Line_A,M09,Morning,L110,7.8,45.84,46.04,31.38,46.87,5.264,0.76,64.15,464.37,453.13,11.23,306,293,13,431.26,7.21,0.04248
813,Line_D,M13,Morning,L090,30.5,51.27,51.76,29.96,45.7,5.253,0.917,40.19,428.46,403.84,24.62,278,267,11,404.42,4.88,0.03957
814,Line_C,M03,Night,L047,20.0,48.43,49.39,37.65,66.47,5.507,0.605,21.17,394.58,387.62,6.96,335,309,26,1025.34,17.69,0.07761
815,Line_A,M16,Evening,L094,20.2,48.28,56.41,31.14,49.76,4.531,0.857,150.32,381.95,334.15,47.8,410,377,33,1112.76,26.9,0.08049
816,Line_D,M15,Morning,L005,11.6,42.7,36.85,36.23,73.96,5.342,1.007,26.91,408.33,404.95,3.39,240,223,17,615.22,10.64,0.07083
817,Line_D,M09,Night,L099,16.5,40.94,43.2,30.47,54.29,5.46,1.055,165.35,416.43,406.58,9.86,184,165,19,716.38,15.48,0.10326
818,Line_C,M15,Evening,L046,6.6,48.43,47.82,26.75,44.99,4.422,1.318,8.8,415.38,406.85,8.54,274,247,27,892.84,15.32,0.09854
819,Line_C,M12,Morning,L045,48.1,49.23,52.73,26.11,47.15,4.929,0.891,23.51,402.55,381.6,20.95,286,272,14,586.87,8.66,0.04895
820,Line_A,M07,Morning,L003,29.8,45.02,45.91,33.26,62.42,5.017,0.684,72.81,437.25,422.21,15.04,407,403,4,176.04,1.5,0.00983
821,Line_A,M07,Evening,L003,9.4,48.08,48.44,31.52,61.06,5.202,0.769,38.18,444.59,439.91,4.68,276,271,5,189.16,3.02,0.01812
822,Line_C,M10,Morning,L064,17.8,42.74,43.35,22.27,73.94,4.97,1.083,60.25,417.66,410.68,6.97,246,236,10,389.53,5.12,0.04065
823,Line_B,M05,Night,L065,11.8,44.57,44.84,30.11,51.34,5.263,0.995,30.3,396.19,390.05,6.14,331,312,19,738.2,12.24,0.0574
824,Line_C,M09,Night,L101,34.7,45.66,43.01,31.59,43.02,5.33,0.889,76.12,435.75,410.95,24.8,200,182,18,894.23,10.5,0.09
825,Line_D,M07,Night,L032,19.2,51.44,56.2,30.36,53.29,4.937,1.002,71.92,391.3,382.89,8.41,261,249,12,538.92,6.92,0.04598
826,Line_A,M09,Morning,L039,19.8,40.73,38.78,31.19,39.82,4.936,0.767,23.0,430.33,399.67,30.66,393,379,14,539.04,7.28,0.03562
827,Line_C,M07,Morning,L118,28.7,44.38,45.57,31.51,48.67,4.562,0.99,11.07,397.29,388.09,9.2,245,232,13,641.41,8.56,0.05306
828,Line_A,M02,Evening,L080,13.1,46.51,45.79,35.15,51.37,4.907,0.626,37.18,431.22,419.17,12.05,321,314,7,278.31,3.87,0.02181
829,Line_D,M12,Evening,L025,22.3,53.53,57.87,32.23,63.13,5.229,1.065,50.85,449.03,438.2,10.83,256,241,15,632.13,7.86,0.05859
830,Line_A,M08,Night,L045,29.4,46.92,47.01,34.3,57.64,5.457,0.727,48.4,403.72,399.16,4.56,295,286,9,331.56,4.01,0.03051
831,Line_C,M04,Evening,L098,45.8,38.4,38.75,33.47,50.7,5.04,0.697,26.32,432.29,420.99,11.3,318,295,23,1013.32,16.44,0.07233
832,Line_C,M04,Morning,L074,28.3,40.46,46.3,32.36,51.71,4.989,1.092,22.78,395.73,359.83,35.89,202,191,11,460.22,7.44,0.05446
833,Line_B,M09,Evening,L097,18.6,46.13,45.8,35.73,49.5,5.355,0.696,25.96,417.52,406.14,11.38,386,366,20,786.86,7.75,0.05181
834,Line_C,M13,Night,L056,27.0,50.83,57.93,33.51,50.91,5.659,0.816,15.11,415.93,393.45,22.48,231,212,19,762.22,10.43,0.08225
835,Line_C,M05,Night,L009,17.2,47.63,49.16,33.39,53.78,5.805,1.085,28.23,404.61,387.42,17.19,418,390,28,1186.34,15.18,0.06699
836,Line_C,M14,Night,L079,22.9,52.13,53.95,28.86,61.98,6.129,0.916,25.21,404.27,395.79,8.47,186,172,14,500.57,5.23,0.07527
837,Line_C,M13,Evening,L017,48.3,43.7,46.47,31.16,72.81,4.85,1.039,56.71,419.92,392.27,27.65,310,282,28,1279.3,13.06,0.09032
838,Line_D,M01,Morning,L075,25.1,44.66,47.64,32.08,62.86,5.278,0.763,33.73,425.76,422.42,3.34,211,207,4,177.98,3.26,0.01896
839,Line_B,M03,Night,L052,54.5,44.51,47.88,36.34,49.38,5.625,0.533,67.25,427.25,412.83,14.42,305,294,11,436.52,3.61,0.03607
840,Line_B,M12,Night,L011,13.8,45.02,41.86,24.59,48.32,5.013,0.873,9.93,427.96,418.34,9.62,345,330,15,608.44,11.11,0.04348
841,Line_A,M09,Evening,L048,24.1,57.49,59.97,37.66,39.51,5.36,0.661,56.45,402.09,379.17,22.92,343,326,17,895.92,12.22,0.04956
842,Line_D,M02,Morning,L064,15.5,54.9,54.38,34.58,45.51,5.223,1.098,31.91,441.24,426.87,14.37,414,399,15,482.24,7.54,0.03623
843,Line_C,M16,Morning,L112,8.9,50.09,54.62,28.04,56.67,4.643,0.924,27.25,405.39,397.54,7.85,338,322,16,658.49,5.79,0.04734
844,Line_B,M01,Morning,L002,12.5,50.61,50.2,29.92,48.1,4.936,0.97,27.74,396.63,388.59,8.03,415,400,15,682.36,11.06,0.03614
845,Line_A,M07,Morning,L109,22.5,50.75,55.13,33.82,38.71,5.287,0.785,50.87,401.78,391.9,9.88,414,403,11,393.72,6.35,0.02657
846,Line_D,M01,Night,L120,42.3,46.33,49.67,26.67,44.64,5.66,0.813,38.04,396.53,391.54,4.99,355,346,9,396.28,4.76,0.02535
847,Line_B,M15,Evening,L061,23.4,58.42,58.9,29.22,66.66,5.398,0.882,28.56,408.05,399.14,8.91,330,318,12,457.46,6.72,0.03636
848,Line_C,M08,Morning,L035,23.8,49.31,54.44,27.87,55.42,5.181,0.675,40.28,429.53,418.06,11.47,370,357,13,514.01,3.25,0.03514
849,Line_A,M10,Morning,L012,21.1,45.66,45.06,30.79,50.4,4.78,1.082,35.33,419.49,411.88,7.61,285,283,2,91.0,1.32,0.00702
850,Line_D,M14,Morning,L076,22.6,49.31,46.48,22.3,68.51,4.635,0.698,33.24,408.74,406.62,2.12,260,247,13,554.41,5.74,0.05
851,Line_A,M05,Evening,L104,12.7,42.53,45.31,31.1,60.24,5.722,1.02,66.95,393.07,378.04,15.03,278,274,4,148.42,2.09,0.01439
852,Line_A,M05,Evening,L043,4.8,53.16,56.84,31.61,66.46,4.471,1.041,72.97,411.95,383.41,28.54,224,211,13,463.6,7.16,0.05804
853,Line_D,M11,Night,L074,23.9,44.3,44.94,30.32,54.46,5.363,0.416,67.19,435.56,424.54,11.01,328,316,12,536.8,9.2,0.03659
854,Line_D,M15,Morning,L088,43.7,49.65,47.11,27.32,64.64,5.667,0.733,30.89,399.89,388.27,11.62,306,290,16,639.71,9.93,0.05229
855,Line_A,M03,Night,L045,38.8,46.83,48.35,28.67,61.28,4.535,0.594,56.59,413.47,403.71,9.77,366,344,22,710.64,15.05,0.06011
856,Line_B,M07,Morning,L003,48.0,47.18,48.3,30.65,66.19,5.84,0.943,30.69,415.26,401.02,14.24,296,292,4,153.23,1.7,0.01351
857,Line_C,M05,Night,L009,13.7,51.26,53.51,27.92,49.71,4.626,0.753,40.0,424.33,419.45,4.88,394,362,32,1570.51,18.86,0.08122
858,Line_D,M04,Evening,L096,31.1,51.54,52.74,28.99,39.13,5.158,0.748,19.73,414.2,367.88,46.31,271,259,12,546.53,5.98,0.04428
859,Line_B,M04,Night,L027,54.6,47.2,47.62,29.17,42.01,4.99,0.315,10.85,404.26,391.88,12.38,224,216,8,314.07,2.39,0.03571
860,Line_B,M08,Night,L053,29.5,47.29,43.21,32.8,61.72,4.441,1.073,76.23,386.3,375.05,11.25,379,356,23,968.31,7.93,0.06069
861,Line_C,M02,Evening,L119,20.2,54.25,54.44,31.28,50.26,4.841,0.847,108.34,420.31,403.8,16.52,210,197,13,572.53,6.24,0.0619
862,Line_C,M11,Evening,L115,13.3,35.56,37.52,25.24,59.43,5.71,0.664,8.03,404.66,388.34,16.32,196,188,8,393.53,2.68,0.04082
863,Line_D,M03,Morning,L089,48.3,53.45,52.19,24.19,51.58,5.527,1.09,22.48,417.07,397.26,19.81,321,314,7,293.55,4.03,0.02181
864,Line_C,M09,Morning,L081,26.1,50.6,53.89,32.81,41.78,5.762,0.755,20.77,456.75,441.88,14.87,341,323,18,770.18,11.51,0.05279
865,Line_A,M04,Morning,L102,7.3,56.66,53.74,30.25,41.28,5.251,0.775,26.33,407.53,401.49,6.05,374,356,18,725.04,13.23,0.04813
866,Line_D,M08,Morning,L041,15.4,45.93,46.85,26.49,50.15,5.093,1.019,24.44,430.86,424.28,6.58,212,209,3,118.45,2.11,0.01415
867,Line_D,M03,Morning,L058,7.8,45.36,44.49,32.88,45.75,4.555,0.985,31.06,428.55,422.18,6.37,261,248,13,480.83,7.91,0.04981
868,Line_D,M04,Morning,L091,23.9,41.1,40.17,26.81,43.65,4.977,1.07,4.6,393.09,387.84,5.25,236,225,11,447.97,4.55,0.04661
869,Line_A,M06,Night,L043,16.3,51.06,50.44,29.1,47.19,5.255,0.929,50.19,430.89,429.54,1.35,372,359,13,560.63,7.08,0.03495
870,Line_A,M12,Night,L081,12.8,41.04,42.56,32.42,57.48,4.923,0.933,30.34,426.38,423.08,3.3,280,273,7,363.89,4.55,0.025
871,Line_C,M07,Night,L025,8.9,52.53,55.43,35.61,46.98,4.752,0.94,30.58,417.08,411.53,5.55,333,312,21,935.13,9.8,0.06306
872,Line_A,M06,Morning,L046,4.9,41.75,41.91,25.74,47.41,4.766,1.038,15.13,418.35,414.81,3.54,204,198,6,311.63,1.58,0.02941
873,Line_D,M10,Night,L073,17.5,51.6,52.66,28.63,58.3,5.573,0.932,40.42,421.88,412.36,9.52,256,245,11,474.81,4.21,0.04297
874,Line_B,M16,Morning,L071,27.2,48.42,51.12,30.17,66.43,4.765,1.071,27.02,428.68,424.24,4.44,272,269,3,135.17,2.33,0.01103
875,Line_C,M13,Morning,L082,20.2,48.04,51.13,31.59,49.67,4.671,0.943,1.19,421.91,410.88,11.03,214,192,22,897.0,10.76,0.1028
876,Line_D,M07,Morning,L010,7.1,51.41,49.38,26.34,43.71,5.121,0.511,55.25,418.18,415.21,2.97,405,394,11,422.06,6.09,0.02716
877,Line_B,M09,Morning,L048,20.3,37.29,42.82,29.2,51.35,5.285,1.122,9.1,434.76,412.36,22.39,239,228,11,422.21,7.65,0.04603
878,Line_B,M04,Morning,L111,32.6,49.74,52.37,29.62,59.17,5.482,0.999,55.25,437.06,390.26,46.8,210,200,10,390.25,6.95,0.04762
879,Line_C,M12,Night,L070,16.4,49.57,56.09,36.81,45.53,4.788,1.18,11.72,447.0,441.62,5.39,209,197,12,470.07,5.05,0.05742
880,Line_C,M14,Night,L016,22.4,49.31,52.37,31.42,61.4,4.801,0.991,13.38,369.71,364.41,5.29,330,313,17,510.0,10.93,0.05152
881,Line_B,M14,Evening,L110,26.4,49.33,42.39,32.73,55.17,5.897,1.131,29.12,409.06,403.44,5.63,285,278,7,274.56,4.14,0.02456
882,Line_C,M04,Morning,L087,7.9,41.2,40.83,26.5,58.37,5.045,0.771,13.05,414.63,391.25,23.38,323,306,17,891.41,6.59,0.05263
883,Line_D,M12,Evening,L037,25.5,45.66,46.93,31.54,47.69,5.346,0.481,16.09,422.92,415.75,7.18,262,258,4,198.55,1.95,0.01527
884,Line_B,M03,Evening,L108,26.2,46.47,46.24,30.9,59.39,4.745,1.115,73.57,416.06,412.79,3.27,275,264,11,422.05,4.54,0.04
885,Line_A,M01,Night,L043,7.4,57.2,55.23,41.65,41.49,5.109,0.81,28.89,429.5,421.15,8.35,399,377,22,921.17,11.77,0.05514
886,Line_B,M12,Morning,L072,34.1,45.49,45.35,26.44,62.26,5.41,0.529,17.95,431.33,416.25,15.07,374,370,4,174.63,2.4,0.0107
887,Line_B,M07,Morning,L064,19.1,46.88,45.52,31.42,61.61,4.794,0.579,119.7,449.12,435.33,13.78,396,371,25,1024.85,11.22,0.06313
888,Line_A,M05,Morning,L075,29.3,51.26,53.86,26.99,56.91,5.188,0.776,57.92,398.28,377.85,20.43,232,231,1,41.79,0.53,0.00431
889,Line_A,M09,Night,L116,35.1,43.17,41.73,31.68,48.23,4.989,0.905,57.88,436.9,434.14,2.76,229,219,10,446.78,5.97,0.04367
890,Line_C,M07,Evening,L043,17.9,46.89,47.22,38.59,48.01,5.339,0.569,24.56,410.83,405.25,5.58,204,194,10,427.76,4.64,0.04902
891,Line_B,M04,Night,L043,19.4,49.68,49.47,34.84,53.55,6.035,1.243,21.68,414.31,376.1,38.21,209,191,18,642.78,9.22,0.08612
892,Line_D,M08,Evening,L078,28.2,49.07,54.24,26.67,61.94,4.578,1.082,93.97,470.0,455.2,14.8,243,226,17,729.12,5.63,0.06996
893,Line_A,M01,Evening,L043,16.6,43.84,44.5,34.73,67.88,5.683,0.851,18.39,410.95,404.46,6.5,356,348,8,364.45,6.78,0.02247
894,Line_A,M13,Morning,L062,24.2,43.95,39.54,29.71,44.8,5.308,1.11,26.94,409.69,384.99,24.7,261,258,3,112.05,2.0,0.01149
895,Line_C,M15,Night,L097,16.3,50.09,47.91,31.66,50.39,4.2,0.565,93.1,423.57,408.19,15.38,218,196,22,896.06,15.28,0.10092
896,Line_D,M10,Morning,L013,17.9,54.24,54.68,28.91,50.03,5.034,0.978,13.99,431.88,420.82,11.06,267,264,3,128.87,1.89,0.01124
897,Line_A,M10,Morning,L002,36.8,49.62,44.04,28.66,50.53,5.212,0.893,16.4,425.13,411.49,13.64,406,401,5,204.9,2.64,0.01232
898,Line_A,M12,Morning,L052,9.2,55.0,63.72,27.32,61.46,5.218,1.132,40.03,377.57,374.2,3.38,315,308,7,317.66,5.11,0.02222
899,Line_A,M08,Morning,L091,38.9,39.36,42.93,32.74,49.91,5.289,0.655,93.01,417.39,406.25,11.14,398,392,6,199.61,2.6,0.01508
900,Line_C,M16,Evening,L030,19.9,52.05,49.91,31.56,58.03,5.04,0.829,26.95,461.02,452.41,8.6,390,364,26,1090.99,10.33,0.06667
901,Line_B,M05,Evening,L086,20.0,49.53,45.7,33.86,59.85,5.497,1.094,45.64,439.51,437.6,1.91,419,401,18,609.3,7.07,0.04296
902,Line_A,M12,Evening,L005,61.7,45.6,48.5,35.19,58.78,4.796,0.734,26.41,431.71,412.67,19.04,349,344,5,218.38,1.78,0.01433
903,Line_A,M05,Morning,L047,7.1,49.12,49.24,28.18,42.09,5.152,0.861,22.08,426.33,421.94,4.39,402,393,9,340.66,5.54,0.02239
904,Line_B,M05,Morning,L080,39.1,55.65,57.36,28.8,56.13,5.2,0.909,110.71,439.5,418.6,20.9,314,295,19,899.95,11.92,0.06051
905,Line_D,M07,Morning,L096,39.8,54.23,49.07,23.9,48.12,5.653,1.241,22.61,426.25,416.72,9.52,205,198,7,254.89,4.38,0.03415
906,Line_C,M13,Morning,L020,5.7,44.64,43.44,37.28,54.02,5.648,0.55,55.96,437.51,421.41,16.1,199,180,19,651.2,13.14,0.09548
907,Line_B,M07,Evening,L009,61.8,49.59,49.79,30.26,57.78,5.411,1.238,116.96,414.18,385.26,28.92,356,334,22,1045.66,13.77,0.0618
908,Line_A,M14,Morning,L048,7.7,54.11,53.6,32.42,39.2,5.246,1.13,31.52,388.12,383.54,4.58,360,352,8,337.98,5.35,0.02222
909,Line_A,M07,Morning,L109,29.8,51.44,53.61,23.21,63.2,4.442,0.795,12.81,396.47,390.14,6.33,236,231,5,178.06,3.66,0.02119
910,Line_B,M07,Morning,L002,12.5,46.06,49.61,25.89,40.32,5.281,0.744,47.69,440.71,431.04,9.67,403,390,13,587.39,6.98,0.03226
911,Line_C,M09,Evening,L115,28.5,46.45,50.6,25.13,48.22,5.385,0.452,133.02,433.31,393.04,40.27,308,277,31,1272.48,17.96,0.10065
912,Line_D,M11,Morning,L091,21.0,39.34,40.93,28.0,53.33,4.705,1.308,22.68,434.28,428.04,6.24,382,370,12,390.4,8.33,0.03141
913,Line_D,M07,Evening,L100,17.9,45.5,47.65,35.44,42.11,4.631,0.944,11.86,448.43,432.33,16.11,389,366,23,1058.22,11.07,0.05913
914,Line_D,M08,Morning,L015,22.5,44.69,44.78,33.03,43.24,4.893,0.85,21.18,443.66,439.28,4.38,237,233,4,130.11,1.67,0.01688
915,Line_D,M01,Evening,L063,20.7,43.09,40.81,22.77,55.73,4.383,1.082,43.29,419.49,414.55,4.94,357,342,15,636.81,10.43,0.04202
916,Line_D,M03,Morning,L075,25.3,49.42,49.3,28.43,50.32,5.013,0.922,40.28,436.96,430.75,6.21,231,227,4,184.46,2.93,0.01732
917,Line_A,M03,Morning,L014,63.0,47.14,46.44,32.43,63.42,4.917,0.594,32.12,444.15,442.21,1.94,302,302,0,0.0,0.0,0.0
918,Line_A,M12,Night,L062,34.0,47.02,47.18,25.79,54.74,5.588,0.717,7.12,423.33,420.87,2.46,346,340,6,265.05,2.05,0.01734
919,Line_B,M06,Night,L107,24.2,47.24,46.12,36.23,51.74,5.468,0.701,15.79,393.82,388.66,5.16,304,285,19,864.87,14.47,0.0625
920,Line_C,M08,Evening,L118,54.5,56.58,53.81,30.39,48.99,5.304,1.247,35.23,391.1,376.75,14.35,383,359,24,1091.72,10.72,0.06266
921,Line_A,M09,Morning,L111,11.5,46.18,41.79,31.51,57.04,4.165,0.897,2.78,442.01,432.25,9.76,196,182,14,555.03,8.19,0.07143
922,Line_D,M06,Night,L037,26.7,43.63,43.17,33.34,55.03,5.084,1.143,23.61,409.77,402.45,7.32,290,278,12,526.36,7.85,0.04138
923,Line_C,M03,Evening,L053,17.2,51.13,53.16,35.16,45.8,5.37,0.549,71.08,416.39,398.72,17.66,378,356,22,1017.77,16.68,0.0582
924,Line_C,M08,Evening,L045,35.8,47.52,45.8,30.75,54.29,6.262,1.225,17.11,438.48,421.62,16.86,235,221,14,639.49,5.25,0.05957
925,Line_A,M06,Evening,L052,30.4,49.08,51.11,29.21,62.58,5.385,1.12,24.18,438.54,437.83,0.71,223,219,4,160.1,1.98,0.01794
926,Line_A,M10,Evening,L008,15.8,53.97,54.26,27.76,55.75,5.084,0.882,108.8,414.56,393.36,21.2,417,399,18,763.95,11.53,0.04317
927,Line_A,M11,Evening,L004,24.3,46.98,50.64,28.49,38.84,5.152,0.852,27.95,394.37,387.5,6.88,366,357,9,346.98,3.93,0.02459
928,Line_D,M13,Morning,L047,11.0,55.63,50.93,32.12,55.1,5.26,0.759,11.58,432.5,414.84,17.66,196,186,10,385.09,5.99,0.05102
929,Line_C,M09,Evening,L116,35.6,48.18,50.95,26.01,49.66,5.404,0.964,88.37,427.73,397.31,30.42,226,211,15,524.05,9.9,0.06637
930,Line_C,M15,Morning,L080,12.7,48.87,46.85,30.86,25.52,5.826,1.087,50.63,430.86,422.26,8.6,185,179,6,242.71,2.74,0.03243
931,Line_B,M16,Evening,L039,26.0,54.35,48.01,31.3,59.48,5.103,1.326,27.99,441.17,437.8,3.38,388,371,17,596.97,12.36,0.04381
932,Line_B,M11,Morning,L068,10.2,49.24,47.93,37.91,74.87,4.663,0.779,52.59,438.64,432.99,5.65,267,239,28,1198.55,18.07,0.10487
933,Line_B,M15,Night,L103,36.9,54.67,51.12,32.75,42.8,5.327,0.742,43.87,443.26,442.0,1.26,343,325,18,588.05,8.67,0.05248
934,Line_C,M16,Night,L052,26.5,48.39,48.22,30.66,50.8,5.397,0.768,44.27,408.79,407.99,0.8,262,244,18,806.11,12.27,0.0687
935,Line_C,M14,Evening,L078,9.4,46.62,45.35,28.67,44.14,4.904,1.227,158.97,446.21,442.57,3.63,357,327,30,1230.22,14.4,0.08403
936,Line_A,M03,Night,L096,15.9,47.54,50.68,31.78,64.92,5.249,0.713,8.49,437.78,429.63,8.15,342,332,10,402.76,6.62,0.02924
937,Line_D,M11,Morning,L036,17.3,55.08,60.64,32.18,48.45,5.2,0.771,43.49,436.08,429.89,6.19,192,192,0,0.0,0.0,0.0
938,Line_A,M03,Evening,L005,26.9,46.45,47.96,32.9,43.81,5.517,0.423,11.33,436.67,436.31,0.36,363,357,6,217.13,3.48,0.01653
939,Line_D,M05,Evening,L080,51.5,52.1,51.54,23.44,47.89,5.18,0.975,29.18,418.02,414.47,3.55,373,370,3,115.42,1.54,0.00804
940,Line_A,M13,Evening,L113,9.9,49.01,51.05,30.16,46.09,5.452,0.78,61.66,448.82,420.2,28.61,396,382,14,668.03,7.55,0.03535
941,Line_A,M09,Evening,L113,19.2,47.41,50.57,26.05,62.54,4.941,0.909,32.69,451.43,424.35,27.08,408,387,21,901.91,13.9,0.05147
942,Line_D,M11,Morning,L119,13.1,43.21,47.01,38.75,68.14,5.526,0.958,28.88,424.04,422.19,1.85,372,358,14,611.48,6.79,0.03763
943,Line_A,M07,Evening,L068,43.4,48.04,51.42,31.34,52.9,4.523,0.932,28.55,416.81,410.66,6.15,297,287,10,483.95,5.14,0.03367
944,Line_B,M14,Morning,L061,23.0,45.49,51.13,27.12,42.9,4.766,0.951,57.24,431.96,417.94,14.02,347,340,7,260.13,4.42,0.02017
945,Line_B,M06,Evening,L017,42.4,54.85,55.67,26.03,50.01,4.128,1.253,35.19,403.87,394.85,9.01,418,391,27,918.97,15.98,0.06459
946,Line_A,M11,Morning,L023,16.0,50.4,59.35,30.7,71.5,5.715,0.72,77.88,407.3,388.72,18.58,216,208,8,359.89,5.77,0.03704
947,Line_C,M13,Evening,L115,22.4,52.32,58.1,31.75,50.4,5.381,0.729,64.01,432.77,419.68,13.09,334,306,28,1326.08,18.18,0.08383
948,Line_D,M01,Evening,L091,27.6,45.98,46.06,29.3,50.88,4.766,0.712,47.37,420.13,415.33,4.8,406,394,12,441.26,4.65,0.02956
949,Line_D,M14,Evening,L102,60.0,45.86,45.56,30.03,45.5,5.339,1.126,34.54,410.99,408.55,2.45,356,355,1,45.07,0.53,0.00281
950,Line_B,M11,Evening,L045,18.2,47.26,48.25,28.7,51.38,5.431,0.888,81.25,431.14,425.82,5.31,317,308,9,300.41,4.52,0.02839
951,Line_C,M04,Night,L073,10.1,47.59,50.71,37.74,50.57,5.772,0.462,31.64,423.78,408.65,15.13,224,201,23,1053.04,14.09,0.10268
952,Line_A,M04,Night,L066,28.0,47.22,47.27,31.39,59.23,5.02,1.018,17.36,424.68,419.37,5.31,190,183,7,227.02,4.59,0.03684
953,Line_A,M02,Morning,L045,11.1,45.36,50.16,24.62,57.88,5.497,0.873,78.62,392.76,383.69,9.07,197,192,5,217.08,3.68,0.02538
954,Line_A,M08,Night,L095,14.8,49.82,44.6,24.74,48.12,4.681,0.524,30.78,389.63,380.52,9.12,302,293,9,375.06,4.62,0.0298
955,Line_D,M01,Evening,L021,29.1,44.95,43.23,29.21,70.67,5.014,0.836,35.03,404.18,401.99,2.19,244,236,8,330.59,6.11,0.03279
956,Line_D,M12,Morning,L056,28.0,56.31,52.96,31.02,57.3,5.322,0.694,67.16,423.3,413.1,10.21,371,364,7,324.26,3.81,0.01887
957,Line_C,M02,Evening,L045,13.4,49.3,50.59,35.77,71.68,4.916,0.978,48.57,440.22,425.7,14.51,195,189,6,191.39,4.27,0.03077
958,Line_B,M11,Evening,L026,23.1,52.65,46.46,31.5,61.48,4.668,0.736,34.35,442.47,426.48,15.98,240,225,15,557.52,6.59,0.0625
959,Line_B,M12,Morning,L095,15.9,44.19,50.33,27.04,60.66,5.647,1.203,15.69,408.46,401.67,6.79,258,246,12,577.54,6.15,0.04651
960,Line_C,M07,Evening,L112,24.2,43.98,45.83,30.13,53.62,5.468,1.247,33.67,424.66,409.03,15.63,324,299,25,1042.98,9.55,0.07716
961,Line_C,M06,Evening,L070,17.9,50.24,55.08,36.45,60.47,5.213,0.757,65.04,397.02,393.96,3.07,396,380,16,619.25,5.58,0.0404
962,Line_B,M12,Evening,L010,36.9,49.12,49.45,30.63,55.16,4.832,1.09,16.44,422.26,421.7,0.56,402,392,10,404.4,4.72,0.02488
963,Line_A,M15,Morning,L108,33.1,49.02,51.26,25.17,35.84,4.765,0.871,35.62,412.34,392.14,20.2,288,287,1,45.58,0.59,0.00347
964,Line_A,M16,Night,L053,9.0,46.76,49.36,34.08,52.68,5.672,1.161,42.95,398.49,397.47,1.02,355,345,10,399.1,5.68,0.02817
965,Line_D,M10,Evening,L032,23.1,42.94,42.75,26.46,37.9,5.828,0.619,38.58,407.97,404.22,3.75,339,331,8,328.41,3.26,0.0236
966,Line_B,M04,Evening,L051,17.3,45.71,44.39,34.34,54.73,4.743,0.773,26.19,460.67,453.77,6.9,374,360,14,577.58,8.92,0.03743
967,Line_D,M06,Night,L012,31.1,47.69,48.44,34.1,43.45,5.236,0.866,35.24,409.77,406.92,2.84,181,177,4,152.9,1.81,0.0221
968,Line_A,M02,Night,L060,16.5,50.95,51.3,34.04,54.07,5.052,1.388,25.41,444.23,440.6,3.62,270,258,12,433.74,7.27,0.04444
969,Line_C,M01,Morning,L110,24.5,47.98,50.14,24.28,69.26,6.173,0.86,26.54,433.01,429.18,3.82,310,293,17,697.51,10.54,0.05484
970,Line_A,M03,Morning,L055,11.6,47.01,47.43,29.25,53.66,5.461,0.847,22.01,413.68,405.81,7.87,212,209,3,103.2,2.02,0.01415
971,Line_A,M13,Night,L094,6.5,50.48,52.47,33.53,67.55,4.775,0.917,6.91,402.48,368.14,34.35,306,292,14,568.45,7.93,0.04575
972,Line_A,M08,Morning,L021,22.0,49.2,47.93,34.72,43.7,5.253,0.976,14.17,402.57,392.32,10.25,227,222,5,183.2,2.66,0.02203
973,Line_A,M10,Morning,L101,12.1,57.18,52.86,38.49,42.2,5.057,1.133,11.06,437.55,426.36,11.19,291,285,6,251.55,3.56,0.02062
974,Line_D,M05,Morning,L030,24.6,41.15,43.43,30.63,56.26,5.006,0.82,33.7,424.91,415.18,9.73,395,391,4,138.95,2.33,0.01013
975,Line_B,M01,Night,L104,4.2,55.36,55.65,35.12,57.27,5.508,0.876,124.15,401.19,389.0,12.19,330,311,19,931.15,12.37,0.05758
976,Line_C,M08,Evening,L065,37.4,48.42,50.68,31.67,48.11,5.538,1.076,18.23,408.2,388.03,20.17,192,183,9,361.2,6.62,0.04688
977,Line_B,M07,Morning,L068,18.0,47.52,47.42,27.87,57.43,4.946,0.929,57.94,424.85,397.38,27.47,268,261,7,230.93,2.44,0.02612
978,Line_B,M02,Morning,L004,13.5,50.24,51.05,26.22,30.47,5.231,0.764,41.43,409.67,405.57,4.1,341,328,13,574.87,8.42,0.03812
979,Line_C,M11,Evening,L070,35.5,43.1,44.65,26.7,56.44,5.484,0.729,36.64,409.13,404.52,4.61,197,187,10,407.22,4.17,0.05076
980,Line_A,M04,Morning,L037,47.4,48.03,47.41,28.67,46.57,5.639,0.862,40.31,405.26,400.81,4.46,408,399,9,402.27,4.64,0.02206
981,Line_D,M09,Evening,L015,29.5,47.44,45.43,26.04,49.7,5.036,1.267,40.03,383.28,379.83,3.46,279,266,13,545.62,8.74,0.04659
982,Line_D,M06,Night,L001,19.0,50.5,45.33,31.32,56.97,4.856,1.195,31.77,422.3,415.66,6.64,399,371,28,1016.08,17.6,0.07018
983,Line_C,M02,Morning,L105,39.0,49.98,52.5,29.67,51.05,4.874,0.843,26.87,427.08,418.88,8.2,324,313,11,413.88,6.27,0.03395
984,Line_B,M15,Morning,L038,33.8,49.39,54.97,30.64,69.88,5.163,0.42,16.48,425.19,421.22,3.97,249,239,10,476.44,3.55,0.04016
985,Line_A,M11,Evening,L061,53.0,48.24,47.25,33.55,49.29,5.035,0.787,55.92,406.73,403.02,3.71,216,212,4,165.46,2.26,0.01852
986,Line_D,M05,Evening,L038,26.8,51.5,50.4,32.86,65.2,5.717,0.663,38.37,404.25,396.03,8.21,325,320,5,186.43,3.3,0.01538
987,Line_B,M04,Morning,L030,26.1,47.76,45.31,29.76,44.73,5.333,1.114,39.22,406.29,386.88,19.41,335,324,11,436.97,3.85,0.03284
988,Line_A,M01,Evening,L055,20.4,52.05,56.38,24.86,37.93,4.482,0.933,39.59,419.7,410.67,9.03,388,371,17,721.44,9.26,0.04381
989,Line_B,M13,Morning,L116,18.1,42.59,44.22,28.05,46.97,4.272,0.729,29.16,424.92,399.9,25.01,340,317,23,1059.86,10.88,0.06765
990,Line_D,M05,Morning,L086,20.7,44.22,43.52,28.62,38.76,4.704,1.314,18.41,456.2,450.34,5.86,260,249,11,554.38,5.52,0.04231
991,Line_C,M04,Night,L091,26.9,50.56,48.21,29.49,71.27,5.085,0.594,37.62,430.24,406.71,23.54,374,340,34,1308.51,19.0,0.09091
992,Line_C,M15,Evening,L073,34.6,44.98,48.15,32.72,49.94,4.638,0.911,54.07,426.18,420.8,5.38,207,197,10,421.34,6.34,0.04831
993,Line_D,M16,Evening,L092,37.4,45.42,42.15,28.2,44.63,5.317,0.6,11.23,394.59,393.48,1.11,337,330,7,369.63,3.97,0.02077
994,Line_A,M07,Evening,L109,30.0,40.84,39.99,28.06,64.08,4.584,0.538,88.91,422.14,411.42,10.72,331,306,25,1062.98,16.14,0.07553
995,Line_D,M10,Night,L078,35.8,43.59,45.2,24.38,49.3,5.505,0.787,42.2,429.34,402.15,27.18,251,245,6,309.66,3.08,0.0239
996,Line_B,M14,Evening,L001,7.0,45.7,45.75,28.22,69.48,5.102,1.214,9.74,399.14,398.01,1.13,337,311,26,1037.63,17.88,0.07715
997,Line_C,M10,Morning,L106,26.1,44.5,47.24,28.22,43.32,4.826,0.998,4.67,429.06,420.02,9.04,291,280,11,408.79,7.91,0.0378
998,Line_A,M05,Morning,L058,32.9,50.01,50.03,35.48,64.12,5.136,1.141,20.86,459.36,454.29,5.07,250,245,5,181.19,4.02,0.02
999,Line_D,M13,Night,L059,16.7,51.86,48.04,27.29,34.6,5.607,0.77,15.85,401.93,392.67,9.26,185,174,11,443.19,5.05,0.05946
1000,Line_B,M03,Night,L043,2.1,44.14,42.5,38.94,62.14,5.137,1.054,68.9,414.73,402.15,12.58,318,300,18,680.78,6.69,0.0566
1001,Line_A,M09,Night,L050,24.8,56.96,62.38,27.76,56.53,4.703,1.071,24.2,417.41,407.61,9.8,241,228,13,579.68,7.93,0.05394
1002,Line_B,M08,Morning,L112,35.0,44.38,44.13,32.84,60.16,4.835,1.051,32.46,436.85,435.75,1.1,330,322,8,311.16,3.73,0.02424
1003,Line_A,M10,Evening,L047,23.9,40.75,36.27,29.37,46.54,4.991,1.226,20.82,398.82,393.15,5.67,200,192,8,349.84,3.76,0.04
1004,Line_A,M12,Evening,L047,7.4,57.34,54.01,25.88,42.31,5.294,1.004,35.4,432.72,416.32,16.4,392,386,6,226.31,3.32,0.01531
1005,Line_C,M01,Evening,L110,7.2,50.19,49.51,24.52,42.53,5.641,0.868,61.8,421.07,418.76,2.3,277,264,13,497.91,7.51,0.04693
1006,Line_B,M14,Night,L102,22.9,43.93,41.41,29.05,68.2,4.87,0.792,58.93,461.14,431.62,29.52,369,343,26,1165.1,13.31,0.07046
1007,Line_D,M05,Night,L065,14.4,51.88,48.52,30.41,43.09,5.013,0.935,78.85,415.98,396.05,19.94,332,315,17,790.23,10.74,0.0512
1008,Line_B,M04,Morning,L079,26.3,53.14,57.02,26.56,58.48,5.31,1.047,14.32,432.51,398.27,34.24,186,175,11,453.42,5.93,0.05914
1009,Line_C,M09,Morning,L075,24.0,50.04,52.84,28.49,55.95,5.238,0.801,9.83,429.56,386.85,42.71,236,223,13,538.94,6.33,0.05508
1010,Line_B,M16,Morning,L104,17.3,50.77,46.96,25.67,47.99,5.079,0.835,17.47,422.87,409.97,12.9,308,299,9,458.55,5.92,0.02922
1011,Line_C,M14,Night,L082,26.0,51.23,54.35,32.42,41.17,4.622,1.016,53.2,442.17,432.8,9.37,298,285,13,629.63,5.86,0.04362
1012,Line_C,M08,Night,L030,28.9,42.38,44.92,33.76,57.39,6.464,0.96,23.46,425.53,410.31,15.22,248,236,12,512.59,5.04,0.04839
1013,Line_B,M10,Evening,L113,21.2,45.23,45.08,28.72,62.53,5.608,0.961,50.2,386.3,384.2,2.1,248,247,1,37.94,0.57,0.00403
1014,Line_D,M09,Morning,L033,13.8,44.11,44.09,29.52,59.94,6.003,0.924,11.55,428.74,420.75,7.99,191,184,7,341.86,5.06,0.03665
1015,Line_B,M11,Evening,L114,20.9,40.89,42.2,34.82,52.3,6.057,1.006,29.7,434.15,428.89,5.26,299,289,10,559.85,6.33,0.03344
1016,Line_A,M14,Evening,L055,38.2,48.48,52.5,28.69,39.72,4.694,0.909,28.39,421.57,390.13,31.44,296,287,9,345.05,4.88,0.03041
1017,Line_C,M03,Night,L104,3.4,42.38,41.36,30.33,44.64,4.927,1.153,49.16,410.97,408.84,2.13,291,272,19,735.12,9.87,0.06529
1018,Line_D,M07,Night,L053,14.5,53.17,46.1,26.35,49.08,6.474,0.806,25.05,421.02,411.78,9.24,225,217,8,337.97,5.64,0.03556
1019,Line_A,M10,Morning,L008,33.2,47.72,47.74,38.94,50.85,4.337,0.786,8.28,399.28,385.84,13.44,359,345,14,665.37,7.23,0.039
1020,Line_B,M13,Morning,L069,30.6,41.62,45.88,28.81,62.98,4.706,0.725,15.99,405.75,384.98,20.77,366,350,16,587.55,7.83,0.04372
1021,Line_D,M02,Morning,L083,5.1,44.52,46.57,23.82,61.97,5.117,0.907,34.35,447.24,435.64,11.6,277,270,7,301.26,2.96,0.02527
1022,Line_C,M10,Evening,L039,34.2,51.83,53.14,30.89,58.23,5.484,0.847,25.15,418.11,405.16,12.95,255,241,14,668.37,7.61,0.0549
1023,Line_D,M13,Morning,L120,18.1,50.07,54.15,30.61,38.75,5.461,0.637,19.72,425.18,412.74,12.44,271,259,12,505.31,6.23,0.04428
1024,Line_C,M03,Evening,L081,65.9,45.5,49.41,34.13,53.38,4.636,0.821,22.58,410.43,405.75,4.68,329,308,21,1094.78,13.83,0.06383
1025,Line_C,M03,Evening,L110,23.2,54.06,52.48,39.42,55.73,5.501,0.755,19.76,445.54,441.37,4.17,203,189,14,618.8,6.71,0.06897
1026,Line_B,M01,Evening,L032,26.8,38.77,40.88,28.97,47.99,5.557,0.726,40.75,427.88,418.24,9.64,299,291,8,320.29,2.85,0.02676
1027,Line_D,M14,Night,L012,34.2,53.64,59.74,26.22,60.87,5.278,0.797,45.54,402.76,400.94,1.83,217,209,8,377.06,3.14,0.03687
1028,Line_B,M15,Evening,L078,35.0,44.36,46.32,26.39,48.85,5.478,0.997,50.1,460.94,451.74,9.2,386,372,14,617.45,6.73,0.03627
1029,Line_C,M08,Night,L047,32.5,54.98,55.74,35.76,50.84,5.83,0.412,22.08,412.19,405.02,7.18,357,335,22,792.34,16.35,0.06162
1030,Line_B,M14,Night,L039,11.5,50.64,49.89,33.52,56.55,5.721,1.156,28.26,413.44,409.62,3.82,334,322,12,506.33,7.33,0.03593
1031,Line_C,M10,Morning,L043,22.2,51.21,48.89,32.47,33.74,5.302,0.657,20.73,412.15,408.17,3.98,345,330,15,705.28,7.97,0.04348
1032,Line_C,M16,Morning,L086,10.4,50.7,51.97,26.75,57.71,5.49,0.646,43.63,413.11,411.8,1.31,275,262,13,614.69,6.47,0.04727
1033,Line_B,M02,Morning,L013,32.6,49.38,51.39,27.91,50.45,5.463,0.7,34.26,434.33,417.32,17.01,382,377,5,159.0,3.57,0.01309
1034,Line_D,M11,Night,L034,46.8,46.8,47.72,33.73,43.91,5.015,0.738,43.61,447.91,424.89,23.02,311,301,10,468.28,5.1,0.03215
1035,Line_B,M12,Evening,L017,42.2,47.68,49.22,34.7,51.43,4.505,0.933,18.31,406.55,387.4,19.16,386,362,24,1173.27,18.78,0.06218
1036,Line_C,M11,Evening,L018,25.7,51.16,53.91,30.46,66.76,4.621,0.785,22.36,410.62,404.25,6.38,307,288,19,794.48,5.74,0.06189
1037,Line_B,M08,Evening,L052,21.7,45.5,50.8,30.63,28.97,4.512,0.935,34.64,411.91,395.8,16.11,205,192,13,418.91,6.96,0.06341
1038,Line_B,M04,Evening,L059,14.0,45.43,43.98,28.59,51.29,5.936,0.522,75.55,450.11,423.14,26.98,220,204,16,682.7,8.14,0.07273
1039,Line_B,M03,Morning,L031,30.2,47.52,51.55,27.05,53.32,5.788,0.959,71.12,436.7,392.14,44.56,354,337,17,626.72,9.86,0.04802
1040,Line_A,M11,Morning,L028,9.8,48.22,55.3,33.98,55.28,5.063,0.906,20.5,443.4,437.93,5.46,386,382,4,157.55,2.13,0.01036
1041,Line_A,M10,Night,L024,17.4,45.97,48.5,29.94,60.05,5.111,0.923,28.17,458.35,446.66,11.68,419,409,10,336.44,6.77,0.02387
1042,Line_C,M08,Morning,L050,48.7,54.3,52.3,28.5,55.18,4.805,0.69,77.51,405.92,388.1,17.83,219,209,10,412.13,6.25,0.04566
1043,Line_C,M01,Morning,L021,12.8,51.79,49.52,29.21,47.19,4.72,0.888,22.89,414.48,397.65,16.83,361,342,19,693.5,10.68,0.05263
1044,Line_C,M07,Night,L008,34.6,51.48,55.78,26.34,58.27,5.492,0.712,21.89,417.67,409.66,8.01,268,254,14,639.86,6.97,0.05224
1045,Line_A,M14,Night,L075,27.3,38.36,43.77,29.48,55.33,5.364,0.605,98.97,432.44,395.47,36.97,388,369,19,725.39,10.5,0.04897
1046,Line_B,M11,Evening,L097,24.4,46.91,49.75,34.07,60.04,4.985,0.738,34.16,423.54,414.54,9.0,236,229,7,295.33,4.6,0.02966
1047,Line_A,M13,Evening,L007,41.5,41.4,41.45,33.03,39.57,4.891,0.75,43.64,407.11,396.74,10.38,311,305,6,309.15,2.8,0.01929
1048,Line_C,M02,Night,L075,39.6,42.17,43.76,33.01,50.64,5.734,0.933,23.88,403.01,384.25,18.77,413,387,26,1342.27,15.22,0.06295
1049,Line_D,M08,Evening,L102,43.5,47.06,48.33,27.67,42.73,5.58,0.407,40.56,418.45,409.35,9.1,335,329,6,244.19,2.88,0.01791
1050,Line_A,M09,Night,L029,19.3,48.2,53.28,22.66,62.93,5.541,0.646,35.45,411.44,388.35,23.09,302,287,15,756.59,6.81,0.04967
1051,Line_C,M13,Night,L073,34.0,56.52,54.94,27.54,48.29,4.808,0.749,29.52,437.31,425.04,12.27,275,257,18,853.04,13.28,0.06545
1052,Line_A,M13,Morning,L050,21.1,49.53,47.7,27.41,52.15,5.111,1.238,33.62,394.3,342.96,51.34,407,387,20,882.15,11.18,0.04914
1053,Line_A,M02,Evening,L075,35.9,54.49,50.16,28.36,37.51,5.526,1.162,19.57,444.91,433.64,11.28,297,292,5,212.43,2.89,0.01684
1054,Line_A,M14,Night,L112,17.5,40.16,43.24,35.93,54.39,4.643,1.069,66.15,402.08,391.21,10.87,271,254,17,738.48,8.31,0.06273
1055,Line_B,M01,Evening,L002,29.3,52.23,48.12,32.59,49.82,6.067,0.745,13.58,414.98,408.19,6.79,231,226,5,150.0,3.53,0.02165
1056,Line_C,M08,Evening,L036,23.4,58.94,58.21,31.82,53.55,5.211,1.023,43.36,438.22,429.46,8.76,314,306,8,364.53,4.94,0.02548
1057,Line_D,M04,Evening,L027,29.0,53.81,53.78,34.34,40.52,4.488,0.912,29.23,366.86,345.18,21.67,189,173,16,551.75,5.88,0.08466
1058,Line_A,M06,Night,L030,23.4,43.95,45.4,32.66,47.42,5.227,0.86,43.64,411.2,401.27,9.93,321,305,16,605.84,8.23,0.04984
1059,Line_C,M07,Evening,L008,36.1,56.29,52.52,29.68,53.46,5.341,1.377,10.28,398.86,392.26,6.6,212,200,12,564.86,5.62,0.0566
1060,Line_C,M10,Evening,L050,15.8,46.63,45.73,35.38,34.27,5.914,1.0,43.62,397.17,387.01,10.16,364,342,22,837.47,13.85,0.06044
1061,Line_D,M01,Evening,L118,26.0,42.13,42.58,35.43,65.29,5.23,0.608,105.67,441.82,438.53,3.29,254,241,13,577.05,7.24,0.05118
1062,Line_C,M03,Evening,L091,24.2,44.76,41.39,29.75,62.12,4.791,1.095,24.94,400.46,395.56,4.9,412,391,21,722.67,10.54,0.05097
1063,Line_A,M12,Morning,L059,27.7,43.57,39.32,29.76,53.66,5.378,0.843,165.17,418.77,410.14,8.63,240,223,17,762.7,10.8,0.07083
1064,Line_C,M02,Morning,L056,24.3,44.49,44.05,29.94,52.41,5.641,1.21,63.98,436.51,422.96,13.54,214,201,13,585.6,7.7,0.06075
1065,Line_B,M04,Morning,L101,17.9,41.52,44.4,34.79,57.76,5.223,0.797,21.25,404.76,384.56,20.21,213,196,17,669.87,10.48,0.07981
1066,Line_D,M14,Evening,L051,39.3,43.45,42.15,29.88,55.46,5.862,0.671,48.46,438.71,436.97,1.74,393,390,3,120.23,1.88,0.00763
1067,Line_B,M04,Evening,L033,15.3,49.44,48.01,33.77,43.53,5.791,1.284,25.82,416.58,393.02,23.56,181,169,12,473.63,7.0,0.0663
1068,Line_C,M03,Night,L053,44.6,48.83,48.5,31.64,49.56,5.331,0.551,27.03,383.73,378.86,4.86,392,369,23,948.55,14.58,0.05867
1069,Line_A,M08,Night,L026,13.0,47.53,48.32,36.12,47.4,5.477,0.984,80.64,394.79,381.45,13.34,347,331,16,634.64,8.11,0.04611
1070,Line_B,M07,Morning,L055,48.4,54.38,59.87,28.63,44.74,5.268,0.762,60.06,445.21,436.56,8.65,289,283,6,247.71,4.08,0.02076
1071,Line_D,M03,Evening,L077,12.2,51.47,48.6,36.02,43.24,4.606,0.978,53.36,423.18,417.83,5.35,386,367,19,724.72,11.07,0.04922
1072,Line_C,M07,Evening,L042,54.8,58.96,65.77,28.41,47.01,4.923,0.683,6.77,439.24,435.48,3.76,203,192,11,556.35,7.55,0.05419
1073,Line_B,M14,Morning,L030,20.6,43.9,44.06,32.72,42.69,5.395,0.572,58.48,433.69,430.4,3.29,354,340,14,592.24,8.14,0.03955
1074,Line_D,M16,Morning,L019,44.0,45.04,48.7,28.97,45.94,4.264,0.769,79.8,388.72,376.78,11.94,353,340,13,520.99,6.94,0.03683
1075,Line_D,M02,Night,L022,23.5,50.92,47.75,29.52,66.29,5.047,0.769,33.23,430.92,430.23,0.69,286,271,15,587.76,11.19,0.05245
1076,Line_B,M12,Morning,L051,24.0,47.98,50.02,36.45,38.06,5.112,0.964,26.04,414.01,406.62,7.38,210,204,6,255.15,3.5,0.02857
1077,Line_C,M12,Morning,L107,19.7,45.93,50.28,36.4,78.6,5.191,1.403,25.51,451.89,431.69,20.2,238,214,24,1121.99,10.08,0.10084
1078,Line_B,M13,Morning,L055,11.4,43.41,47.39,31.04,57.37,4.431,0.869,47.89,440.2,397.59,42.61,185,164,21,923.06,10.87,0.11351
1079,Line_C,M13,Evening,L073,9.9,51.17,51.37,24.47,69.18,5.4,0.869,9.02,402.52,391.45,11.07,388,359,29,988.54,14.74,0.07474
1080,Line_B,M11,Morning,L079,9.9,42.43,41.0,31.07,55.98,4.045,0.629,163.77,427.8,420.56,7.23,411,378,33,1641.9,16.56,0.08029
1081,Line_A,M14,Morning,L098,13.1,48.85,51.91,35.98,55.71,5.055,0.589,64.8,401.62,400.85,0.77,326,317,9,331.44,4.09,0.02761
1082,Line_D,M05,Night,L103,10.6,45.23,43.78,33.4,59.59,5.422,0.609,159.77,426.21,420.86,5.34,398,360,38,1393.18,17.32,0.09548
1083,Line_D,M03,Evening,L042,20.6,55.0,55.81,32.58,54.57,5.311,0.854,25.69,427.88,413.28,14.6,312,301,11,448.32,6.94,0.03526
1084,Line_D,M06,Evening,L116,30.8,46.3,44.67,29.54,49.49,5.413,0.913,12.74,434.25,433.77,0.48,339,336,3,113.64,1.61,0.00885
1085,Line_D,M04,Night,L082,42.2,47.78,47.7,34.5,55.89,4.948,0.821,46.19,362.83,350.28,12.55,402,368,34,1282.5,14.05,0.08458
1086,Line_C,M03,Night,L026,17.6,40.64,39.97,25.33,57.72,5.441,0.727,18.92,406.72,399.45,7.27,385,363,22,1038.17,9.76,0.05714
1087,Line_C,M01,Evening,L049,42.2,54.1,58.36,34.02,62.93,4.661,0.81,24.56,420.85,414.0,6.85,252,244,8,304.82,5.54,0.03175
1088,Line_C,M09,Night,L118,16.6,40.57,44.91,29.68,53.78,4.715,1.059,16.22,384.64,359.55,25.09,404,372,32,1262.07,20.67,0.07921
1089,Line_B,M14,Morning,L117,11.4,49.69,46.24,31.61,38.11,5.072,0.429,43.94,381.73,378.88,2.85,313,308,5,213.03,3.11,0.01597
1090,Line_B,M02,Night,L017,53.9,44.07,44.97,25.48,55.73,5.909,1.051,16.27,421.82,414.63,7.19,209,193,16,639.71,8.58,0.07656
1091,Line_A,M11,Morning,L114,7.3,42.14,45.21,31.28,55.19,5.552,0.942,31.26,412.52,411.7,0.82,328,326,2,91.47,0.92,0.0061
1092,Line_C,M15,Morning,L105,21.0,44.19,41.93,29.74,59.11,5.894,1.061,33.44,427.49,425.59,1.9,258,242,16,655.6,6.18,0.06202
1093,Line_B,M08,Evening,L091,20.7,42.72,48.0,31.4,37.99,5.002,0.874,63.57,383.4,377.99,5.41,202,195,7,252.1,4.33,0.03465
1094,Line_A,M04,Night,L030,25.9,51.66,57.75,31.08,63.95,6.199,1.315,8.88,386.9,374.57,12.33,242,235,7,275.84,4.31,0.02893
1095,Line_C,M11,Morning,L108,46.2,45.67,46.53,25.53,50.86,4.81,0.881,73.76,433.96,426.32,7.64,400,377,23,1222.14,13.81,0.0575
1096,Line_B,M04,Morning,L091,11.5,53.16,51.92,29.13,48.71,5.965,0.988,21.69,435.08,427.22,7.86,281,267,14,583.23,8.83,0.04982
1097,Line_A,M03,Morning,L033,3.8,45.35,45.96,24.5,37.23,5.32,1.366,12.38,419.52,406.68,12.83,361,350,11,517.77,5.16,0.03047
1098,Line_D,M08,Evening,L079,38.2,43.72,47.69,33.85,62.44,4.019,0.595,20.56,424.93,420.59,4.34,331,309,22,979.19,13.59,0.06647
1099,Line_D,M01,Night,L014,16.5,51.3,52.27,37.98,56.81,5.287,0.982,32.39,426.63,405.0,21.63,357,334,23,942.04,9.47,0.06443
1100,Line_A,M06,Evening,L022,24.2,51.86,50.72,29.87,53.74,4.723,0.844,48.0,445.81,443.57,2.24,189,185,4,215.58,2.02,0.02116
1101,Line_A,M13,Evening,L051,13.0,51.45,49.51,32.64,43.65,5.27,0.669,45.7,403.51,379.02,24.49,240,225,15,710.2,11.62,0.0625
1102,Line_B,M03,Morning,L003,25.8,46.33,49.2,30.7,69.36,5.495,1.005,55.6,397.15,391.24,5.91,397,382,15,626.92,10.73,0.03778
1103,Line_D,M09,Night,L104,25.9,51.34,50.14,30.25,31.34,5.217,0.729,29.66,400.75,376.46,24.29,360,337,23,958.39,12.08,0.06389
1104,Line_D,M16,Morning,L083,37.7,41.46,43.22,32.11,47.33,4.942,0.813,16.02,447.62,443.65,3.97,197,192,5,247.28,2.52,0.02538
1105,Line_A,M04,Morning,L025,12.2,48.31,45.55,27.3,51.46,4.992,1.049,24.91,416.52,405.68,10.84,245,237,8,326.72,5.44,0.03265
1106,Line_C,M05,Morning,L048,54.6,56.37,51.96,26.45,45.32,5.234,1.101,61.38,421.69,398.88,22.81,230,218,12,529.51,5.31,0.05217
1107,Line_A,M12,Evening,L050,15.4,46.14,47.76,30.89,42.57,5.628,0.779,55.06,430.8,421.11,9.7,414,402,12,432.63,7.52,0.02899
1108,Line_B,M12,Night,L063,16.1,49.18,51.11,34.84,30.14,5.272,1.004,3.62,425.24,411.11,14.13,210,202,8,309.26,3.8,0.0381
1109,Line_D,M08,Night,L048,18.1,52.07,56.8,33.37,64.67,4.866,0.829,17.95,450.08,428.41,21.67,215,207,8,279.79,4.44,0.03721
1110,Line_A,M12,Evening,L013,19.3,40.81,43.6,36.38,53.82,5.005,1.019,114.8,443.24,418.26,24.97,258,242,16,584.03,8.65,0.06202
1111,Line_A,M11,Evening,L019,41.5,42.06,43.68,25.18,40.59,5.388,0.997,16.25,430.4,425.72,4.68,387,386,1,38.95,0.48,0.00258
1112,Line_B,M04,Night,L095,24.4,49.38,54.25,29.32,65.93,5.08,0.906,63.65,451.45,439.46,11.99,208,195,13,521.58,6.71,0.0625
1113,Line_C,M14,Morning,L111,13.8,48.77,50.71,30.93,47.62,5.025,0.662,25.14,470.0,465.83,4.17,400,382,18,644.1,9.18,0.045
1114,Line_D,M05,Morning,L060,31.2,46.31,51.45,26.46,48.26,5.385,0.944,26.02,439.18,433.39,5.79,251,247,4,144.34,2.35,0.01594
1115,Line_D,M11,Morning,L097,44.1,45.51,47.99,38.9,47.96,5.468,1.324,29.44,429.34,422.53,6.81,371,361,10,431.62,3.85,0.02695
1116,Line_A,M09,Night,L077,22.6,46.55,49.5,25.01,47.37,5.015,1.24,14.69,422.4,412.83,9.57,293,281,12,497.62,7.49,0.04096
1117,Line_A,M09,Night,L075,19.8,47.31,54.11,34.29,55.91,4.574,0.225,43.78,438.85,419.84,19.01,261,241,20,787.41,13.19,0.07663
1118,Line_D,M14,Night,L012,21.1,49.12,48.34,22.38,46.18,5.063,0.76,31.58,433.87,422.95,10.92,400,388,12,506.86,5.34,0.03
1119,Line_A,M15,Evening,L003,14.5,57.23,58.73,31.97,57.19,4.196,0.584,71.4,430.94,397.48,33.45,375,355,20,886.14,8.85,0.05333
1120,Line_D,M12,Morning,L014,29.1,45.88,47.94,32.86,48.88,4.687,0.425,41.28,425.6,401.28,24.31,180,176,4,162.14,1.64,0.02222
1121,Line_C,M10,Evening,L086,17.7,44.9,50.4,33.32,35.97,4.836,0.935,54.35,406.22,389.87,16.35,358,341,17,678.07,10.48,0.04749
1122,Line_A,M05,Night,L029,30.0,39.41,43.61,28.06,40.92,5.087,0.928,95.91,470.0,415.97,54.03,238,226,12,470.91,5.61,0.05042
1123,Line_D,M12,Evening,L024,43.8,47.36,51.04,32.26,47.58,5.156,0.781,70.33,443.16,420.21,22.95,268,259,9,382.02,4.85,0.03358
1124,Line_A,M01,Night,L018,32.3,47.75,51.19,26.01,53.93,5.468,1.054,33.39,421.59,415.06,6.53,210,199,11,352.92,6.35,0.05238
1125,Line_B,M02,Morning,L027,21.3,50.6,50.36,31.75,77.33,4.715,0.629,33.44,408.94,407.06,1.88,357,340,17,806.48,11.5,0.04762
1126,Line_C,M10,Evening,L033,10.0,47.46,50.2,35.19,45.84,4.75,0.703,57.81,419.94,416.45,3.49,374,352,22,927.03,8.4,0.05882
1127,Line_B,M05,Night,L002,11.7,47.07,46.74,29.14,61.14,4.753,0.714,52.32,427.8,412.1,15.7,352,335,17,685.4,11.7,0.0483
1128,Line_C,M08,Evening,L051,33.7,50.52,53.13,29.9,27.69,5.653,0.797,73.9,418.6,383.89,34.71,181,175,6,291.86,2.89,0.03315
1129,Line_C,M16,Morning,L017,9.9,44.62,47.57,29.56,50.9,5.224,0.725,4.13,386.73,379.76,6.97,281,261,20,830.74,8.36,0.07117
1130,Line_D,M06,Morning,L022,13.5,47.42,45.82,33.16,49.75,5.201,0.733,59.51,446.92,438.4,8.53,393,389,4,162.39,3.25,0.01018
1131,Line_D,M07,Morning,L007,49.6,55.36,54.75,24.28,57.71,5.729,0.853,51.0,454.28,441.06,13.21,401,391,10,472.91,6.12,0.02494
1132,Line_B,M11,Night,L089,29.7,49.36,50.34,36.31,58.53,4.968,0.917,63.52,393.84,385.94,7.89,308,291,17,767.05,10.31,0.05519
1133,Line_A,M12,Evening,L089,45.8,49.67,51.99,35.91,54.74,4.743,0.865,71.38,419.61,399.35,20.25,238,233,5,219.33,3.0,0.02101
1134,Line_C,M16,Night,L079,10.0,44.06,46.32,29.05,45.14,5.179,0.844,17.52,412.02,390.56,21.46,227,216,11,466.49,7.63,0.04846
1135,Line_D,M06,Morning,L003,42.8,43.02,43.82,31.74,40.46,5.531,0.888,10.84,393.05,372.93,20.12,199,196,3,150.93,2.12,0.01508
1136,Line_B,M15,Morning,L061,14.3,42.75,42.06,30.99,51.8,5.316,0.849,73.59,457.93,448.79,9.14,212,205,7,309.07,3.84,0.03302
1137,Line_B,M04,Evening,L026,27.5,52.54,57.2,32.11,41.89,4.911,1.069,47.42,381.63,350.37,31.27,288,272,16,673.16,9.36,0.05556
1138,Line_B,M11,Morning,L095,57.1,38.6,44.55,29.2,58.8,4.601,0.799,74.81,424.44,379.89,44.55,332,319,13,558.32,10.94,0.03916
1139,Line_A,M02,Evening,L033,22.7,42.76,46.66,29.86,61.29,4.81,1.058,18.89,373.79,367.45,6.34,370,363,7,294.07,4.71,0.01892
1140,Line_C,M16,Morning,L054,13.5,51.35,49.75,28.49,52.68,6.26,0.785,24.23,420.83,402.02,18.81,301,289,12,528.97,6.34,0.03987
1141,Line_B,M13,Morning,L088,28.1,42.25,40.47,25.7,55.7,4.694,0.981,62.92,430.9,416.34,14.56,256,233,23,985.11,12.76,0.08984
1142,Line_D,M07,Morning,L055,29.7,53.34,58.18,32.5,68.78,5.188,0.896,28.7,437.88,415.46,22.42,235,226,9,299.65,4.24,0.0383
1143,Line_D,M15,Night,L055,21.8,43.13,44.16,29.37,55.57,5.529,1.312,20.65,382.46,363.69,18.77,243,234,9,270.0,4.08,0.03704
1144,Line_D,M02,Evening,L020,23.4,47.96,48.0,24.29,57.14,4.827,0.889,33.2,430.11,420.87,9.24,375,364,11,455.16,4.63,0.02933
1145,Line_B,M06,Evening,L120,47.8,49.42,48.87,31.2,48.06,5.107,0.937,28.17,445.6,442.64,2.95,182,179,3,126.46,1.77,0.01648
1146,Line_B,M08,Night,L060,14.7,40.77,38.77,24.36,52.22,4.727,1.217,25.79,440.7,433.6,7.11,269,258,11,454.98,7.05,0.04089
1147,Line_C,M11,Night,L088,17.7,56.76,57.41,30.78,41.7,4.954,0.995,63.23,404.68,378.03,26.65,298,281,17,737.52,11.98,0.05705
1148,Line_D,M11,Evening,L011,27.7,57.97,49.51,29.9,58.68,5.438,0.819,31.65,432.99,428.03,4.96,226,223,3,146.65,1.25,0.01327
1149,Line_B,M01,Evening,L021,35.4,41.21,41.76,30.38,52.28,5.008,1.173,18.41,454.94,449.75,5.18,198,195,3,139.08,1.84,0.01515
1150,Line_D,M13,Morning,L083,43.0,49.77,50.85,34.45,67.82,5.514,0.903,42.26,425.12,420.14,4.98,329,312,17,714.71,11.72,0.05167
1151,Line_A,M03,Night,L007,25.6,50.01,47.11,29.62,49.59,4.914,0.525,22.21,400.66,396.03,4.64,411,398,13,617.46,6.19,0.03163
1152,Line_D,M16,Morning,L120,12.5,49.15,49.19,27.24,30.72,5.258,1.108,57.5,438.11,436.96,1.15,310,302,8,340.13,5.17,0.02581
1153,Line_A,M07,Morning,L091,22.6,38.23,36.27,37.41,65.68,5.272,0.721,46.11,398.88,377.52,21.36,277,267,10,344.77,4.52,0.0361
1154,Line_A,M09,Night,L100,12.8,55.53,58.12,34.8,43.97,5.284,1.229,34.3,423.71,398.05,25.65,242,231,11,476.52,4.49,0.04545
1155,Line_C,M07,Evening,L013,6.8,47.47,46.9,28.05,25.32,5.383,0.803,11.67,423.87,408.78,15.09,392,362,30,1190.95,16.1,0.07653
1156,Line_A,M06,Evening,L083,23.1,46.66,45.81,32.16,61.17,5.531,0.903,35.64,470.0,459.74,10.26,287,285,2,60.0,1.69,0.00697
1157,Line_A,M08,Evening,L069,33.0,43.3,43.06,33.87,56.3,4.944,1.205,16.19,435.09,425.92,9.17,366,356,10,431.92,5.61,0.02732
1158,Line_A,M05,Morning,L096,16.7,46.02,46.43,35.11,46.06,5.683,0.459,19.91,426.53,400.18,26.35,193,185,8,308.37,3.7,0.04145
1159,Line_B,M15,Night,L042,45.6,47.83,47.57,28.16,48.68,6.423,0.932,21.68,442.08,427.65,14.43,302,298,4,158.72,2.41,0.01325
1160,Line_C,M10,Evening,L095,21.1,49.66,50.44,38.32,59.42,4.679,1.176,45.77,403.83,390.11,13.72,347,314,33,1249.19,17.02,0.0951
1161,Line_A,M08,Evening,L048,21.1,51.29,52.89,30.76,43.33,4.936,1.337,23.86,463.75,452.88,10.86,375,367,8,361.43,5.53,0.02133
1162,Line_C,M12,Morning,L072,18.1,42.02,43.89,36.58,73.59,4.871,0.577,122.75,414.01,407.34,6.68,409,372,37,1399.07,25.04,0.09046
1163,Line_D,M01,Night,L101,35.1,45.32,48.86,30.92,38.51,4.883,0.902,33.42,416.32,408.8,7.53,333,316,17,802.47,8.5,0.05105
1164,Line_A,M11,Evening,L113,17.8,53.35,55.28,34.02,37.28,4.742,0.652,31.12,444.03,441.09,2.94,299,297,2,98.07,1.09,0.00669
1165,Line_A,M03,Morning,L084,25.9,42.85,38.92,36.59,40.25,5.719,0.895,49.64,417.15,396.37,20.78,411,399,12,506.73,7.6,0.0292
1166,Line_D,M04,Night,L112,7.3,53.56,56.56,34.1,44.81,4.524,1.076,45.88,427.23,408.96,18.27,246,226,20,884.4,15.16,0.0813
1167,Line_D,M11,Evening,L051,22.4,45.25,49.86,28.56,59.68,5.525,0.601,75.25,431.87,418.42,13.44,233,225,8,319.77,5.6,0.03433
1168,Line_C,M08,Evening,L058,20.2,42.78,42.23,26.14,56.12,5.668,0.714,4.91,426.24,413.69,12.54,261,251,10,462.16,4.5,0.03831
1169,Line_D,M03,Morning,L017,33.1,45.36,47.25,27.01,50.07,5.529,0.793,10.76,427.75,420.36,7.38,223,218,5,208.07,2.91,0.02242
1170,Line_A,M02,Morning,L085,33.2,47.77,47.73,35.47,56.91,5.171,1.011,38.58,436.19,424.83,11.36,227,225,2,64.19,1.06,0.00881
1171,Line_B,M10,Morning,L099,23.7,49.08,49.32,27.81,72.82,5.044,0.69,34.6,434.79,425.86,8.93,296,281,15,751.36,7.07,0.05068
1172,Line_C,M09,Morning,L090,9.8,43.49,43.49,25.86,46.03,5.325,0.734,65.65,421.78,405.5,16.28,342,317,25,1006.75,14.37,0.0731
1173,Line_A,M04,Night,L086,9.6,51.89,57.01,26.84,42.9,4.853,0.787,22.41,432.54,403.83,28.71,227,212,15,664.91,8.82,0.06608
1174,Line_C,M04,Night,L016,37.3,55.24,53.85,28.13,63.14,5.258,0.962,63.07,414.47,405.42,9.05,333,308,25,750.0,12.87,0.07508
1175,Line_B,M12,Morning,L020,24.4,55.01,66.49,31.19,47.11,4.65,0.487,68.4,437.91,425.03,12.89,257,242,15,625.49,8.09,0.05837
1176,Line_C,M15,Evening,L099,24.9,42.5,43.95,29.53,36.98,5.334,0.852,22.01,424.67,413.37,11.3,202,188,14,557.19,7.57,0.06931
1177,Line_B,M15,Night,L037,12.7,55.38,58.78,30.31,46.76,5.237,0.715,26.23,421.99,417.55,4.45,291,275,16,768.93,11.08,0.05498
1178,Line_B,M13,Morning,L064,33.4,45.91,49.27,29.32,49.85,4.718,0.997,38.89,392.48,380.44,12.04,310,299,11,505.77,6.32,0.03548
1179,Line_A,M04,Night,L091,25.0,43.04,43.39,29.6,41.34,6.183,0.767,48.42,437.14,403.09,34.06,290,275,15,627.23,6.76,0.05172
1180,Line_A,M12,Evening,L039,26.4,52.77,57.83,35.61,43.76,5.828,1.036,5.71,428.59,427.26,1.33,281,277,4,170.71,2.25,0.01423
1181,Line_C,M07,Morning,L059,27.8,44.51,49.11,29.59,61.12,5.763,0.728,29.78,428.27,422.98,5.29,397,384,13,558.84,9.64,0.03275
1182,Line_A,M02,Night,L058,21.6,50.26,53.67,34.45,44.16,4.443,0.59,91.47,418.29,397.31,20.99,379,353,26,1166.65,15.78,0.0686
1183,Line_A,M03,Morning,L077,28.1,46.65,51.79,27.0,64.46,6.033,1.224,37.67,434.81,407.3,27.51,200,196,4,138.67,2.71,0.02
1184,Line_A,M08,Evening,L108,3.9,51.82,52.54,27.01,55.53,5.351,1.354,35.46,445.92,424.01,21.91,318,308,10,317.95,2.53,0.03145
1185,Line_A,M05,Morning,L058,12.1,45.21,48.2,32.45,45.43,5.382,1.091,56.14,419.11,412.56,6.55,252,246,6,243.53,3.58,0.02381
1186,Line_D,M03,Evening,L052,14.0,42.74,45.82,26.67,45.74,4.503,1.223,51.9,415.76,412.57,3.19,245,238,7,263.25,3.43,0.02857
1187,Line_B,M13,Evening,L026,20.1,45.44,50.93,28.72,40.76,5.137,0.661,25.51,428.98,406.09,22.89,206,196,10,456.92,4.87,0.04854
1188,Line_D,M01,Evening,L098,10.6,52.49,52.64,33.96,49.75,4.787,1.058,65.41,407.94,404.01,3.93,308,294,14,718.75,9.49,0.04545
1189,Line_A,M16,Morning,L101,33.5,45.27,40.45,26.25,50.36,4.769,0.854,11.02,378.07,375.65,2.43,344,339,5,231.91,2.26,0.01453
1190,Line_C,M07,Night,L049,15.9,51.75,49.27,35.42,61.94,5.559,1.133,36.72,409.67,403.23,6.44,197,182,15,694.6,7.94,0.07614
1191,Line_B,M06,Night,L114,17.4,48.48,48.64,36.94,40.87,5.085,0.719,8.5,432.91,430.06,2.85,403,380,23,895.54,14.82,0.05707
1192,Line_B,M06,Night,L034,43.7,51.17,50.51,34.38,51.04,4.679,1.119,34.65,420.43,409.82,10.6,198,187,11,478.71,4.37,0.05556
1193,Line_D,M11,Evening,L067,23.2,44.05,43.38,30.94,49.1,5.467,1.067,40.95,396.09,379.81,16.28,352,338,14,589.2,9.48,0.03977
1194,Line_D,M15,Evening,L001,16.4,42.49,42.43,31.05,45.25,5.706,0.809,22.79,425.04,418.03,7.01,287,279,8,357.46,3.95,0.02787
1195,Line_D,M05,Night,L088,28.1,45.78,49.82,25.89,35.51,4.707,0.967,35.61,398.94,392.96,5.98,186,170,16,787.42,8.33,0.08602
1196,Line_A,M15,Morning,L007,27.3,48.79,51.13,24.48,68.07,5.244,0.793,11.59,418.11,400.75,17.36,192,188,4,143.13,2.6,0.02083
1197,Line_A,M15,Night,L041,4.5,42.23,49.99,36.18,45.37,5.193,0.693,48.14,414.46,405.28,9.18,223,211,12,494.08,7.5,0.05381
1198,Line_C,M15,Evening,L032,17.1,44.68,48.44,31.48,68.45,4.846,1.072,21.8,445.87,438.39,7.48,220,208,12,549.99,3.56,0.05455
1199,Line_B,M10,Night,L067,22.4,42.32,42.32,26.35,41.28,5.155,1.112,8.8,392.66,376.74,15.92,269,258,11,416.22,4.98,0.04089
1200,Line_C,M01,Morning,L035,20.4,45.86,43.7,33.23,54.79,5.086,1.1,32.02,411.62,402.14,9.49,239,231,8,344.95,6.36,0.03347
1201,Line_C,M05,Morning,L102,30.6,51.9,51.78,33.17,71.0,4.418,0.866,62.59,393.94,389.12,4.82,341,314,27,1274.28,16.4,0.07918
1202,Line_C,M09,Night,L031,36.6,43.99,44.37,34.22,37.05,5.413,1.044,37.24,400.82,387.78,13.04,349,324,25,1138.15,15.78,0.07163
1203,Line_D,M13,Morning,L052,42.1,48.1,51.32,25.84,55.83,5.508,0.786,60.97,427.71,387.98,39.74,377,360,17,678.25,7.91,0.04509
1204,Line_C,M01,Night,L032,19.4,45.77,46.49,34.71,41.58,5.387,0.91,36.93,384.07,379.61,4.46,189,181,8,385.15,4.27,0.04233
1205,Line_A,M10,Night,L078,16.0,43.79,45.81,35.72,72.96,5.124,1.064,39.86,404.9,394.57,10.33,349,328,21,899.82,12.24,0.06017
1206,Line_A,M10,Morning,L052,36.7,52.5,54.2,29.77,55.52,5.092,0.787,38.18,422.14,416.77,5.37,285,283,2,84.51,1.19,0.00702
1207,Line_C,M01,Evening,L009,32.6,46.34,50.48,29.91,42.73,5.232,1.284,18.3,418.86,415.52,3.34,404,373,31,1113.83,14.92,0.07673
1208,Line_B,M09,Night,L069,19.8,47.58,55.16,32.48,46.96,5.488,0.705,26.43,424.07,415.6,8.47,354,335,19,830.24,9.67,0.05367
1209,Line_A,M07,Morning,L120,67.3,48.46,49.93,29.82,44.46,5.005,0.965,35.93,434.09,432.97,1.12,218,217,1,39.72,0.5,0.00459
1210,Line_B,M07,Evening,L080,29.5,42.71,46.6,31.06,51.88,5.564,0.54,38.14,407.78,392.82,14.96,185,178,7,311.42,3.55,0.03784
1211,Line_C,M12,Night,L065,41.2,51.56,50.48,30.06,49.32,5.133,0.744,26.62,413.34,399.16,14.18,379,362,17,721.63,8.68,0.04485
1212,Line_D,M01,Morning,L010,4.4,50.01,47.99,27.71,49.06,5.402,0.887,2.56,435.79,415.63,20.16,412,398,14,549.19,6.49,0.03398
1213,Line_C,M13,Night,L023,18.1,46.77,44.81,30.06,40.87,4.548,0.604,35.71,452.31,438.43,13.87,261,239,22,861.13,11.31,0.08429
1214,Line_B,M02,Morning,L088,31.1,49.46,51.75,31.46,54.57,5.384,0.941,39.12,449.87,442.52,7.35,285,273,12,542.34,8.07,0.04211
1215,Line_A,M12,Night,L114,36.0,47.24,45.35,34.0,49.3,5.476,1.173,42.12,413.94,396.66,17.28,226,223,3,127.0,1.15,0.01327
1216,Line_C,M06,Morning,L009,11.2,48.58,49.31,30.13,43.79,5.066,0.735,41.01,429.85,405.26,24.59,228,224,4,162.93,1.51,0.01754
1217,Line_B,M09,Evening,L025,35.2,50.97,53.38,29.28,49.36,4.972,0.542,4.45,419.63,402.16,17.47,294,276,18,753.47,5.36,0.06122
1218,Line_C,M04,Morning,L043,19.8,51.58,55.12,30.53,37.33,5.236,0.953,24.86,432.07,414.04,18.03,244,227,17,605.74,4.25,0.06967
1219,Line_C,M16,Night,L061,24.4,46.8,45.74,36.56,33.83,5.684,1.07,27.0,436.8,423.44,13.36,351,326,25,1026.08,7.67,0.07123
1220,Line_A,M03,Night,L053,51.1,51.42,50.79,40.54,43.04,5.108,0.977,51.48,414.92,411.06,3.86,286,270,16,678.26,6.86,0.05594
1221,Line_A,M07,Night,L021,22.0,46.35,52.34,34.41,50.28,5.169,0.95,46.44,460.24,447.99,12.24,318,307,11,517.28,5.5,0.03459
1222,Line_A,M14,Night,L012,8.9,47.76,48.63,40.14,64.7,5.403,0.573,7.01,459.99,456.39,3.6,374,351,23,788.37,11.48,0.0615
1223,Line_D,M07,Night,L045,17.3,44.46,43.69,28.35,67.14,5.251,0.815,11.89,426.23,418.07,8.16,373,361,12,566.0,4.74,0.03217
1224,Line_C,M01,Morning,L008,19.8,48.06,49.79,29.2,49.5,4.97,0.855,90.44,405.19,383.16,22.04,415,396,19,701.09,10.94,0.04578
1225,Line_A,M04,Night,L105,8.3,42.0,42.83,35.36,50.67,5.621,0.305,18.76,402.13,378.97,23.16,335,315,20,712.15,10.29,0.0597
1226,Line_D,M04,Morning,L046,37.4,52.91,51.19,31.71,40.63,5.557,0.914,17.97,448.67,425.1,23.57,233,223,10,441.49,6.45,0.04292
1227,Line_B,M02,Night,L065,34.2,41.91,42.48,31.85,42.78,5.408,1.234,50.7,392.04,368.08,23.96,195,183,12,592.89,7.53,0.06154
1228,Line_B,M15,Night,L045,13.2,43.81,48.89,34.19,46.84,4.507,0.646,28.45,434.3,426.07,8.23,334,308,26,1129.17,16.25,0.07784
1229,Line_D,M14,Evening,L015,17.6,47.08,48.35,34.76,50.24,4.83,0.536,51.37,443.26,410.99,32.27,258,250,8,372.18,5.09,0.03101
1230,Line_A,M14,Evening,L095,8.9,52.83,56.65,26.63,46.83,5.721,0.831,11.09,418.56,402.97,15.59,258,253,5,195.09,3.27,0.01938
1231,Line_A,M09,Morning,L109,31.7,51.34,51.04,33.96,38.56,6.018,0.7,129.96,460.97,433.58,27.39,311,287,24,963.95,12.71,0.07717
1232,Line_C,M06,Evening,L085,21.2,47.5,47.08,32.59,45.08,4.721,1.166,26.03,420.55,415.22,5.33,202,194,8,317.52,3.79,0.0396
1233,Line_A,M14,Morning,L001,32.1,44.98,47.5,36.58,52.3,6.071,0.789,11.46,428.29,427.7,0.6,343,338,5,222.64,2.73,0.01458
1234,Line_C,M13,Night,L031,5.7,44.17,47.74,31.66,42.01,5.409,0.886,25.08,424.48,402.07,22.42,208,190,18,686.69,10.66,0.08654
1235,Line_A,M12,Morning,L044,35.5,43.41,41.82,28.9,47.16,5.403,1.135,22.43,410.5,397.91,12.59,364,362,2,63.91,1.23,0.00549
1236,Line_A,M03,Night,L056,26.0,46.72,47.73,28.44,56.08,4.85,0.889,69.49,442.43,435.63,6.8,258,252,6,289.95,3.71,0.02326
1237,Line_A,M14,Night,L083,50.7,46.73,49.87,30.45,41.07,5.435,0.92,70.98,446.02,426.16,19.86,398,385,13,618.85,7.51,0.03266
1238,Line_B,M11,Evening,L103,11.1,52.1,56.12,30.67,37.11,4.821,0.861,58.67,421.19,391.39,29.8,311,293,18,853.45,9.48,0.05788
1239,Line_A,M12,Evening,L064,23.8,46.8,47.34,29.18,34.17,5.183,0.778,73.23,427.77,414.2,13.57,385,374,11,552.64,5.76,0.02857
1240,Line_A,M15,Evening,L066,30.0,52.46,54.45,38.65,44.09,5.246,0.566,28.57,439.94,429.31,10.64,415,405,10,443.59,5.72,0.0241
1241,Line_D,M05,Night,L089,51.1,52.95,52.91,26.32,39.71,5.831,0.836,20.32,424.07,423.18,0.89,254,246,8,310.51,5.7,0.0315
1242,Line_B,M08,Evening,L082,64.4,57.39,55.57,28.66,56.71,5.206,0.939,24.38,431.11,397.29,33.82,378,371,7,315.7,4.01,0.01852
1243,Line_B,M06,Night,L016,6.2,50.32,55.08,27.53,64.05,5.306,0.94,99.47,385.08,376.07,9.02,259,242,17,671.54,15.3,0.06564
1244,Line_A,M03,Morning,L032,13.0,49.18,46.69,28.95,55.34,5.407,0.93,14.95,414.14,412.45,1.69,233,231,2,84.17,1.15,0.00858
1245,Line_B,M09,Night,L040,24.3,50.65,53.79,30.22,56.13,5.446,1.11,62.23,430.19,414.99,15.2,189,177,12,457.15,4.6,0.06349
1246,Line_A,M10,Night,L055,4.3,49.84,52.36,26.01,55.6,5.338,1.098,32.09,412.08,406.43,5.65,310,294,16,713.01,5.41,0.05161
1247,Line_C,M05,Night,L057,29.7,50.59,49.72,32.2,49.71,4.991,0.994,56.13,431.22,426.41,4.82,325,311,14,547.28,6.0,0.04308
1248,Line_A,M12,Evening,L003,20.9,41.64,39.63,36.12,50.29,5.327,0.855,16.09,400.45,387.18,13.28,402,387,15,754.5,7.03,0.03731
1249,Line_D,M05,Night,L106,7.4,45.65,46.95,28.0,57.02,5.118,0.92,15.67,416.44,413.81,2.63,358,345,13,637.68,6.15,0.03631
1250,Line_D,M14,Evening,L065,41.6,39.96,39.3,30.27,35.28,4.71,0.511,28.78,424.74,419.27,5.47,400,388,12,488.41,6.47,0.03
1251,Line_A,M12,Morning,L037,23.8,55.9,57.29,31.61,58.2,5.229,0.66,79.37,418.22,390.1,28.12,241,233,8,354.41,5.27,0.0332
1252,Line_A,M07,Evening,L068,18.6,42.75,46.73,31.6,47.27,4.62,1.276,49.2,405.48,390.71,14.78,293,278,15,630.9,8.24,0.05119
1253,Line_A,M12,Evening,L104,10.1,53.35,57.75,30.14,58.26,4.573,1.087,31.87,411.31,404.99,6.32,298,286,12,527.07,7.98,0.04027
1254,Line_C,M05,Morning,L078,32.0,48.07,46.46,27.76,34.27,5.234,1.389,58.48,448.74,441.96,6.78,407,386,21,996.36,7.43,0.0516
1255,Line_A,M10,Morning,L040,20.3,48.23,53.64,38.64,46.39,5.581,0.964,30.05,404.45,396.04,8.4,212,205,7,310.48,2.73,0.03302
1256,Line_D,M11,Evening,L068,17.2,51.97,55.44,29.84,48.22,5.116,1.166,6.02,423.92,417.03,6.89,413,407,6,265.49,3.96,0.01453
1257,Line_C,M04,Night,L071,32.0,42.08,47.72,25.15,35.79,5.333,0.555,54.67,454.85,441.01,13.84,394,367,27,1319.3,15.73,0.06853
1258,Line_D,M04,Morning,L085,10.8,54.1,58.61,31.23,66.71,5.227,0.532,39.75,395.82,376.43,19.39,286,275,11,494.54,6.23,0.03846
1259,Line_C,M03,Night,L117,20.2,49.49,50.94,34.51,47.72,5.324,1.247,3.66,429.76,427.6,2.16,186,177,9,298.95,4.72,0.04839
1260,Line_D,M04,Morning,L052,23.8,49.11,49.64,29.73,57.39,5.333,0.998,63.66,396.91,379.67,17.23,242,233,9,397.92,4.53,0.03719
1261,Line_A,M12,Evening,L030,20.9,61.24,58.62,34.0,58.4,5.651,1.177,56.5,418.23,401.3,16.93,230,228,2,72.39,0.87,0.0087
1262,Line_B,M03,Night,L106,32.7,53.18,61.11,30.24,52.88,5.395,0.94,122.94,453.94,437.43,16.51,185,170,15,600.12,10.15,0.08108
1263,Line_B,M15,Night,L108,15.7,48.8,48.83,37.64,60.01,5.583,0.849,30.65,427.58,417.07,10.5,225,209,16,690.96,8.63,0.07111
1264,Line_D,M06,Evening,L115,19.6,41.54,36.25,36.46,51.28,5.375,1.235,23.5,409.79,399.69,10.11,270,257,13,511.03,7.24,0.04815
1265,Line_C,M05,Night,L105,11.5,46.57,46.3,30.61,57.23,4.976,0.603,9.5,374.79,373.83,0.97,204,186,18,996.69,9.19,0.08824
1266,Line_D,M08,Night,L054,24.3,42.78,39.45,27.04,52.42,4.824,0.85,81.29,426.66,409.55,17.11,243,230,13,622.35,6.87,0.0535
1267,Line_A,M11,Morning,L090,26.0,45.58,45.19,35.94,59.07,5.569,0.844,1.92,413.1,409.83,3.28,401,394,7,251.66,3.86,0.01746
1268,Line_D,M12,Night,L067,17.2,47.55,55.05,35.35,33.08,5.147,0.926,106.83,382.54,365.35,17.19,190,179,11,467.35,6.94,0.05789
1269,Line_B,M11,Morning,L086,17.0,45.77,49.93,30.67,56.54,5.271,0.864,44.12,411.79,388.59,23.2,304,298,6,182.99,2.76,0.01974
1270,Line_B,M02,Morning,L100,41.0,48.62,51.65,33.24,58.94,4.941,0.997,48.43,410.97,408.5,2.47,366,361,5,195.0,1.88,0.01366
1271,Line_D,M14,Evening,L052,47.4,47.06,51.28,23.16,52.95,4.785,1.017,16.55,404.04,383.99,20.05,286,280,6,216.27,3.61,0.02098
1272,Line_B,M07,Evening,L074,18.3,48.75,46.86,28.44,67.14,5.151,1.217,41.7,407.9,406.79,1.11,369,353,16,684.79,5.67,0.04336
1273,Line_B,M14,Morning,L101,20.5,47.66,52.52,33.43,36.14,5.125,0.687,52.4,435.97,428.75,7.22,325,310,15,584.66,9.85,0.04615
1274,Line_C,M11,Morning,L015,20.3,49.13,52.19,33.59,51.86,5.16,0.623,8.39,444.41,431.0,13.41,217,204,13,561.2,7.27,0.05991
1275,Line_A,M02,Evening,L099,13.8,47.9,46.22,31.52,48.59,5.659,0.823,40.84,408.86,393.9,14.96,228,222,6,267.02,2.86,0.02632
1276,Line_B,M09,Evening,L059,10.1,55.73,61.34,35.45,53.35,4.56,0.794,9.74,399.04,366.66,32.38,229,213,16,751.5,12.61,0.06987
1277,Line_A,M14,Evening,L097,8.9,52.73,48.89,33.64,52.23,5.284,0.682,41.42,441.69,438.95,2.74,284,278,6,321.61,3.27,0.02113
1278,Line_A,M13,Evening,L018,26.0,45.07,44.54,20.19,50.47,6.069,0.869,21.88,455.17,418.7,36.47,393,378,15,634.23,7.77,0.03817
1279,Line_D,M12,Night,L048,9.5,41.72,43.48,32.56,46.16,5.157,0.905,51.19,446.77,434.78,11.99,224,210,14,578.72,8.55,0.0625
1280,Line_C,M15,Evening,L050,24.8,52.29,51.5,24.33,67.05,4.932,0.77,28.88,447.22,438.28,8.94,354,337,17,808.59,13.01,0.04802
1281,Line_B,M10,Evening,L100,3.5,55.64,49.8,35.73,49.01,5.644,0.612,24.46,437.05,420.99,16.07,364,353,11,458.35,7.23,0.03022
1282,Line_B,M04,Night,L112,29.8,47.59,49.49,30.4,49.66,5.11,1.433,37.04,423.58,406.41,17.17,401,366,35,1213.2,19.64,0.08728
1283,Line_B,M01,Evening,L064,40.1,47.37,45.96,36.91,45.2,5.065,1.029,24.72,416.71,410.49,6.22,226,211,15,523.24,9.46,0.06637
1284,Line_C,M15,Evening,L028,8.8,50.7,45.98,37.01,73.38,5.685,0.778,19.86,405.52,401.13,4.39,311,278,33,1370.84,19.34,0.10611
1285,Line_D,M11,Night,L063,14.2,41.93,42.55,28.58,41.24,4.936,1.023,17.54,415.32,409.16,6.16,191,183,8,420.91,5.02,0.04188
1286,Line_D,M15,Evening,L027,26.0,46.11,43.88,27.65,59.2,5.385,0.994,22.07,426.1,424.25,1.85,332,325,7,306.15,2.46,0.02108
1287,Line_B,M13,Evening,L067,35.5,42.0,44.15,30.78,48.53,5.311,0.705,33.63,395.43,390.96,4.47,372,350,22,842.08,18.94,0.05914
1288,Line_B,M06,Morning,L017,42.1,47.9,53.48,30.39,48.46,4.979,0.869,40.11,438.34,434.05,4.29,238,223,15,614.13,6.97,0.06303
1289,Line_B,M03,Night,L005,36.0,46.24,42.48,32.17,58.56,4.641,0.919,37.03,426.11,415.86,10.25,278,257,21,871.88,17.46,0.07554
1290,Line_C,M14,Evening,L018,38.3,49.71,49.08,26.2,59.91,5.301,1.313,96.52,401.74,391.35,10.39,338,316,22,1077.87,12.06,0.06509
1291,Line_B,M14,Night,L094,19.4,54.32,55.39,24.9,66.3,5.722,1.19,26.22,396.29,374.19,22.1,380,354,26,1212.08,12.16,0.06842
1292,Line_C,M09,Morning,L010,12.9,56.1,59.45,33.07,42.45,4.697,0.886,88.62,407.6,389.55,18.05,200,181,19,822.46,11.13,0.095
1293,Line_C,M04,Evening,L030,29.9,50.02,53.97,27.65,46.28,4.946,0.955,67.72,407.57,356.82,50.75,395,365,30,1316.59,16.31,0.07595
1294,Line_B,M13,Night,L114,11.6,48.79,46.98,33.25,59.98,4.695,1.327,27.37,453.07,436.42,16.64,304,288,16,818.24,11.24,0.05263
1295,Line_B,M14,Night,L042,16.6,50.53,52.35,38.32,42.9,5.948,0.463,37.37,388.11,375.01,13.1,253,232,21,990.81,10.32,0.083
1296,Line_B,M12,Night,L026,16.2,49.07,47.31,33.78,50.94,4.936,1.296,29.41,414.61,403.41,11.2,324,306,18,714.21,10.12,0.05556
1297,Line_A,M09,Evening,L116,41.9,53.66,53.07,32.45,44.11,4.928,0.739,55.73,414.84,394.41,20.42,320,313,7,296.73,3.79,0.02188
1298,Line_A,M16,Night,L106,21.2,41.61,38.77,28.4,39.84,5.375,1.286,35.4,435.32,422.06,13.26,254,243,11,470.93,6.64,0.04331
1299,Line_C,M16,Evening,L071,16.5,49.01,49.86,35.44,48.7,5.178,0.618,17.9,419.74,415.38,4.36,285,269,16,613.26,9.22,0.05614
1300,Line_B,M04,Morning,L052,16.5,52.15,52.58,28.37,64.16,5.14,1.263,34.53,443.26,437.79,5.48,207,202,5,156.76,1.68,0.02415
1301,Line_A,M06,Evening,L003,42.3,47.35,48.2,28.29,55.15,4.842,1.05,5.82,433.47,421.61,11.86,409,401,8,369.75,4.23,0.01956
1302,Line_C,M12,Night,L006,36.1,34.13,35.56,27.01,50.99,5.608,1.187,50.73,419.77,417.95,1.82,191,182,9,430.1,5.43,0.04712
1303,Line_C,M03,Evening,L099,15.7,48.71,46.16,32.96,66.28,4.384,0.867,22.88,443.05,433.7,9.35,243,227,16,682.53,9.03,0.06584
1304,Line_A,M01,Evening,L018,22.8,41.36,43.8,34.27,50.62,6.135,0.878,15.48,410.55,408.46,2.1,275,273,2,65.22,1.29,0.00727
1305,Line_D,M09,Night,L087,36.3,51.24,52.94,31.68,47.29,6.329,0.801,84.58,431.83,412.93,18.9,261,240,21,848.33,14.73,0.08046
1306,Line_D,M15,Morning,L067,28.2,49.58,50.04,34.89,58.57,5.559,0.75,66.2,449.48,422.83,26.64,355,345,10,415.92,5.74,0.02817
1307,Line_C,M15,Morning,L114,32.3,43.24,49.83,32.12,55.27,5.103,0.616,41.1,394.06,377.39,16.67,199,194,5,197.03,3.24,0.02513
1308,Line_C,M04,Evening,L083,32.7,48.97,50.1,28.83,65.57,4.65,0.862,32.61,425.26,417.69,7.57,314,287,27,994.55,15.37,0.08599
1309,Line_A,M04,Morning,L108,7.9,56.47,57.52,29.74,60.1,5.1,0.985,32.17,408.78,401.35,7.43,224,208,16,715.1,10.33,0.07143
1310,Line_D,M06,Evening,L051,10.2,45.18,44.55,34.7,47.02,5.313,0.917,35.98,445.68,439.01,6.67,347,337,10,300.0,5.86,0.02882
1311,Line_B,M15,Evening,L041,17.9,42.73,45.62,24.83,48.5,5.142,0.775,31.95,446.04,442.75,3.3,290,278,12,582.82,8.08,0.04138
1312,Line_D,M14,Evening,L120,13.6,48.16,46.61,29.85,45.26,4.978,0.984,125.53,421.35,411.94,9.41,380,355,25,1092.72,9.41,0.06579
1313,Line_C,M15,Night,L077,14.1,51.38,53.23,34.23,46.06,5.065,1.136,45.61,440.2,429.42,10.78,249,235,14,439.38,5.77,0.05622
1314,Line_A,M08,Evening,L009,24.4,47.08,50.4,35.27,39.92,5.228,1.053,17.94,390.61,381.26,9.36,206,199,7,210.0,3.86,0.03398
1315,Line_A,M02,Evening,L106,59.2,45.72,46.72,30.64,65.47,5.448,0.663,21.6,419.41,412.19,7.22,368,367,1,41.53,0.51,0.00272
1316,Line_C,M11,Night,L102,17.4,49.07,47.23,32.84,33.21,5.214,0.949,12.8,415.93,399.05,16.88,297,284,13,652.8,7.28,0.04377
1317,Line_C,M15,Evening,L087,23.2,43.49,40.35,29.73,47.42,4.752,0.735,32.86,442.48,439.04,3.44,185,178,7,210.0,3.95,0.03784
1318,Line_A,M06,Morning,L100,17.0,39.63,44.16,35.33,34.87,5.79,1.049,36.16,459.98,434.77,25.21,206,199,7,299.03,3.83,0.03398
1319,Line_C,M04,Night,L058,30.0,48.31,51.91,26.89,54.87,5.559,0.848,15.99,422.4,416.44,5.96,203,191,12,471.48,9.28,0.05911
1320,Line_D,M09,Evening,L007,10.5,49.25,51.8,28.84,54.38,5.1,1.049,6.1,408.82,389.03,19.79,348,329,19,700.17,11.85,0.0546
1321,Line_B,M04,Morning,L113,11.5,41.56,41.75,34.64,40.83,5.024,1.339,12.97,440.72,424.32,16.41,353,339,14,557.1,9.87,0.03966
1322,Line_B,M14,Night,L045,21.8,56.01,50.76,34.0,49.37,4.741,1.221,26.91,376.58,369.42,7.16,258,244,14,773.21,8.15,0.05426
1323,Line_A,M07,Night,L056,33.5,49.93,53.82,29.99,65.31,4.937,0.507,26.4,412.0,386.9,25.09,297,291,6,211.98,2.46,0.0202
1324,Line_D,M15,Morning,L028,9.2,47.27,46.96,39.86,61.62,4.787,0.969,30.3,421.65,397.62,24.03,234,229,5,220.22,1.89,0.02137
1325,Line_B,M10,Morning,L060,6.7,45.17,46.15,39.23,63.27,5.32,0.988,14.94,405.3,400.0,5.3,216,207,9,324.43,5.73,0.04167
1326,Line_D,M08,Evening,L068,25.4,44.45,44.25,37.51,48.21,4.755,0.901,52.04,440.72,437.74,2.99,350,339,11,504.16,3.63,0.03143
1327,Line_B,M08,Evening,L016,30.4,48.96,51.83,25.92,56.2,5.523,0.898,59.23,420.4,411.46,8.94,402,386,16,647.15,6.99,0.0398
1328,Line_C,M12,Morning,L062,11.6,38.46,38.67,34.78,69.11,5.473,1.138,7.88,423.03,417.92,5.11,292,278,14,623.55,9.92,0.04795
1329,Line_A,M04,Morning,L022,19.2,41.77,42.28,32.98,57.89,5.116,0.745,50.5,451.81,432.39,19.42,307,293,14,632.03,9.64,0.0456
1330,Line_A,M08,Morning,L103,38.9,50.4,55.45,26.2,60.58,5.481,0.866,35.91,418.2,416.27,1.92,259,251,8,383.04,3.87,0.03089
1331,Line_C,M14,Morning,L078,20.4,43.86,41.4,24.75,50.17,5.037,0.847,115.82,380.22,373.24,6.98,414,397,17,720.39,11.42,0.04106
1332,Line_B,M16,Evening,L112,36.7,52.91,52.82,35.73,63.34,5.034,1.518,26.59,413.14,404.6,8.54,361,341,20,826.62,11.3,0.0554
1333,Line_C,M01,Night,L019,29.7,48.65,49.95,33.73,47.07,5.096,0.753,67.12,428.15,404.4,23.76,306,286,20,887.59,11.65,0.06536
1334,Line_D,M12,Night,L060,41.2,43.87,42.36,28.65,63.33,5.448,0.826,54.85,439.16,436.22,2.94,247,237,10,466.6,6.4,0.04049
1335,Line_D,M14,Evening,L039,39.8,46.04,45.49,28.93,46.55,5.279,0.786,11.06,416.44,413.32,3.12,291,282,9,381.99,4.53,0.03093
1336,Line_D,M07,Evening,L086,16.8,44.93,46.51,28.48,66.07,5.702,0.865,88.57,419.17,410.31,8.87,227,217,10,427.0,5.77,0.04405
1337,Line_A,M04,Evening,L080,33.0,50.53,52.53,30.88,37.04,5.322,1.197,7.63,413.46,407.53,5.93,349,333,16,791.94,8.88,0.04585
1338,Line_C,M08,Morning,L085,30.4,43.54,43.39,24.9,61.25,5.305,1.217,46.55,427.1,407.79,19.31,223,211,12,567.14,5.35,0.05381
1339,Line_D,M15,Evening,L050,14.5,42.88,42.09,33.42,52.39,5.558,0.748,30.19,414.14,389.43,24.72,224,218,6,258.86,3.22,0.02679
1340,Line_B,M03,Evening,L116,58.2,51.28,54.86,31.82,47.24,5.11,0.82,71.09,428.39,422.27,6.13,392,386,6,255.71,3.44,0.01531
1341,Line_A,M06,Morning,L102,18.7,52.92,51.07,33.57,54.41,4.496,1.078,35.82,415.02,398.5,16.51,356,344,12,520.93,3.0,0.03371
1342,Line_D,M16,Night,L002,22.0,58.45,57.59,36.6,59.61,4.903,0.858,99.63,428.61,415.95,12.66,247,228,19,636.49,9.45,0.07692
1343,Line_B,M11,Morning,L101,38.5,47.54,46.02,33.36,44.53,5.834,1.088,15.94,410.06,380.92,29.14,320,312,8,402.59,4.42,0.025
1344,Line_C,M05,Evening,L018,27.7,47.33,48.42,34.93,46.22,5.311,0.626,20.2,420.51,410.4,10.11,407,385,22,914.0,13.37,0.05405
1345,Line_D,M11,Morning,L071,15.1,43.21,43.51,25.38,49.84,5.561,0.946,45.71,414.21,398.37,15.84,383,374,9,365.99,6.25,0.0235
1346,Line_C,M03,Evening,L054,26.6,57.24,57.81,28.54,58.58,5.25,0.495,27.25,415.41,410.54,4.87,232,223,9,413.22,4.73,0.03879
1347,Line_B,M12,Night,L026,12.8,48.06,51.47,35.27,54.21,4.77,0.731,93.31,452.68,442.71,9.97,210,195,15,486.36,5.98,0.07143
1348,Line_B,M08,Night,L120,26.4,47.24,53.15,25.29,39.24,5.395,1.017,29.39,436.03,428.54,7.48,213,203,10,418.13,3.56,0.04695
1349,Line_B,M15,Morning,L113,16.5,50.24,47.31,27.49,58.29,5.048,1.171,66.45,418.71,398.52,20.2,183,177,6,196.43,3.25,0.03279
1350,Line_A,M12,Evening,L002,16.0,51.97,52.04,28.86,37.98,5.099,0.99,29.43,401.92,392.38,9.53,191,188,3,120.3,1.45,0.01571
1351,Line_D,M02,Evening,L039,17.8,44.93,46.82,33.79,57.82,4.794,0.553,99.1,430.99,423.61,7.39,367,350,17,594.44,9.64,0.04632
1352,Line_D,M11,Morning,L075,5.0,47.92,47.19,28.62,60.14,4.972,1.021,12.55,436.09,424.52,11.57,336,330,6,307.4,2.01,0.01786
1353,Line_B,M11,Night,L096,27.3,44.38,44.92,30.33,37.9,4.625,1.101,13.9,422.67,414.74,7.93,290,270,20,961.29,9.69,0.06897
1354,Line_B,M05,Evening,L055,7.9,43.3,42.2,26.3,47.99,5.791,0.803,14.52,407.67,393.18,14.49,246,236,10,444.38,4.6,0.04065
1355,Line_D,M09,Evening,L104,14.3,50.91,52.87,33.81,50.5,5.109,0.917,88.43,414.63,361.15,53.48,380,352,28,1088.69,16.74,0.07368
1356,Line_A,M05,Morning,L001,10.5,49.09,53.11,25.19,57.24,5.213,0.643,11.86,406.32,404.41,1.91,230,227,3,129.07,1.39,0.01304
1357,Line_C,M12,Evening,L015,10.9,47.37,52.97,35.28,60.48,5.499,1.329,32.11,440.64,430.39,10.26,253,239,14,535.87,7.81,0.05534
1358,Line_B,M04,Evening,L045,16.9,49.39,50.97,23.67,44.88,5.558,0.79,34.28,470.0,447.22,22.78,283,270,13,632.95,5.33,0.04594
1359,Line_C,M07,Morning,L081,40.2,45.45,43.09,35.08,43.46,5.005,0.939,45.26,418.86,406.93,11.93,296,290,6,272.94,2.33,0.02027
1360,Line_A,M10,Evening,L115,7.9,51.03,54.59,26.12,44.34,4.993,0.659,30.83,417.03,394.26,22.77,367,357,10,440.97,5.31,0.02725
1361,Line_C,M01,Morning,L086,20.8,46.49,47.16,32.55,52.33,4.793,1.099,85.48,413.63,397.58,16.05,280,266,14,684.24,5.9,0.05
1362,Line_B,M16,Evening,L009,6.3,39.12,42.3,26.98,55.79,5.701,1.053,72.21,407.83,402.67,5.17,358,343,15,658.37,7.18,0.0419
1363,Line_C,M01,Morning,L099,9.8,46.57,46.95,30.67,56.08,5.497,0.92,21.75,436.29,412.94,23.35,195,190,5,184.53,2.96,0.02564
1364,Line_A,M15,Evening,L066,46.4,52.25,51.15,27.07,54.52,5.812,0.732,18.93,420.95,409.9,11.05,228,225,3,139.12,1.48,0.01316
1365,Line_B,M11,Night,L017,9.4,55.17,57.33,32.78,38.93,5.169,1.169,22.73,432.35,427.75,4.6,214,200,14,640.58,7.21,0.06542
1366,Line_C,M09,Evening,L078,13.5,44.77,51.08,30.06,70.82,5.153,1.186,3.92,419.29,396.64,22.65,325,301,24,1025.24,16.2,0.07385
1367,Line_A,M08,Night,L023,29.0,44.15,41.89,33.47,47.52,4.954,0.631,15.56,449.86,449.22,0.65,192,190,2,78.72,1.16,0.01042
1368,Line_A,M07,Night,L108,34.7,49.8,49.11,33.8,55.14,4.47,1.069,37.35,419.39,407.36,12.04,389,365,24,1072.16,15.58,0.0617
1369,Line_A,M12,Night,L086,14.7,57.02,59.1,30.38,45.08,4.716,0.779,150.97,406.96,387.34,19.62,196,178,18,680.63,10.29,0.09184
1370,Line_B,M07,Night,L032,28.0,44.63,41.68,29.04,47.0,5.096,0.754,50.86,384.64,363.2,21.44,418,405,13,472.75,6.21,0.0311
1371,Line_A,M09,Night,L078,12.5,42.09,42.46,30.64,54.82,5.017,0.638,19.54,427.59,415.35,12.24,255,241,14,550.85,9.92,0.0549
1372,Line_D,M13,Morning,L074,30.6,42.07,47.13,36.12,47.85,5.244,1.129,69.16,445.93,431.04,14.89,253,244,9,419.96,5.39,0.03557
1373,Line_B,M11,Night,L027,13.8,50.95,46.14,24.93,65.62,4.842,0.718,14.35,407.45,389.56,17.89,289,276,13,616.48,10.76,0.04498
1374,Line_D,M11,Morning,L071,30.4,46.92,39.25,34.95,48.12,5.464,1.068,35.28,434.47,429.86,4.62,412,402,10,445.33,4.34,0.02427
1375,Line_D,M10,Night,L019,33.6,44.62,44.94,31.66,49.04,4.909,0.991,43.6,429.66,420.74,8.92,336,324,12,564.23,6.29,0.03571
1376,Line_A,M01,Evening,L101,63.3,44.35,49.2,37.79,38.25,5.142,0.688,47.67,404.45,395.57,8.88,259,251,8,310.59,4.43,0.03089
1377,Line_C,M02,Morning,L097,24.1,48.22,49.12,29.67,52.1,5.723,1.109,6.45,412.69,403.64,9.05,229,221,8,342.88,3.81,0.03493
1378,Line_D,M02,Night,L091,30.6,43.35,40.7,31.28,56.87,5.879,0.815,43.21,376.21,372.18,4.02,332,322,10,502.85,4.45,0.03012
1379,Line_C,M05,Evening,L103,21.8,39.55,38.78,36.13,51.02,5.858,0.66,38.09,412.68,404.5,8.18,238,222,16,746.35,6.69,0.06723
1380,Line_B,M08,Evening,L069,12.5,43.94,40.08,24.72,52.08,5.402,1.199,109.47,425.69,410.91,14.78,256,239,17,764.61,8.66,0.06641
1381,Line_B,M04,Night,L091,9.3,48.13,48.51,33.12,40.72,5.659,0.509,89.37,417.43,410.37,7.06,347,319,28,1322.14,22.1,0.08069
1382,Line_A,M09,Night,L086,27.3,45.09,43.27,33.55,56.19,4.36,0.662,44.31,411.28,399.2,12.08,242,231,11,508.77,5.6,0.04545
1383,Line_C,M15,Night,L063,20.7,52.03,53.59,31.82,50.47,5.061,0.768,28.4,440.29,440.1,0.19,334,310,24,876.33,15.93,0.07186
1384,Line_D,M16,Evening,L106,65.4,55.12,53.12,29.38,28.95,5.243,0.962,39.52,414.32,402.01,12.31,294,288,6,288.34,3.35,0.02041
1385,Line_D,M11,Morning,L069,22.6,49.95,44.33,31.8,30.5,4.473,0.686,64.38,422.23,410.92,11.31,197,187,10,451.53,3.34,0.05076
1386,Line_A,M03,Night,L004,14.5,38.94,40.12,31.93,50.07,5.19,1.001,36.39,422.88,409.47,13.4,309,291,18,855.69,9.96,0.05825
1387,Line_C,M12,Evening,L035,18.0,50.82,54.1,36.01,48.07,4.841,1.16,23.04,396.79,391.06,5.73,230,221,9,365.95,4.82,0.03913
1388,Line_B,M13,Evening,L031,22.8,43.26,45.57,27.81,35.37,5.42,0.846,62.31,409.84,390.55,19.29,211,198,13,452.22,5.5,0.06161
1389,Line_D,M13,Evening,L102,39.1,48.25,52.02,37.76,47.5,4.989,0.935,11.78,430.83,389.79,41.04,405,382,23,1020.81,10.81,0.05679
1390,Line_A,M15,Night,L027,77.2,49.5,52.21,29.07,51.28,5.213,1.079,16.09,427.99,419.6,8.4,378,370,8,314.84,3.89,0.02116
1391,Line_D,M01,Morning,L060,28.9,38.94,40.81,29.98,43.8,5.281,1.254,35.57,423.71,417.05,6.65,284,271,13,573.07,5.79,0.04577
1392,Line_D,M07,Morning,L079,33.0,48.03,50.34,33.93,66.6,5.391,0.813,33.27,402.98,379.62,23.37,376,371,5,228.96,3.86,0.0133
1393,Line_A,M10,Morning,L045,23.6,45.81,49.99,23.77,55.04,4.699,0.922,60.24,427.61,411.57,16.04,382,372,10,407.56,5.23,0.02618
1394,Line_A,M03,Night,L050,30.0,47.82,47.89,27.88,55.55,5.148,0.683,47.88,428.65,427.55,1.1,284,279,5,210.81,3.25,0.01761
1395,Line_D,M07,Evening,L045,24.2,43.78,44.69,32.78,37.63,5.313,0.894,14.3,417.48,408.77,8.71,419,411,8,385.61,3.51,0.01909
1396,Line_A,M04,Evening,L045,46.1,43.59,40.72,28.4,61.18,4.764,0.88,8.35,410.04,394.46,15.58,191,184,7,302.03,2.74,0.03665
1397,Line_C,M04,Evening,L064,34.5,51.56,63.58,27.92,60.17,5.514,0.778,60.28,408.97,379.54,29.43,188,181,7,275.59,4.48,0.03723
1398,Line_D,M11,Night,L082,34.2,48.1,44.65,32.03,31.82,5.199,0.847,17.92,418.16,410.26,7.9,233,225,8,363.28,5.88,0.03433
1399,Line_C,M11,Evening,L109,35.5,45.2,49.34,29.9,46.97,5.529,0.678,6.83,411.77,398.94,12.83,214,203,11,515.48,2.89,0.0514
1400,Line_B,M02,Night,L087,25.4,45.93,46.8,31.56,59.64,4.563,1.094,21.19,385.07,365.18,19.9,394,373,21,925.57,13.48,0.0533
1401,Line_B,M11,Evening,L065,34.4,52.93,52.15,33.28,31.61,4.658,0.984,65.8,394.94,388.17,6.77,403,379,24,844.42,14.84,0.05955
1402,Line_A,M15,Evening,L078,22.8,51.53,51.15,29.92,50.14,4.932,1.072,72.82,411.08,405.28,5.8,328,317,11,482.17,7.34,0.03354
1403,Line_D,M01,Morning,L120,13.4,40.4,40.19,22.92,51.1,4.8,0.74,47.8,408.6,404.68,3.93,234,230,4,198.88,2.72,0.01709
1404,Line_B,M13,Evening,L115,24.7,51.84,56.68,29.58,45.79,4.996,0.874,39.16,451.71,438.4,13.31,337,316,21,683.45,11.34,0.06231
1405,Line_A,M12,Morning,L115,11.3,45.42,43.46,26.23,59.46,5.295,1.081,45.78,432.01,427.11,4.9,382,368,14,651.48,11.04,0.03665
1406,Line_B,M13,Evening,L090,18.5,46.38,44.55,27.32,36.5,6.022,1.124,33.07,423.44,414.24,9.2,344,323,21,731.97,9.65,0.06105
1407,Line_D,M16,Morning,L075,14.3,44.25,46.7,30.53,55.51,4.978,0.7,28.45,421.7,417.4,4.31,396,388,8,333.49,4.31,0.0202
1408,Line_A,M12,Morning,L093,15.2,40.51,41.32,32.65,56.92,5.39,0.949,6.73,420.02,413.37,6.65,281,279,2,84.39,1.25,0.00712
1409,Line_D,M06,Night,L093,37.4,43.97,45.11,29.65,43.32,5.076,0.794,15.04,419.33,409.27,10.06,332,324,8,412.36,4.72,0.0241
1410,Line_C,M03,Morning,L039,4.1,37.08,38.61,27.04,62.51,5.113,1.034,90.75,462.49,451.39,11.1,379,352,27,1159.5,19.53,0.07124
1411,Line_D,M15,Night,L064,27.6,55.95,61.84,30.5,51.58,5.422,0.942,45.34,447.26,442.25,5.02,190,179,11,507.9,7.46,0.05789
1412,Line_D,M12,Night,L115,21.1,49.95,51.07,32.39,39.96,5.197,0.873,43.78,416.9,389.5,27.4,299,283,16,529.1,7.01,0.05351
1413,Line_D,M08,Morning,L007,20.7,47.51,47.62,33.9,55.48,5.427,0.541,54.98,436.9,430.42,6.47,344,341,3,112.2,1.71,0.00872
1414,Line_D,M10,Evening,L035,19.8,49.43,43.81,38.57,42.01,4.546,0.559,13.07,429.38,420.46,8.92,286,267,19,755.48,10.84,0.06643
1415,Line_A,M09,Night,L005,9.1,50.06,50.18,38.41,60.34,5.729,0.909,70.67,407.56,387.63,19.93,366,335,31,1128.08,17.56,0.0847
1416,Line_D,M01,Evening,L100,19.4,49.28,57.46,36.72,50.28,5.152,0.772,28.32,424.51,413.17,11.34,261,248,13,562.7,6.62,0.04981
1417,Line_C,M05,Morning,L029,23.3,57.62,64.56,32.35,55.74,5.365,0.895,57.3,416.06,413.54,2.52,345,332,13,390.0,7.53,0.03768
1418,Line_C,M05,Evening,L067,18.7,48.68,48.06,32.74,55.87,5.482,0.887,40.62,422.41,419.21,3.2,295,283,12,532.23,5.79,0.04068
1419,Line_D,M10,Evening,L118,14.6,44.39,43.75,28.66,57.63,5.879,1.443,47.3,387.2,379.61,7.59,293,281,12,427.89,5.45,0.04096
1420,Line_D,M07,Morning,L049,25.0,42.53,40.78,30.8,48.93,4.789,1.247,25.49,406.96,399.68,7.28,257,246,11,507.34,7.28,0.0428
1421,Line_C,M07,Morning,L109,25.3,44.71,45.51,29.58,64.09,4.898,0.554,48.45,409.16,398.77,10.39,392,373,19,791.06,13.06,0.04847
1422,Line_B,M09,Evening,L024,48.1,44.96,44.43,32.82,55.12,5.65,0.599,63.52,397.04,376.23,20.81,363,346,17,793.63,7.5,0.04683
1423,Line_B,M15,Night,L116,18.7,46.24,49.76,31.59,65.6,4.47,0.777,72.92,415.76,410.55,5.21,281,260,21,901.74,11.09,0.07473
1424,Line_B,M03,Night,L045,17.6,49.99,49.21,28.3,53.22,5.583,0.878,96.33,410.34,400.73,9.62,292,279,13,552.42,8.82,0.04452
1425,Line_B,M02,Night,L025,19.5,55.65,57.25,27.46,50.42,5.032,0.713,47.55,414.03,406.42,7.61,221,210,11,465.86,6.58,0.04977
1426,Line_B,M09,Evening,L044,18.7,50.16,54.13,28.46,59.8,4.823,1.19,86.24,403.67,382.57,21.11,304,284,20,851.09,11.54,0.06579
1427,Line_A,M14,Morning,L092,22.8,52.62,51.64,30.73,49.58,5.233,0.756,81.46,410.65,393.61,17.04,372,365,7,276.42,5.6,0.01882
1428,Line_A,M16,Night,L096,29.2,46.79,46.95,36.42,34.96,5.641,0.727,10.75,421.47,409.47,12.0,322,313,9,322.87,5.4,0.02795
1429,Line_C,M06,Night,L012,20.8,48.52,50.38,29.71,34.28,4.852,0.489,24.55,402.67,397.96,4.7,406,383,23,995.29,14.71,0.05665
1430,Line_B,M06,Morning,L089,28.2,53.05,58.28,29.8,60.51,4.687,0.965,34.23,430.04,416.77,13.26,327,298,29,1255.15,15.44,0.08869
1431,Line_D,M14,Evening,L030,24.8,42.56,48.03,28.25,61.81,5.229,0.927,49.82,401.11,382.91,18.2,396,388,8,380.03,5.24,0.0202
1432,Line_C,M03,Evening,L017,7.5,50.02,54.91,29.16,53.2,4.987,1.009,26.72,382.67,380.02,2.65,385,356,29,1121.7,16.83,0.07532
1433,Line_A,M06,Evening,L105,26.7,44.69,42.54,26.21,48.91,5.571,0.775,80.38,409.93,408.34,1.59,204,201,3,95.81,2.15,0.01471
1434,Line_A,M08,Evening,L106,23.8,47.31,45.9,29.88,43.42,4.928,0.916,9.96,456.74,447.56,9.18,375,368,7,332.21,4.77,0.01867
1435,Line_A,M05,Night,L091,47.2,49.35,52.84,34.27,41.68,4.38,1.017,30.9,426.62,423.88,2.74,336,322,14,666.34,8.61,0.04167
1436,Line_D,M08,Morning,L107,16.6,45.09,44.45,29.0,56.13,4.881,0.735,31.0,418.62,414.75,3.87,408,394,14,703.75,5.74,0.03431
1437,Line_A,M16,Night,L019,21.1,45.91,49.78,30.3,59.92,5.219,0.97,57.71,430.95,422.52,8.43,326,321,5,205.38,3.05,0.01534
1438,Line_B,M15,Morning,L021,11.6,48.41,50.45,25.81,47.18,4.873,0.819,34.02,421.33,408.27,13.06,272,268,4,160.23,3.16,0.01471
1439,Line_D,M07,Evening,L012,8.3,50.06,46.66,31.61,55.26,5.631,1.087,34.97,435.29,432.58,2.71,253,244,9,373.06,4.07,0.03557
1440,Line_D,M08,Evening,L102,17.9,53.35,58.93,31.89,50.14,5.237,1.217,59.88,416.29,406.47,9.82,261,251,10,431.93,5.18,0.03831
1441,Line_A,M15,Evening,L109,23.8,50.1,44.98,27.26,52.33,6.118,0.76,20.2,387.38,381.19,6.19,213,209,4,165.34,1.65,0.01878
1442,Line_A,M04,Morning,L042,19.8,46.82,46.73,40.04,44.6,4.887,0.902,17.27,410.13,403.41,6.72,383,361,22,938.21,14.52,0.05744
1443,Line_A,M10,Morning,L107,20.7,48.67,44.87,24.9,33.76,4.977,1.138,52.79,408.22,398.52,9.7,373,371,2,69.19,1.28,0.00536
1444,Line_A,M04,Night,L057,22.4,42.91,47.03,25.7,28.8,5.336,0.862,33.32,422.17,404.8,17.38,343,328,15,637.4,8.16,0.04373
1445,Line_A,M11,Morning,L021,23.3,52.71,55.33,34.61,53.39,5.291,0.774,50.86,425.51,417.44,8.08,413,408,5,199.86,2.41,0.01211
1446,Line_C,M01,Morning,L093,16.2,48.74,49.67,34.79,38.64,4.516,0.555,7.74,420.23,411.52,8.72,305,280,25,1067.94,17.18,0.08197
1447,Line_D,M04,Morning,L117,15.0,39.82,41.74,25.01,35.8,5.124,0.402,19.35,419.44,380.18,39.26,260,247,13,586.15,5.87,0.05
1448,Line_C,M12,Evening,L105,31.5,42.32,42.55,36.56,57.41,5.816,1.024,40.66,447.72,445.74,1.98,287,271,16,623.24,9.12,0.05575
1449,Line_C,M12,Evening,L097,36.0,51.98,49.78,32.8,43.58,4.727,1.069,59.21,435.65,433.53,2.12,225,214,11,445.31,4.66,0.04889
1450,Line_A,M05,Evening,L048,13.5,47.43,44.01,30.44,77.99,5.719,0.635,7.86,394.81,368.88,25.94,222,211,11,357.44,4.24,0.04955
1451,Line_D,M04,Morning,L084,13.5,41.42,41.32,33.91,39.72,5.125,0.852,36.08,456.67,444.24,12.43,285,279,6,253.74,3.49,0.02105
1452,Line_C,M13,Night,L040,18.3,45.14,46.26,28.47,55.22,4.616,1.193,115.45,387.81,370.02,17.79,187,164,23,922.81,14.17,0.12299
1453,Line_D,M16,Morning,L036,33.6,48.95,51.21,34.97,54.88,5.317,0.763,70.53,430.96,411.91,19.05,191,187,4,174.99,1.49,0.02094
1454,Line_D,M09,Night,L060,20.9,48.26,51.68,36.48,65.06,5.017,1.099,58.11,420.97,414.54,6.43,316,292,24,951.86,15.51,0.07595
1455,Line_B,M12,Evening,L110,28.1,54.19,60.32,31.49,70.92,5.178,1.061,23.56,425.86,414.52,11.34,376,367,9,390.97,5.59,0.02394
1456,Line_A,M12,Evening,L023,7.2,48.24,52.94,28.36,55.74,5.336,0.88,52.41,420.51,414.6,5.91,323,315,8,364.2,4.57,0.02477
1457,Line_A,M15,Evening,L039,19.9,50.34,48.46,35.76,53.14,5.683,0.988,22.04,427.16,400.07,27.09,283,278,5,197.63,3.16,0.01767
1458,Line_B,M04,Evening,L087,42.0,46.6,49.94,31.34,50.59,4.91,1.173,15.49,417.5,388.5,29.0,200,190,10,391.41,4.24,0.05
1459,Line_D,M10,Night,L026,33.6,41.86,39.93,25.46,47.2,5.575,1.025,40.27,413.08,406.89,6.19,400,386,14,637.29,8.77,0.035
1460,Line_B,M03,Night,L117,29.3,46.36,49.0,28.12,57.3,5.603,0.548,29.61,418.07,388.41,29.67,400,378,22,1141.34,14.48,0.055
1461,Line_C,M06,Evening,L037,11.9,51.17,52.77,35.14,51.11,5.14,1.004,67.95,440.64,431.46,9.17,355,337,18,801.34,8.46,0.0507
1462,Line_C,M07,Morning,L001,8.4,46.19,50.96,36.01,41.96,5.467,0.644,57.25,407.62,393.86,13.76,195,188,7,276.68,3.83,0.0359
1463,Line_A,M15,Evening,L006,12.7,54.83,50.7,33.2,42.62,4.299,0.616,59.79,396.62,392.48,4.14,390,375,15,545.52,5.65,0.03846
1464,Line_B,M06,Night,L051,32.9,54.43,53.78,28.83,47.52,4.587,0.907,37.95,425.01,416.92,8.08,222,210,12,643.23,4.11,0.05405
1465,Line_C,M01,Night,L047,59.2,45.33,44.23,26.43,51.62,5.668,1.034,44.11,403.9,388.0,15.91,202,195,7,238.77,1.84,0.03465
1466,Line_C,M09,Evening,L038,10.2,46.2,47.53,28.45,55.99,4.976,1.072,32.66,402.54,389.0,13.54,199,185,14,531.65,5.64,0.07035
1467,Line_B,M07,Morning,L038,27.5,46.64,42.04,21.35,47.46,4.799,1.034,21.66,424.61,419.16,5.45,407,397,10,386.27,5.15,0.02457
1468,Line_A,M12,Morning,L104,36.4,49.23,52.05,37.57,62.26,5.472,1.112,82.17,440.35,375.52,64.84,373,366,7,317.54,3.43,0.01877
1469,Line_C,M01,Evening,L085,22.1,51.15,51.38,34.86,52.81,5.942,1.082,29.4,414.83,408.04,6.8,292,274,18,799.42,12.74,0.06164
1470,Line_A,M15,Evening,L083,31.7,42.05,40.62,32.39,54.36,4.971,0.941,21.35,395.7,392.12,3.58,367,361,6,272.86,3.22,0.01635
1471,Line_D,M12,Night,L001,28.2,50.79,52.57,34.86,60.14,5.3,0.784,70.93,439.12,429.88,9.24,271,256,15,599.53,7.56,0.05535
1472,Line_A,M10,Evening,L069,18.5,46.23,44.79,28.64,50.01,5.316,0.674,26.15,413.04,404.46,8.58,333,328,5,172.36,2.74,0.01502
1473,Line_A,M14,Night,L069,27.6,43.72,43.11,30.01,71.84,5.106,0.775,27.23,443.95,431.04,12.91,406,392,14,588.37,5.47,0.03448
1474,Line_B,M04,Evening,L098,8.0,50.64,48.97,28.13,58.89,5.061,0.426,47.35,443.88,428.56,15.32,190,179,11,498.55,5.27,0.05789
1475,Line_B,M07,Evening,L038,22.3,43.61,42.4,24.19,51.29,5.088,0.678,6.58,405.84,395.88,9.95,398,379,19,727.98,12.77,0.04774
1476,Line_B,M05,Night,L027,17.6,45.51,55.12,29.73,48.13,5.656,0.868,28.26,446.96,437.69,9.28,413,391,22,1064.83,12.04,0.05327
1477,Line_B,M05,Evening,L076,17.1,43.61,46.04,31.13,57.09,4.976,1.301,18.91,441.25,437.23,4.02,377,362,15,648.49,6.0,0.03979
1478,Line_D,M15,Morning,L012,6.4,44.29,45.43,27.46,50.83,4.953,1.397,19.45,411.16,403.42,7.75,343,332,11,451.19,6.26,0.03207
1479,Line_B,M15,Evening,L105,15.5,51.51,48.05,27.73,69.3,5.163,1.355,103.19,424.51,406.89,17.62,330,310,20,763.6,12.0,0.06061
1480,Line_B,M04,Morning,L038,9.1,45.91,48.75,28.57,43.87,5.143,1.322,21.39,425.57,403.92,21.65,307,287,20,832.61,12.66,0.06515
1481,Line_B,M04,Morning,L024,11.4,47.06,49.89,31.03,52.25,5.153,0.684,75.57,437.3,415.26,22.04,192,176,16,651.45,8.21,0.08333
1482,Line_A,M02,Evening,L084,34.3,38.77,38.77,35.6,54.17,5.337,0.708,29.54,418.95,417.04,1.91,226,218,8,349.58,4.8,0.0354
1483,Line_C,M03,Morning,L042,52.0,54.94,55.91,30.06,49.17,5.132,0.708,39.89,429.56,425.56,4.0,186,181,5,198.43,3.78,0.02688
1484,Line_A,M15,Morning,L053,14.1,42.99,43.91,26.33,25.0,5.157,0.878,70.48,426.93,401.96,24.97,256,250,6,252.96,2.14,0.02344
1485,Line_C,M04,Evening,L033,12.0,52.14,50.51,27.24,51.93,5.323,0.733,26.33,386.5,361.55,24.96,322,298,24,1053.53,14.75,0.07453
1486,Line_A,M01,Morning,L075,22.8,44.72,47.32,30.45,55.56,4.578,1.106,54.57,451.58,447.21,4.37,299,285,14,584.27,6.49,0.04682
1487,Line_D,M14,Night,L060,15.8,56.96,58.62,31.94,46.09,5.277,0.678,30.52,441.96,423.65,18.32,290,279,11,406.69,5.75,0.03793
1488,Line_B,M12,Evening,L031,32.3,48.95,45.46,26.75,44.1,5.872,0.909,23.84,411.47,406.43,5.04,230,221,9,379.05,4.34,0.03913
1489,Line_D,M12,Evening,L025,5.2,47.6,48.64,32.75,54.85,5.335,0.992,55.01,446.74,439.95,6.79,388,375,13,610.94,8.15,0.03351
1490,Line_B,M03,Evening,L008,3.9,52.33,51.3,34.12,52.33,5.367,0.56,22.17,397.63,393.9,3.74,385,368,17,654.37,8.77,0.04416
1491,Line_A,M01,Night,L092,37.0,45.05,43.33,26.99,57.93,4.641,0.172,42.6,407.67,406.38,1.29,238,225,13,562.75,6.49,0.05462
1492,Line_D,M11,Evening,L025,21.7,51.38,47.87,28.14,43.0,5.131,0.973,17.8,399.31,397.09,2.22,282,268,14,673.81,8.2,0.04965
1493,Line_C,M09,Night,L016,43.7,48.6,48.78,27.96,48.0,5.76,0.953,78.19,379.32,374.1,5.22,215,197,18,712.37,5.91,0.08372
1494,Line_D,M03,Morning,L119,59.0,46.89,47.49,39.04,52.38,5.743,0.927,60.24,431.88,424.81,7.07,269,257,12,450.6,9.83,0.04461
1495,Line_B,M08,Evening,L022,21.2,41.59,39.84,32.65,64.49,5.164,1.189,52.31,418.39,416.6,1.79,375,353,22,870.49,11.05,0.05867
1496,Line_C,M15,Evening,L069,26.3,50.46,53.14,31.99,59.13,5.189,0.448,47.36,429.56,420.89,8.66,300,284,16,735.0,5.0,0.05333
1497,Line_D,M15,Morning,L086,12.5,44.14,44.22,31.76,56.32,4.929,0.542,17.77,395.03,389.31,5.72,341,329,12,500.19,7.63,0.03519
1498,Line_C,M01,Morning,L081,13.7,40.6,39.69,36.31,50.19,4.983,0.896,38.25,431.81,425.32,6.49,239,231,8,374.91,5.03,0.03347
1499,Line_B,M01,Morning,L071,25.2,54.16,56.79,31.46,43.56,4.412,0.753,53.4,431.71,431.46,0.26,396,380,16,585.03,10.03,0.0404
1500,Line_C,M05,Evening,L077,2.6,48.42,47.95,34.61,62.79,4.614,1.082,51.65,421.44,419.08,2.35,276,254,22,930.4,13.18,0.07971
1501,Line_C,M12,Evening,L008,16.5,51.81,45.74,26.61,43.76,4.401,1.253,68.02,436.59,414.52,22.06,222,206,16,614.15,8.96,0.07207
1502,Line_D,M13,Night,L009,17.9,48.37,45.14,29.96,39.47,5.693,0.716,169.63,421.42,386.22,35.19,189,170,19,837.24,11.63,0.10053
1503,Line_B,M09,Evening,L035,18.4,48.41,53.79,30.13,36.57,5.823,0.891,58.19,387.22,376.18,11.05,330,316,14,597.05,6.93,0.04242
1504,Line_B,M10,Morning,L014,21.4,38.02,36.25,23.46,46.57,5.367,0.802,33.52,425.25,421.65,3.6,297,288,9,374.39,5.9,0.0303
1505,Line_D,M08,Night,L088,34.9,48.36,52.42,28.26,49.21,4.593,0.73,7.28,430.57,421.25,9.32,262,244,18,680.2,9.5,0.0687
1506,Line_B,M07,Morning,L111,25.8,46.22,43.66,31.16,55.58,5.382,0.914,34.52,401.42,356.86,44.55,261,252,9,324.19,5.42,0.03448
1507,Line_C,M03,Morning,L102,22.2,39.15,41.1,34.21,65.0,5.382,1.141,59.09,448.66,425.81,22.85,223,215,8,356.26,3.44,0.03587
1508,Line_B,M07,Morning,L077,30.3,45.81,44.89,38.42,37.84,5.274,0.445,48.75,414.66,401.46,13.21,353,339,14,595.07,5.76,0.03966
1509,Line_A,M16,Morning,L030,27.8,45.46,44.86,29.26,50.77,4.973,1.152,33.78,422.76,420.49,2.27,188,185,3,130.34,2.1,0.01596
1510,Line_C,M09,Night,L108,35.1,48.3,54.85,28.39,58.87,5.452,0.499,81.41,453.95,427.47,26.48,402,358,44,1807.46,17.69,0.10945
1511,Line_A,M10,Evening,L069,29.1,49.59,50.67,35.59,31.29,5.041,1.062,24.13,411.37,402.69,8.69,267,259,8,325.26,4.84,0.02996
1512,Line_A,M16,Morning,L092,13.4,42.29,41.2,30.53,54.05,4.744,0.974,77.33,445.21,442.16,3.04,192,189,3,148.4,1.75,0.01562
1513,Line_C,M01,Night,L119,12.8,47.73,49.44,29.86,37.57,4.806,0.578,23.31,398.94,383.63,15.31,242,231,11,431.04,5.1,0.04545
1514,Line_C,M11,Evening,L120,21.6,54.67,57.34,33.35,52.46,5.974,0.892,62.65,428.41,423.34,5.08,266,248,18,785.72,11.27,0.06767
1515,Line_D,M05,Night,L113,32.3,52.27,58.23,36.34,57.19,5.846,0.823,170.0,415.98,387.31,28.66,209,189,20,714.07,11.44,0.09569
1516,Line_A,M08,Evening,L042,17.0,52.16,57.7,27.35,51.83,5.711,0.608,24.61,425.45,414.34,11.11,184,180,4,180.16,2.02,0.02174
1517,Line_A,M01,Night,L118,22.4,49.3,49.98,35.19,47.53,5.782,0.901,1.82,423.82,412.59,11.23,310,300,10,357.74,5.26,0.03226
1518,Line_D,M06,Night,L034,19.9,50.22,49.56,30.62,57.51,4.849,0.835,15.06,410.58,407.75,2.83,224,211,13,599.48,5.92,0.05804
1519,Line_A,M09,Night,L101,12.1,46.35,55.6,27.4,51.55,5.365,0.516,15.74,405.78,382.03,23.75,273,265,8,266.65,3.62,0.0293
1520,Line_A,M09,Evening,L049,48.4,47.84,52.33,31.46,48.05,5.943,0.597,23.59,438.49,431.02,7.48,412,401,11,440.72,6.67,0.0267
1521,Line_B,M07,Morning,L042,15.4,51.09,57.03,28.57,57.69,4.905,0.672,125.86,435.05,431.95,3.1,336,318,18,620.45,10.96,0.05357
1522,Line_C,M15,Evening,L060,16.6,45.93,47.87,40.58,53.12,4.959,0.804,27.95,431.68,427.46,4.22,352,324,28,1322.77,21.0,0.07955
1523,Line_D,M04,Evening,L099,28.4,39.32,42.18,31.12,39.73,4.958,0.852,57.17,396.62,363.53,33.09,208,200,8,351.5,4.85,0.03846
1524,Line_C,M04,Morning,L048,5.9,44.34,41.54,24.67,47.08,4.883,0.567,55.91,419.79,401.3,18.49,246,236,10,384.98,5.98,0.04065
1525,Line_C,M10,Morning,L023,18.4,46.8,44.98,27.6,62.9,5.166,0.782,44.94,442.23,437.64,4.59,183,173,10,479.92,4.1,0.05464
1526,Line_A,M06,Evening,L048,27.1,46.79,47.6,33.85,59.38,5.039,0.774,102.33,416.53,410.29,6.25,310,301,9,403.31,4.48,0.02903
1527,Line_B,M05,Evening,L064,32.0,51.76,45.05,29.16,54.52,5.21,1.083,12.78,457.31,456.0,1.3,229,224,5,218.25,2.34,0.02183
1528,Line_B,M02,Evening,L071,25.2,41.02,41.02,30.58,43.96,4.974,0.909,15.56,435.85,428.6,7.25,219,212,7,292.33,3.45,0.03196
1529,Line_A,M09,Morning,L017,9.7,49.65,51.15,30.95,37.27,4.986,0.98,101.69,390.89,364.9,26.0,361,327,34,1729.57,13.71,0.09418
1530,Line_A,M11,Morning,L030,8.6,55.67,55.47,34.9,55.19,5.428,0.676,21.32,426.1,424.25,1.86,317,307,10,456.89,7.55,0.03155
1531,Line_B,M10,Morning,L068,14.0,44.84,47.4,35.23,43.64,5.755,0.505,43.21,415.79,410.35,5.44,240,229,11,366.22,6.87,0.04583
1532,Line_A,M13,Morning,L075,31.0,43.94,42.32,23.17,50.59,5.912,0.788,35.33,422.07,405.92,16.15,240,235,5,182.55,2.34,0.02083
1533,Line_C,M11,Evening,L046,26.6,57.34,50.91,32.05,34.2,5.13,0.961,29.54,415.46,404.19,11.26,342,316,26,1110.7,14.41,0.07602
1534,Line_C,M11,Evening,L050,27.8,43.49,42.42,32.45,55.03,5.296,1.068,95.44,405.36,395.53,9.83,193,177,16,654.18,5.9,0.0829
1535,Line_A,M06,Evening,L119,17.2,48.55,47.58,25.27,49.26,5.495,0.938,50.16,418.16,411.27,6.89,335,326,9,399.26,4.43,0.02687
1536,Line_B,M13,Evening,L054,16.0,40.88,42.39,33.75,40.31,5.524,0.904,69.83,439.5,417.4,22.1,212,195,17,798.67,9.64,0.08019
1537,Line_D,M15,Evening,L011,12.8,50.62,51.43,29.29,64.68,4.963,0.924,14.07,402.52,399.85,2.67,191,186,5,206.91,2.56,0.02618
1538,Line_C,M13,Morning,L085,42.4,44.92,45.36,34.35,51.89,5.039,1.376,27.12,410.91,374.35,36.56,313,292,21,958.99,13.99,0.06709
1539,Line_D,M02,Evening,L059,36.3,50.39,55.73,31.54,58.42,4.96,1.429,40.08,451.2,441.89,9.31,406,393,13,535.16,7.6,0.03202
1540,Line_B,M16,Morning,L106,11.8,48.44,49.35,28.72,75.37,5.184,0.565,14.03,445.61,433.29,12.32,281,266,15,680.15,10.68,0.05338
1541,Line_D,M09,Night,L021,9.7,48.91,50.33,29.42,51.38,5.742,1.239,12.87,436.73,395.59,41.14,209,194,15,728.4,10.07,0.07177
1542,Line_A,M08,Night,L100,14.2,53.46,56.29,28.31,62.02,5.02,0.959,54.49,438.04,426.48,11.57,374,364,10,460.56,5.42,0.02674
1543,Line_B,M04,Evening,L090,21.3,47.2,48.0,32.16,40.01,5.441,1.211,25.38,413.59,394.69,18.89,353,333,20,678.61,13.04,0.05666
1544,Line_A,M02,Morning,L096,23.6,46.7,48.28,26.92,50.06,5.312,1.197,13.27,404.68,382.26,22.42,300,293,7,315.55,2.94,0.02333
1545,Line_B,M14,Morning,L021,35.4,44.09,46.4,32.62,49.79,5.699,0.94,16.81,399.71,388.21,11.5,295,288,7,248.77,3.89,0.02373
1546,Line_B,M09,Morning,L082,15.6,49.16,56.7,29.14,52.56,5.38,0.925,24.27,412.7,389.95,22.75,388,365,23,1056.24,14.35,0.05928
1547,Line_A,M15,Morning,L112,16.5,53.64,54.69,31.36,44.8,5.3,0.779,23.68,431.62,415.17,16.45,397,392,5,208.64,1.72,0.01259
1548,Line_C,M13,Evening,L079,15.4,51.96,53.68,29.26,53.6,4.652,0.917,105.18,410.29,400.05,10.24,195,173,22,801.98,15.03,0.11282
1549,Line_B,M13,Evening,L032,9.4,48.67,51.12,29.75,51.27,5.318,1.063,60.5,410.99,397.88,13.11,390,366,24,1285.27,12.04,0.06154
1550,Line_A,M07,Evening,L032,11.1,49.46,54.95,33.72,51.55,5.014,1.144,71.38,429.88,405.69,24.19,318,307,11,474.71,5.69,0.03459
1551,Line_A,M06,Morning,L113,11.5,54.45,57.43,34.09,38.16,4.346,0.559,40.72,430.23,427.82,2.41,367,357,10,417.06,7.37,0.02725
1552,Line_B,M08,Morning,L095,20.5,49.07,37.73,28.07,37.5,5.043,0.68,55.88,423.05,420.72,2.34,340,328,12,360.0,6.95,0.03529
1553,Line_B,M01,Morning,L071,29.3,51.0,54.45,37.47,36.27,4.824,0.708,49.3,394.01,378.71,15.3,241,237,4,145.14,2.02,0.0166
1554,Line_B,M12,Evening,L022,35.2,53.02,50.83,24.84,51.02,5.305,0.716,84.59,409.6,397.92,11.68,280,273,7,311.37,3.01,0.025
1555,Line_A,M15,Morning,L105,3.7,51.21,52.69,29.78,30.82,4.996,0.831,37.74,416.8,407.99,8.8,378,370,8,323.24,4.52,0.02116
1556,Line_C,M01,Night,L044,53.6,47.51,47.98,26.39,60.03,5.272,0.75,81.5,417.12,401.58,15.54,390,367,23,1072.82,9.44,0.05897
1557,Line_D,M15,Morning,L014,15.8,50.45,56.75,34.67,65.21,5.367,0.988,92.58,419.89,404.69,15.19,330,319,11,424.67,6.79,0.03333
1558,Line_B,M11,Evening,L110,29.1,47.49,49.62,24.4,52.39,5.85,0.767,38.12,432.26,432.12,0.14,329,321,8,359.57,5.28,0.02432
1559,Line_C,M09,Night,L040,53.0,42.58,46.1,26.97,35.58,4.969,0.675,32.76,416.48,387.57,28.91,195,186,9,412.12,4.66,0.04615
1560,Line_D,M12,Night,L003,11.0,48.95,48.6,26.08,54.23,5.527,1.473,16.3,429.66,414.3,15.36,377,357,20,838.61,7.81,0.05305
1561,Line_D,M01,Morning,L034,36.2,56.97,58.35,27.75,47.01,5.091,0.606,25.03,437.86,425.05,12.81,310,305,5,204.43,2.87,0.01613
1562,Line_C,M16,Evening,L063,15.0,38.58,36.57,29.77,39.65,4.092,1.115,26.96,422.31,401.82,20.48,344,320,24,851.12,15.17,0.06977
1563,Line_D,M14,Night,L064,20.3,45.14,46.06,34.84,54.97,5.62,0.871,22.48,403.69,393.86,9.83,296,286,10,441.24,5.15,0.03378
1564,Line_D,M12,Morning,L026,29.0,49.83,43.55,31.67,56.92,5.947,0.664,38.09,443.13,439.28,3.85,405,395,10,407.77,5.1,0.02469
1565,Line_D,M06,Evening,L104,27.8,43.21,42.18,34.0,58.28,5.021,1.202,17.04,418.03,382.46,35.57,338,321,17,774.57,7.19,0.0503
1566,Line_B,M03,Night,L029,31.7,45.31,46.07,34.41,38.83,4.953,1.009,44.18,391.63,386.17,5.46,352,342,10,411.02,4.16,0.02841
1567,Line_A,M05,Night,L101,19.2,46.47,41.28,31.65,49.75,5.102,1.475,4.84,441.29,432.72,8.57,406,391,15,696.27,6.7,0.03695
1568,Line_A,M08,Night,L036,11.9,49.84,51.45,36.28,49.88,4.383,0.917,18.01,452.38,432.73,19.65,181,171,10,445.84,6.4,0.05525
1569,Line_B,M16,Evening,L069,11.5,55.12,60.31,33.38,41.02,4.725,0.798,64.13,410.05,398.5,11.55,402,386,16,668.7,9.84,0.0398
1570,Line_B,M07,Evening,L094,26.1,47.25,50.31,26.46,69.56,5.303,0.514,20.34,408.67,407.63,1.04,215,201,14,547.2,7.69,0.06512
1571,Line_B,M12,Morning,L065,28.9,47.87,50.96,35.02,58.5,5.686,0.776,83.3,435.14,413.16,21.98,320,302,18,814.03,9.01,0.05625
1572,Line_C,M07,Night,L009,10.9,43.22,48.12,28.22,53.24,4.687,0.997,12.14,402.09,400.56,1.53,208,192,16,596.38,7.99,0.07692
1573,Line_C,M02,Night,L115,52.1,51.12,49.25,30.41,64.18,4.714,0.687,21.6,423.68,412.29,11.39,205,191,14,628.39,8.57,0.06829
1574,Line_D,M13,Evening,L092,9.7,46.44,46.28,27.64,44.04,5.697,1.288,71.88,438.37,425.72,12.65,203,191,12,503.88,5.54,0.05911
1575,Line_A,M06,Night,L098,34.8,48.28,49.8,30.75,53.61,5.028,1.069,52.74,413.93,411.77,2.16,333,323,10,392.98,6.8,0.03003
1576,Line_A,M10,Morning,L059,29.6,44.94,46.62,31.06,56.85,5.242,0.526,4.65,421.83,398.75,23.08,325,322,3,133.4,1.2,0.00923
1577,Line_D,M06,Night,L039,17.0,48.62,45.54,32.1,47.62,5.607,0.814,34.72,398.4,378.14,20.26,238,230,8,382.41,4.59,0.03361
1578,Line_D,M12,Evening,L029,28.9,41.91,41.41,33.97,49.84,6.097,0.905,124.92,410.55,398.87,11.68,218,209,9,377.02,6.06,0.04128
1579,Line_D,M14,Morning,L081,22.4,49.9,55.7,39.14,48.36,5.586,0.793,11.17,412.55,404.87,7.68,331,315,16,710.86,6.41,0.04834
1580,Line_D,M12,Morning,L069,28.7,46.29,42.14,33.25,64.81,4.522,1.105,46.03,397.49,389.57,7.92,373,362,11,440.09,5.05,0.02949
1581,Line_D,M15,Evening,L047,18.9,50.9,53.17,32.78,54.68,5.22,1.009,88.53,406.62,394.98,11.63,340,329,11,448.57,5.8,0.03235
1582,Line_B,M12,Night,L024,10.5,52.63,55.21,32.08,41.85,5.403,1.328,11.78,442.49,430.57,11.92,191,182,9,421.77,5.44,0.04712
1583,Line_B,M09,Evening,L107,41.6,43.86,46.7,35.24,55.3,5.648,0.514,47.9,439.96,422.24,17.73,196,187,9,343.52,3.76,0.04592
1584,Line_A,M13,Morning,L104,17.2,48.66,50.26,32.57,70.37,5.248,0.822,10.44,412.95,390.47,22.49,276,267,9,362.29,7.15,0.03261
1585,Line_C,M11,Morning,L005,25.3,56.16,55.48,33.64,43.33,5.3,0.651,42.99,416.33,412.59,3.74,352,339,13,518.29,9.64,0.03693
1586,Line_D,M04,Night,L093,18.6,38.18,39.05,24.04,57.65,4.701,1.25,73.06,442.48,417.14,25.34,253,231,22,898.81,13.24,0.08696
1587,Line_B,M05,Evening,L037,12.5,39.4,37.21,39.3,52.15,5.607,0.845,16.29,435.97,434.77,1.2,272,249,23,838.2,10.95,0.08456
1588,Line_C,M02,Evening,L038,51.5,49.65,50.67,27.22,40.66,5.442,1.196,76.4,459.48,446.05,13.43,411,390,21,937.49,13.54,0.05109
1589,Line_B,M13,Morning,L106,26.7,50.94,52.07,25.1,31.92,5.508,0.899,13.96,440.37,429.39,10.97,309,296,13,407.98,8.04,0.04207
1590,Line_A,M03,Evening,L016,27.6,54.54,57.75,33.91,51.42,5.278,1.05,10.63,413.77,404.63,9.14,411,404,7,321.15,3.44,0.01703
1591,Line_A,M02,Night,L024,19.2,48.61,50.2,32.0,41.46,4.44,0.927,8.25,425.61,422.44,3.17,183,169,14,570.55,7.28,0.0765
1592,Line_A,M13,Evening,L115,18.6,45.62,42.73,26.0,73.83,5.407,0.782,30.14,406.34,382.58,23.76,385,366,19,832.73,12.03,0.04935
1593,Line_D,M01,Night,L033,31.0,44.1,50.43,29.44,55.82,5.28,0.574,22.55,397.86,386.53,11.33,260,248,12,484.27,5.25,0.04615
1594,Line_B,M16,Night,L106,18.7,54.36,54.13,35.42,63.76,4.725,1.392,28.29,412.37,405.02,7.34,207,191,16,627.66,9.18,0.07729
1595,Line_D,M04,Night,L070,43.2,49.15,54.26,27.68,45.5,5.333,0.932,94.35,399.27,376.97,22.3,230,207,23,962.24,11.77,0.1
1596,Line_C,M15,Night,L056,13.6,47.87,49.76,27.61,64.6,5.153,0.805,19.49,407.24,397.74,9.5,337,320,17,683.51,9.98,0.05045
1597,Line_A,M11,Night,L041,23.9,56.19,50.77,37.44,49.61,5.233,0.87,68.41,398.1,378.1,19.99,361,340,21,926.14,12.21,0.05817
1598,Line_A,M01,Evening,L085,49.0,47.49,45.36,33.7,46.42,6.2,0.825,28.01,392.49,387.39,5.1,352,351,1,30.08,0.67,0.00284
1599,Line_D,M13,Night,L047,27.8,52.44,52.48,36.55,46.54,4.714,0.662,28.37,425.88,404.38,21.5,228,207,21,885.42,9.39,0.09211
1600,Line_A,M16,Night,L085,17.7,51.34,50.32,29.3,53.55,4.797,1.5,64.01,406.0,389.08,16.92,397,373,24,947.48,17.17,0.06045
1601,Line_D,M15,Night,L049,18.5,45.8,48.76,27.1,57.68,4.887,1.387,30.83,439.67,435.91,3.76,237,222,15,689.61,12.61,0.06329
1602,Line_A,M15,Night,L037,62.4,47.25,49.3,29.13,47.32,4.674,0.9,72.35,403.48,384.04,19.43,342,333,9,302.5,5.46,0.02632
1603,Line_C,M04,Evening,L053,45.9,50.48,50.5,38.19,56.46,5.508,0.766,60.7,425.05,388.85,36.2,381,349,32,1279.27,20.41,0.08399
1604,Line_D,M04,Morning,L060,13.7,49.75,51.2,38.47,56.96,5.127,0.696,37.62,433.4,420.14,13.26,293,272,21,721.71,11.47,0.07167
1605,Line_A,M05,Night,L040,13.7,48.87,48.52,26.0,57.84,4.259,0.627,53.3,416.51,407.29,9.22,283,268,15,588.11,9.97,0.053
1606,Line_A,M09,Evening,L016,23.5,42.03,41.29,32.03,52.31,4.712,0.626,19.81,454.57,444.76,9.81,271,263,8,343.34,4.09,0.02952
1607,Line_D,M13,Night,L117,6.8,38.0,37.75,29.0,68.33,5.51,0.861,17.58,421.52,417.47,4.05,260,233,27,1026.99,8.47,0.10385
1608,Line_A,M16,Evening,L098,42.7,48.32,45.83,33.03,67.21,5.099,1.177,17.62,442.92,425.06,17.86,352,343,9,438.51,5.95,0.02557
1609,Line_B,M08,Evening,L105,23.3,55.23,52.46,36.62,54.96,5.799,0.8,35.47,428.79,425.08,3.71,219,211,8,325.78,4.2,0.03653
1610,Line_B,M08,Night,L033,10.7,44.71,45.21,27.32,59.72,5.189,0.905,20.51,470.0,467.95,2.05,315,300,15,548.56,7.89,0.04762
1611,Line_A,M14,Morning,L059,41.7,50.47,49.85,36.74,61.94,5.475,0.821,26.57,419.29,395.85,23.44,342,338,4,145.64,2.24,0.0117
1612,Line_C,M16,Evening,L085,18.3,61.96,65.85,31.85,56.9,4.803,1.115,33.86,427.07,426.07,1.01,265,249,16,704.36,9.8,0.06038
1613,Line_C,M07,Night,L098,14.3,50.87,52.91,25.04,52.76,4.433,1.061,87.49,441.31,418.53,22.78,249,227,22,856.9,13.17,0.08835
1614,Line_B,M09,Evening,L058,39.0,55.2,55.0,37.29,57.91,4.811,0.954,65.15,388.7,373.9,14.8,184,170,14,547.63,7.6,0.07609
1615,Line_D,M05,Evening,L100,31.5,45.6,45.18,30.41,51.42,5.4,1.124,25.28,453.65,450.32,3.33,383,375,8,347.67,4.99,0.02089
1616,Line_A,M06,Evening,L049,20.2,45.94,44.13,29.15,60.49,5.529,0.733,40.74,422.1,415.55,6.55,301,294,7,230.45,3.97,0.02326
1617,Line_A,M13,Evening,L104,31.1,52.29,49.3,33.04,48.33,5.23,0.785,11.18,414.4,411.16,3.23,368,349,19,830.31,12.79,0.05163
1618,Line_C,M03,Morning,L011,27.1,46.98,49.9,29.91,59.1,5.301,1.113,38.77,420.2,418.07,2.13,377,368,9,304.4,6.11,0.02387
1619,Line_D,M05,Night,L003,5.3,58.11,57.05,28.98,56.37,4.743,0.913,41.69,432.22,424.64,7.58,373,360,13,484.08,9.87,0.03485
1620,Line_A,M02,Night,L018,32.0,47.16,51.6,35.05,54.0,4.752,0.982,102.02,415.08,396.08,19.0,220,209,11,392.76,5.24,0.05
1621,Line_A,M05,Night,L003,22.3,49.17,49.56,31.87,53.11,5.639,1.117,4.43,431.15,419.19,11.96,191,185,6,244.66,3.34,0.03141
1622,Line_B,M12,Night,L093,25.3,50.46,53.04,25.27,49.67,5.183,0.909,33.42,423.02,421.99,1.02,366,355,11,433.15,6.75,0.03005
1623,Line_D,M14,Morning,L004,29.9,46.04,53.91,39.23,56.39,5.66,1.012,66.7,398.12,356.38,41.74,188,182,6,243.21,3.42,0.03191
1624,Line_A,M06,Night,L111,25.7,51.62,52.13,33.4,49.32,5.592,1.115,83.58,434.48,417.83,16.66,273,260,13,502.82,8.95,0.04762
1625,Line_B,M15,Morning,L020,33.4,49.93,46.85,31.25,53.77,5.362,1.136,81.71,395.32,380.81,14.51,276,266,10,424.2,7.17,0.03623
1626,Line_C,M07,Night,L120,19.5,43.16,42.85,30.36,46.11,5.09,1.116,81.89,424.23,405.49,18.75,215,204,11,550.56,4.88,0.05116
1627,Line_B,M05,Evening,L064,25.8,45.8,48.57,37.84,47.87,5.353,1.191,19.34,428.87,417.61,11.26,358,334,24,1104.23,16.97,0.06704
1628,Line_A,M15,Morning,L039,15.1,45.85,47.78,32.38,49.9,5.442,0.643,41.87,436.88,431.73,5.15,335,328,7,365.13,4.37,0.0209
1629,Line_A,M09,Evening,L016,11.6,46.4,51.16,33.19,65.52,5.042,1.061,15.19,370.87,351.26,19.61,235,226,9,329.34,2.25,0.0383
1630,Line_B,M04,Night,L003,14.2,51.04,50.97,33.08,65.28,4.622,0.856,58.15,413.65,402.36,11.3,317,289,28,1053.57,10.66,0.08833
1631,Line_B,M04,Night,L070,15.5,42.58,46.69,29.16,68.52,4.653,1.062,56.84,443.48,405.02,38.46,379,343,36,1447.75,17.52,0.09499
1632,Line_D,M06,Morning,L038,27.1,41.86,40.51,32.47,43.84,5.172,0.914,19.07,403.55,385.95,17.6,292,286,6,266.94,3.96,0.02055
1633,Line_C,M02,Night,L045,28.3,42.59,39.38,33.9,55.45,5.133,1.146,41.39,461.35,447.97,13.38,319,306,13,598.38,6.02,0.04075
1634,Line_C,M15,Morning,L063,8.2,46.69,48.75,30.6,39.01,5.765,0.894,40.58,430.02,422.21,7.8,294,280,14,484.08,6.22,0.04762
1635,Line_D,M10,Morning,L032,20.2,41.66,40.59,29.5,32.84,5.103,1.168,11.07,462.67,450.41,12.27,401,393,8,349.38,4.89,0.01995
1636,Line_B,M16,Morning,L119,9.7,46.53,44.0,27.37,75.73,4.845,0.656,21.93,391.93,363.71,28.23,309,286,23,983.9,18.93,0.07443
1637,Line_B,M04,Night,L092,26.4,50.29,55.54,36.1,56.94,4.529,0.873,16.47,429.15,419.35,9.8,234,220,14,584.61,8.95,0.05983
1638,Line_D,M13,Morning,L035,22.0,46.04,45.51,28.52,57.88,5.542,1.253,44.42,430.7,409.99,20.71,321,306,15,494.14,7.42,0.04673
1639,Line_A,M11,Night,L080,32.8,52.95,57.32,29.21,42.26,5.947,0.95,11.93,408.82,394.19,14.63,293,287,6,230.48,3.74,0.02048
1640,Line_C,M07,Night,L065,31.1,47.67,48.02,35.7,64.89,5.031,0.426,37.62,438.83,433.96,4.86,296,280,16,726.57,4.68,0.05405
1641,Line_C,M06,Night,L062,21.8,43.99,44.18,34.92,79.61,5.158,1.061,35.6,447.29,444.53,2.77,228,199,29,1252.72,15.53,0.12719
1642,Line_A,M03,Morning,L112,37.6,39.13,43.64,26.28,51.14,5.043,0.789,4.66,381.4,374.32,7.08,203,201,2,90.44,0.94,0.00985
1643,Line_B,M13,Night,L115,16.0,55.36,58.81,30.97,46.72,4.623,1.052,21.84,414.38,391.64,22.75,326,294,32,1059.4,13.16,0.09816
1644,Line_A,M13,Night,L003,18.1,39.78,41.9,31.92,41.69,4.935,1.028,18.31,422.96,405.72,17.24,407,386,21,689.96,16.59,0.0516
1645,Line_A,M09,Evening,L095,47.5,47.36,52.05,30.77,40.75,5.001,1.43,20.14,403.82,366.17,37.65,228,221,7,240.22,2.53,0.0307
1646,Line_B,M14,Night,L003,53.4,43.36,45.87,33.82,48.85,5.326,1.04,27.86,421.41,420.0,1.41,362,348,14,576.16,10.17,0.03867
1647,Line_B,M10,Morning,L022,30.1,47.26,45.87,31.53,44.71,4.955,1.039,23.51,451.43,435.08,16.35,278,269,9,336.69,5.08,0.03237
1648,Line_D,M12,Morning,L039,49.1,49.77,48.96,30.7,56.39,4.063,1.061,55.47,391.1,386.77,4.33,249,241,8,334.13,4.22,0.03213
1649,Line_D,M16,Morning,L087,25.5,53.09,54.73,31.96,52.47,5.094,0.836,99.45,427.12,419.73,7.39,333,317,16,691.4,7.55,0.04805
1650,Line_D,M06,Morning,L081,27.5,56.75,63.19,29.4,44.66,5.532,0.698,32.88,413.75,398.6,15.15,258,257,1,41.0,0.49,0.00388
1651,Line_A,M11,Morning,L053,30.9,40.18,42.35,36.59,48.8,5.29,0.689,73.62,394.28,374.15,20.13,338,329,9,403.82,5.24,0.02663
1652,Line_A,M11,Evening,L030,31.4,48.31,54.8,28.75,36.39,5.05,0.772,10.39,429.27,427.59,1.69,321,316,5,218.45,1.9,0.01558
1653,Line_A,M15,Morning,L008,22.1,50.35,57.23,28.64,48.14,5.442,0.8,21.23,458.65,438.21,20.44,232,230,2,84.29,0.84,0.00862
1654,Line_A,M12,Evening,L083,6.2,46.27,47.32,35.37,55.06,5.262,0.568,59.51,398.61,383.59,15.03,394,381,13,512.17,7.7,0.03299
1655,Line_D,M05,Morning,L026,25.3,47.14,44.62,28.8,44.44,4.58,0.818,22.99,449.36,444.63,4.73,402,386,16,687.59,6.63,0.0398
1656,Line_B,M15,Evening,L089,22.9,41.61,42.88,29.74,52.67,4.446,1.148,73.06,429.59,422.95,6.64,384,361,23,952.65,13.28,0.0599
1657,Line_A,M14,Evening,L120,27.4,51.07,53.42,27.42,63.42,4.77,1.14,34.32,395.34,377.77,17.57,295,290,5,230.74,3.64,0.01695
1658,Line_D,M03,Morning,L012,9.8,46.79,46.0,34.51,47.52,5.951,0.752,7.03,417.18,410.94,6.24,269,262,7,269.38,2.45,0.02602
1659,Line_B,M12,Night,L082,21.4,47.99,44.19,28.09,48.71,4.86,0.994,37.89,398.21,395.79,2.42,228,219,9,340.54,4.13,0.03947
1660,Line_A,M05,Morning,L087,45.4,45.95,49.67,29.06,54.32,5.175,0.672,15.38,426.33,418.17,8.16,210,210,0,0.0,0.0,0.0
1661,Line_A,M05,Morning,L007,19.6,49.37,48.68,24.98,62.84,5.679,0.884,50.14,435.87,429.3,6.57,205,198,7,346.15,2.29,0.03415
1662,Line_C,M07,Evening,L026,24.8,46.84,48.96,31.11,55.69,5.694,0.579,34.29,412.74,396.15,16.59,204,196,8,326.55,3.44,0.03922
1663,Line_D,M06,Night,L033,43.9,45.34,51.36,32.32,59.76,4.699,1.133,38.24,436.59,412.6,23.99,189,180,9,426.83,6.26,0.04762
1664,Line_A,M13,Evening,L115,5.3,44.62,47.49,32.74,39.48,5.242,0.38,32.01,435.34,399.62,35.72,349,336,13,620.18,8.35,0.03725
1665,Line_D,M04,Morning,L105,24.8,47.62,50.95,32.32,45.56,5.536,1.114,40.78,442.12,431.03,11.09,287,271,16,707.32,7.05,0.05575
1666,Line_D,M15,Evening,L078,26.8,47.48,48.56,27.97,51.21,5.811,0.769,14.78,444.11,443.34,0.78,335,327,8,277.95,5.07,0.02388
1667,Line_D,M01,Night,L104,6.1,47.87,46.08,22.91,38.38,5.315,0.889,25.64,440.72,430.04,10.68,304,287,17,618.21,10.08,0.05592
1668,Line_A,M05,Evening,L098,23.8,40.6,43.34,37.02,63.0,5.505,0.753,15.73,431.57,425.4,6.17,407,394,13,541.1,8.0,0.03194
1669,Line_A,M08,Morning,L100,37.3,43.62,49.41,29.43,56.66,5.324,0.559,21.32,392.69,367.19,25.5,360,357,3,148.2,1.78,0.00833
1670,Line_D,M09,Morning,L007,38.2,42.85,40.06,30.91,49.01,4.923,1.133,32.04,392.31,386.26,6.06,237,230,7,327.75,3.85,0.02954
1671,Line_B,M15,Night,L048,26.9,44.76,44.46,30.37,61.18,5.837,0.813,14.35,428.23,423.51,4.73,389,374,15,559.84,8.21,0.03856
1672,Line_C,M10,Morning,L013,21.3,44.57,47.48,26.84,43.25,4.818,0.919,26.16,414.28,402.99,11.29,186,180,6,269.81,3.51,0.03226
1673,Line_C,M09,Evening,L086,18.8,44.98,51.71,28.73,74.63,4.243,0.929,31.81,443.45,402.26,41.19,416,363,53,2109.41,23.79,0.1274
1674,Line_A,M03,Evening,L075,14.4,54.4,50.82,24.43,47.4,5.114,0.897,33.57,380.79,378.76,2.03,352,345,7,334.88,3.04,0.01989
1675,Line_D,M01,Morning,L022,31.8,45.5,43.69,28.16,53.34,4.777,0.703,22.55,444.96,439.96,5.0,193,190,3,147.58,1.76,0.01554
1676,Line_D,M13,Morning,L033,23.4,41.58,43.31,36.41,61.52,5.601,1.116,14.71,440.45,422.39,18.06,365,342,23,1031.98,8.3,0.06301
1677,Line_C,M10,Night,L039,19.8,48.36,46.06,36.27,47.95,5.637,0.921,11.49,451.14,448.29,2.85,392,360,32,1189.66,14.37,0.08163
1678,Line_B,M08,Night,L096,12.5,46.17,44.4,33.72,54.8,5.08,0.962,98.19,417.91,402.75,15.16,343,320,23,893.75,11.95,0.06706
1679,Line_D,M09,Night,L002,24.2,50.53,54.81,32.87,54.42,6.11,0.943,67.54,432.73,417.16,15.57,198,179,19,781.62,7.27,0.09596
1680,Line_C,M15,Evening,L004,19.7,54.44,55.16,30.51,61.75,5.575,0.415,62.69,457.48,454.05,3.43,288,272,16,717.57,7.0,0.05556
1681,Line_C,M08,Morning,L092,14.0,52.76,51.07,35.82,47.5,4.977,0.81,38.76,397.76,394.02,3.74,232,221,11,529.05,5.17,0.04741
1682,Line_D,M09,Evening,L054,25.3,47.37,48.17,29.48,62.47,5.179,1.144,26.97,432.93,425.29,7.64,367,341,26,897.94,10.23,0.07084
1683,Line_C,M09,Night,L116,30.0,45.69,47.14,33.59,55.03,5.055,1.022,74.38,428.12,389.19,38.93,210,193,17,776.97,7.61,0.08095
1684,Line_B,M14,Evening,L088,34.1,48.57,51.46,39.73,78.28,4.946,0.411,18.24,419.18,410.59,8.59,346,311,35,1439.21,17.3,0.10116
1685,Line_A,M04,Evening,L097,37.0,44.0,46.97,28.14,46.75,4.819,1.45,12.36,380.86,356.48,24.38,210,200,10,408.47,6.07,0.04762
1686,Line_A,M01,Evening,L082,40.7,49.4,50.04,31.62,51.67,4.54,0.793,21.56,422.76,418.86,3.9,256,251,5,217.99,1.86,0.01953
1687,Line_B,M16,Morning,L050,20.8,51.86,50.28,34.23,64.13,4.94,1.186,8.34,408.25,404.1,4.15,240,232,8,415.94,4.0,0.03333
1688,Line_B,M08,Evening,L079,41.5,48.29,53.15,36.78,55.39,5.075,0.979,59.83,425.06,413.29,11.76,306,293,13,411.02,7.9,0.04248
1689,Line_C,M10,Evening,L093,6.1,51.73,48.22,31.3,51.36,5.766,0.891,23.3,407.62,401.88,5.74,243,231,12,513.51,4.68,0.04938
1690,Line_B,M07,Night,L071,17.4,49.91,53.09,33.87,46.93,4.922,0.937,17.53,423.71,398.74,24.98,232,220,12,473.77,9.37,0.05172
1691,Line_D,M05,Evening,L065,43.3,47.55,50.57,29.69,38.61,4.634,1.104,98.41,392.49,377.71,14.78,357,334,23,965.36,14.14,0.06443
1692,Line_D,M04,Evening,L022,42.8,45.24,47.84,35.28,44.2,5.583,1.056,114.42,438.93,397.01,41.91,247,235,12,533.39,6.14,0.04858
1693,Line_A,M11,Night,L030,31.4,54.36,55.59,33.66,53.31,4.921,0.808,45.62,429.11,422.42,6.69,240,235,5,222.46,4.02,0.02083
1694,Line_C,M09,Morning,L117,9.9,57.61,57.83,30.09,55.03,5.226,0.945,73.0,412.54,386.61,25.92,287,261,26,948.86,15.66,0.09059
1695,Line_C,M11,Night,L098,13.3,44.54,46.79,28.73,52.08,5.035,0.92,21.08,436.52,432.08,4.44,248,224,24,1100.56,12.63,0.09677
1696,Line_C,M13,Morning,L066,38.0,50.37,49.12,33.67,59.61,5.72,0.906,63.44,395.34,374.7,20.63,295,281,14,560.88,7.62,0.04746
1697,Line_A,M05,Evening,L019,41.2,51.52,48.63,34.73,45.23,5.071,1.147,21.86,424.65,422.48,2.17,375,365,10,395.02,5.83,0.02667
1698,Line_D,M08,Morning,L009,29.2,47.64,46.82,28.34,41.88,5.565,1.141,9.32,413.38,399.29,14.09,218,216,2,100.56,1.25,0.00917
1699,Line_D,M10,Evening,L057,9.2,45.69,50.86,30.95,46.83,4.843,0.851,38.43,404.06,396.0,8.07,273,262,11,460.0,5.89,0.04029
1700,Line_C,M14,Evening,L016,47.3,50.25,53.24,29.57,57.71,5.726,0.35,51.82,401.27,371.63,29.63,399,385,14,625.37,6.91,0.03509
1701,Line_D,M02,Evening,L017,18.5,45.19,47.56,32.68,62.22,4.453,1.04,72.09,446.81,413.49,33.33,274,257,17,696.14,7.79,0.06204
1702,Line_D,M05,Morning,L042,30.7,44.1,41.15,28.3,51.85,4.97,0.747,29.28,376.31,374.37,1.95,391,383,8,344.3,3.56,0.02046
1703,Line_B,M04,Morning,L089,32.3,55.99,60.81,29.54,60.56,5.159,1.189,11.64,384.26,340.32,43.93,400,373,27,1159.87,12.76,0.0675
1704,Line_C,M05,Morning,L087,64.6,43.33,39.3,32.18,42.31,5.244,1.033,39.24,423.02,417.68,5.33,389,374,15,723.91,5.69,0.03856
1705,Line_B,M15,Evening,L060,12.8,42.4,45.46,33.55,52.28,4.946,1.01,27.36,408.28,398.52,9.76,416,403,13,535.95,8.33,0.03125
1706,Line_D,M03,Evening,L002,17.0,48.1,46.15,35.84,61.72,5.696,0.902,16.52,418.77,405.36,13.41,365,349,16,660.06,6.46,0.04384
1707,Line_A,M13,Morning,L040,36.3,55.87,57.87,28.45,50.75,4.123,0.657,92.84,449.35,419.08,30.27,197,188,9,417.43,5.6,0.04569
1708,Line_B,M13,Evening,L024,18.1,38.77,37.63,33.45,35.07,5.318,1.087,29.21,413.25,385.85,27.4,379,355,24,776.04,15.35,0.06332
1709,Line_D,M12,Evening,L090,16.6,42.78,44.37,31.78,60.02,5.428,0.853,26.52,434.3,433.96,0.34,361,353,8,325.36,4.15,0.02216
1710,Line_B,M03,Morning,L029,14.2,48.66,51.49,26.8,63.7,5.764,1.147,57.64,410.44,401.77,8.67,213,210,3,140.24,1.65,0.01408
1711,Line_D,M02,Morning,L046,18.8,46.8,47.44,30.18,52.89,4.867,0.912,31.37,426.15,421.36,4.79,334,321,13,632.71,6.41,0.03892
1712,Line_B,M03,Morning,L027,51.9,44.68,45.67,25.98,61.37,6.554,0.903,24.57,418.39,409.06,9.34,228,226,2,85.06,1.08,0.00877
1713,Line_D,M14,Morning,L119,14.2,51.25,48.84,37.0,36.7,4.692,0.537,34.14,453.72,447.26,6.46,384,362,22,838.45,14.24,0.05729
1714,Line_D,M01,Morning,L108,20.4,47.9,49.52,28.94,51.4,5.163,0.615,9.2,419.64,412.37,7.27,313,307,6,231.22,2.47,0.01917
1715,Line_B,M12,Morning,L087,7.5,48.21,50.08,22.92,49.73,5.087,0.829,18.66,450.13,447.02,3.11,259,254,5,158.68,4.38,0.01931
1716,Line_C,M07,Morning,L109,15.1,47.23,49.41,36.43,43.64,4.723,1.28,22.75,419.32,409.99,9.33,351,336,15,545.72,9.91,0.04274
1717,Line_B,M16,Evening,L106,19.0,44.83,44.87,30.4,50.62,4.827,1.156,30.48,394.57,387.47,7.11,290,283,7,315.59,4.34,0.02414
1718,Line_C,M07,Evening,L042,37.8,54.91,56.38,35.26,58.09,4.68,0.886,25.75,424.08,421.62,2.46,358,335,23,901.51,20.13,0.06425
1719,Line_C,M08,Night,L113,30.0,50.54,49.95,26.15,50.3,5.672,0.643,41.47,428.08,419.83,8.25,349,326,23,1121.94,8.85,0.0659
1720,Line_D,M08,Night,L094,10.7,45.26,49.95,31.08,57.63,5.249,0.826,17.41,434.6,415.76,18.84,201,193,8,263.09,5.62,0.0398
1721,Line_A,M13,Morning,L108,22.8,43.33,46.59,32.6,50.71,4.922,1.108,8.89,389.36,372.86,16.49,216,209,7,307.42,3.76,0.03241
1722,Line_A,M13,Night,L029,20.3,37.56,43.33,27.53,64.09,4.414,0.83,30.65,401.5,388.9,12.6,208,192,16,802.23,6.64,0.07692
1723,Line_C,M16,Evening,L067,37.8,46.03,46.38,32.91,40.02,4.834,0.891,38.99,426.11,425.66,0.45,387,377,10,437.17,5.75,0.02584
1724,Line_C,M07,Night,L011,32.2,51.19,56.25,32.57,61.56,5.119,0.952,50.22,409.65,405.45,4.2,232,225,7,333.94,3.58,0.03017
1725,Line_B,M14,Night,L089,12.4,47.83,43.68,43.14,59.93,4.647,0.925,25.4,398.07,397.84,0.23,245,222,23,1160.99,13.66,0.09388
1726,Line_A,M01,Evening,L027,11.1,48.74,50.66,34.41,62.71,5.407,0.954,107.21,451.44,438.79,12.65,354,343,11,432.02,6.82,0.03107
1727,Line_B,M10,Evening,L118,8.0,46.31,46.26,29.64,49.62,5.499,0.858,45.01,406.3,397.38,8.92,239,231,8,353.35,5.28,0.03347
1728,Line_D,M10,Night,L036,16.0,44.92,51.2,31.74,45.3,6.001,0.928,30.44,417.56,408.76,8.8,393,372,21,1000.75,10.15,0.05344
1729,Line_A,M01,Night,L072,19.5,53.31,58.38,34.61,63.98,5.359,1.337,18.17,411.66,410.02,1.63,256,243,13,561.48,8.13,0.05078
1730,Line_B,M03,Evening,L029,16.2,47.01,48.9,31.6,65.19,5.514,0.612,99.93,423.14,408.14,15.0,253,247,6,263.83,2.73,0.02372
1731,Line_D,M16,Morning,L053,38.3,51.27,55.14,30.75,68.65,4.736,0.791,62.08,413.85,411.96,1.88,395,384,11,416.16,7.32,0.02785
1732,Line_A,M01,Evening,L014,12.2,40.61,38.24,27.05,66.96,5.089,1.148,53.31,440.29,433.28,7.01,245,237,8,301.31,2.64,0.03265
1733,Line_C,M09,Night,L036,44.8,54.23,50.75,37.2,63.04,5.474,1.06,21.73,393.16,386.61,6.55,337,307,30,1051.02,13.3,0.08902
1734,Line_A,M13,Night,L039,17.7,48.45,51.72,29.88,47.44,4.059,0.586,31.27,407.48,372.75,34.73,231,213,18,614.88,10.43,0.07792
1735,Line_D,M16,Evening,L017,53.4,45.61,44.93,27.1,46.31,5.31,1.017,59.43,427.52,423.9,3.61,280,265,15,525.79,9.73,0.05357
1736,Line_C,M04,Morning,L119,31.9,44.26,40.66,32.59,56.61,5.017,0.858,15.49,410.2,408.01,2.19,244,233,11,483.83,3.54,0.04508
1737,Line_D,M10,Evening,L095,17.7,42.53,43.74,31.06,58.65,4.911,0.885,45.43,395.97,372.09,23.88,263,253,10,410.57,5.46,0.03802
1738,Line_A,M13,Morning,L033,26.3,47.13,49.12,29.56,60.77,5.429,0.813,53.77,394.65,390.9,3.75,286,274,12,462.3,6.24,0.04196
1739,Line_C,M15,Morning,L017,9.5,43.99,41.19,31.88,59.14,5.411,0.71,52.56,424.27,407.33,16.93,263,249,14,525.34,8.6,0.05323
1740,Line_C,M11,Evening,L077,14.6,55.09,50.71,27.81,61.97,5.435,0.765,19.58,409.47,403.35,6.12,341,321,20,807.31,8.85,0.05865
1741,Line_A,M04,Morning,L010,28.2,45.92,50.76,34.89,57.41,5.865,0.562,41.45,433.13,415.82,17.31,184,178,6,229.15,3.93,0.03261
1742,Line_A,M15,Night,L096,18.7,56.13,59.23,29.31,59.4,4.951,0.977,58.12,459.47,450.11,9.36,412,392,20,833.48,11.25,0.04854
1743,Line_A,M16,Evening,L094,27.0,50.27,50.6,31.48,49.29,5.387,0.577,55.68,417.93,402.32,15.61,289,285,4,152.61,2.39,0.01384
1744,Line_D,M06,Morning,L029,26.9,47.56,48.09,23.64,67.93,4.495,0.861,12.25,432.47,419.45,13.01,313,297,16,710.8,8.45,0.05112
1745,Line_C,M08,Evening,L041,50.9,39.81,40.12,33.71,40.76,5.674,0.731,54.92,424.14,407.06,17.08,374,365,9,348.35,3.93,0.02406
1746,Line_C,M11,Morning,L100,23.0,48.94,49.16,30.66,53.78,5.602,1.185,7.83,395.64,383.43,12.2,363,336,27,1291.11,15.28,0.07438
1747,Line_C,M14,Morning,L100,47.9,41.52,44.57,32.26,43.73,5.031,0.472,52.83,403.45,369.61,33.84,273,268,5,186.79,2.17,0.01832
1748,Line_C,M10,Morning,L096,41.9,44.76,45.66,29.26,66.19,5.527,0.906,22.34,421.99,406.44,15.55,387,374,13,611.96,7.44,0.03359
1749,Line_B,M12,Morning,L015,31.7,50.72,51.52,30.62,61.59,5.803,0.552,20.29,422.26,408.99,13.27,270,262,8,348.2,4.47,0.02963
1750,Line_B,M13,Night,L041,30.8,44.41,43.8,30.13,41.31,5.504,1.003,92.86,426.13,405.54,20.59,312,284,28,1445.51,8.7,0.08974
1751,Line_C,M04,Night,L051,20.6,43.48,44.6,34.17,47.03,5.077,0.931,60.45,417.05,403.41,13.64,310,280,30,1352.42,19.51,0.09677
1752,Line_A,M06,Evening,L109,24.9,41.84,39.53,33.63,56.22,5.224,0.825,8.15,417.35,410.98,6.37,289,285,4,177.85,2.68,0.01384
1753,Line_D,M14,Morning,L016,35.0,49.11,54.61,28.23,44.74,5.516,0.903,43.43,421.74,400.36,21.39,295,293,2,92.93,1.39,0.00678
1754,Line_D,M10,Evening,L061,21.4,50.04,49.24,31.58,48.92,5.131,0.695,27.97,407.64,395.11,12.53,382,371,11,455.85,4.11,0.0288
1755,Line_B,M04,Evening,L011,17.6,49.71,47.16,30.72,49.61,4.425,1.267,64.33,399.88,385.93,13.95,230,213,17,794.63,11.77,0.07391
1756,Line_C,M09,Evening,L066,10.3,45.39,45.18,28.61,60.87,4.419,0.878,102.83,418.52,400.36,18.16,412,370,42,1878.12,27.85,0.10194
1757,Line_A,M04,Night,L074,48.4,45.05,49.41,32.79,43.45,5.492,0.762,73.27,402.68,380.61,22.07,319,309,10,397.46,7.52,0.03135
1758,Line_D,M01,Evening,L113,35.0,48.53,50.36,31.1,56.95,4.506,0.871,41.67,431.46,413.97,17.49,371,362,9,393.2,5.99,0.02426
1759,Line_D,M08,Evening,L094,18.7,53.61,54.32,30.36,49.57,5.759,0.92,25.16,438.49,417.81,20.68,357,345,12,516.56,6.94,0.03361
1760,Line_D,M01,Evening,L004,46.1,48.72,49.51,28.18,59.22,5.262,0.837,27.16,423.74,420.29,3.45,352,344,8,338.68,4.69,0.02273
1761,Line_B,M16,Morning,L094,40.3,45.19,44.43,32.69,52.17,4.855,0.887,26.18,425.55,415.28,10.27,373,366,7,339.63,2.25,0.01877
1762,Line_A,M15,Morning,L100,11.1,47.58,52.87,30.4,54.96,5.298,1.161,10.34,430.03,416.31,13.72,228,224,4,152.63,2.44,0.01754
1763,Line_A,M04,Morning,L042,21.3,49.81,51.55,26.2,51.17,5.142,1.127,95.64,430.4,423.06,7.34,182,169,13,569.46,6.89,0.07143
1764,Line_A,M11,Evening,L010,27.9,44.17,41.96,30.9,54.38,4.51,0.729,20.57,431.7,423.88,7.83,384,377,7,338.34,4.83,0.01823
1765,Line_A,M07,Morning,L053,31.6,53.32,55.33,34.87,43.1,5.493,0.893,52.65,442.33,410.49,31.84,252,249,3,125.05,1.31,0.0119
1766,Line_A,M10,Night,L005,17.9,46.91,44.1,28.95,53.53,5.955,0.694,32.03,419.48,414.4,5.09,304,296,8,387.65,4.01,0.02632
1767,Line_D,M09,Evening,L101,8.5,52.22,54.29,33.0,58.25,4.961,0.899,18.26,412.19,399.96,12.23,288,273,15,615.48,7.07,0.05208
1768,Line_A,M12,Morning,L078,11.8,44.59,45.08,28.38,61.81,4.508,0.954,20.6,415.93,396.96,18.97,194,189,5,217.94,2.31,0.02577
1769,Line_A,M13,Night,L084,23.5,50.64,49.21,24.61,53.53,5.054,1.017,24.19,430.16,412.71,17.45,417,391,26,1207.89,15.06,0.06235
1770,Line_D,M01,Night,L012,21.5,49.64,49.93,30.45,48.92,5.299,0.861,66.27,413.21,400.75,12.46,200,193,7,355.58,2.22,0.035
1771,Line_C,M14,Morning,L057,28.9,46.01,46.88,29.67,64.13,4.851,0.444,32.66,436.28,433.1,3.19,388,378,10,472.07,5.42,0.02577
1772,Line_C,M04,Evening,L080,39.7,52.82,51.09,30.42,55.99,4.976,0.474,53.46,424.82,411.66,13.16,237,223,14,534.0,10.18,0.05907
1773,Line_C,M11,Night,L053,18.9,46.23,47.38,36.53,59.76,5.018,1.048,29.95,435.66,427.56,8.1,414,386,28,1097.97,15.62,0.06763
1774,Line_D,M11,Evening,L020,16.4,44.02,45.83,27.62,54.37,5.668,1.167,31.11,401.74,395.88,5.87,355,345,10,445.61,4.86,0.02817
1775,Line_C,M11,Evening,L064,17.5,49.01,49.49,33.28,47.84,5.507,0.785,32.36,443.16,435.79,7.37,398,381,17,595.47,14.42,0.04271
1776,Line_C,M12,Night,L013,10.5,45.97,45.22,26.51,52.96,4.719,0.803,68.2,409.94,396.65,13.29,350,326,24,720.0,20.64,0.06857
1777,Line_C,M03,Evening,L111,25.9,50.94,52.64,24.93,25.95,5.18,0.948,58.51,413.88,409.16,4.72,405,391,14,508.48,4.63,0.03457
1778,Line_B,M11,Evening,L063,17.4,51.38,54.14,22.76,60.19,5.383,0.619,51.21,441.77,433.84,7.93,324,315,9,317.88,3.73,0.02778
1779,Line_B,M07,Night,L013,49.6,49.08,43.51,34.26,41.47,5.217,0.751,40.15,428.34,421.14,7.2,366,347,19,656.79,7.06,0.05191
1780,Line_B,M07,Night,L106,52.9,44.58,40.9,29.57,44.62,4.503,1.106,22.17,409.53,407.05,2.48,334,321,13,557.75,4.61,0.03892
1781,Line_A,M03,Night,L040,36.2,47.48,49.98,35.36,64.98,4.203,1.254,32.31,440.88,435.72,5.16,255,241,14,613.25,8.69,0.0549
1782,Line_D,M10,Evening,L013,23.3,52.07,50.02,29.4,63.32,4.91,0.664,94.89,405.51,382.65,22.86,200,191,9,406.55,3.61,0.045
1783,Line_A,M06,Evening,L078,23.5,42.76,42.83,31.13,40.76,5.848,1.052,21.39,385.43,365.5,19.92,237,230,7,314.54,3.37,0.02954
1784,Line_A,M12,Evening,L019,20.6,51.6,54.71,24.11,44.23,5.283,0.891,15.45,398.03,380.4,17.63,291,283,8,298.31,3.94,0.02749
1785,Line_A,M08,Morning,L035,16.4,51.69,50.48,33.73,35.02,5.276,0.614,19.14,408.47,399.56,8.91,397,393,4,195.21,1.69,0.01008
1786,Line_D,M07,Night,L050,15.8,48.23,52.97,30.85,39.61,5.008,1.127,24.2,403.8,400.31,3.5,412,396,16,550.72,7.47,0.03883
1787,Line_B,M09,Morning,L041,48.8,57.9,64.06,36.42,53.02,4.145,1.096,68.51,437.85,404.43,33.42,197,181,16,665.26,9.2,0.08122
1788,Line_C,M10,Morning,L038,12.8,43.75,47.37,35.21,52.41,4.8,0.71,90.46,435.11,404.36,30.75,225,210,15,595.44,7.84,0.06667
1789,Line_D,M11,Morning,L066,21.2,45.8,44.83,29.64,61.62,5.064,1.033,5.77,405.04,397.26,7.78,253,246,7,283.85,4.26,0.02767
1790,Line_A,M02,Night,L064,37.3,42.73,42.82,40.36,37.17,5.355,1.314,31.56,415.61,398.02,17.59,353,328,25,1231.25,16.67,0.07082
1791,Line_C,M13,Morning,L064,27.5,45.92,54.25,35.14,49.58,5.93,0.931,14.9,400.31,354.41,45.91,361,345,16,764.38,10.63,0.04432
1792,Line_B,M03,Evening,L003,23.3,47.35,48.78,30.7,44.31,5.501,0.458,16.4,432.8,428.77,4.03,206,198,8,370.08,5.25,0.03883
1793,Line_A,M04,Morning,L045,19.8,50.5,54.28,31.42,41.24,6.145,0.913,47.15,446.73,441.24,5.5,244,236,8,340.47,4.23,0.03279
1794,Line_C,M13,Night,L116,8.3,44.55,46.97,29.27,59.89,5.287,1.062,88.75,419.94,386.91,33.03,300,284,16,759.02,11.14,0.05333
1795,Line_D,M01,Night,L108,15.2,44.88,47.88,40.89,71.21,5.046,0.857,84.95,437.37,433.05,4.32,308,283,25,962.98,14.04,0.08117
1796,Line_B,M07,Evening,L022,27.9,55.07,56.09,37.81,30.79,6.061,0.88,18.81,420.94,406.01,14.94,292,279,13,621.89,7.3,0.04452
1797,Line_C,M11,Night,L013,24.5,46.57,44.59,31.93,58.14,4.523,1.044,25.68,440.3,419.94,20.37,268,242,26,909.48,7.78,0.09701
1798,Line_B,M13,Morning,L097,24.8,46.73,45.64,24.45,46.11,5.288,1.245,25.05,386.8,368.98,17.82,298,277,21,949.59,12.6,0.07047
1799,Line_C,M15,Evening,L092,31.1,50.5,47.06,24.43,58.09,6.065,0.86,31.41,428.91,419.43,9.47,197,191,6,269.8,4.35,0.03046
1800,Line_C,M11,Morning,L114,26.0,47.34,50.63,30.66,60.2,5.224,0.917,94.27,386.54,361.59,24.95,378,354,24,974.39,14.03,0.06349
1801,Line_C,M04,Night,L088,10.8,46.93,45.65,29.65,45.86,5.495,1.054,6.25,405.57,398.72,6.85,337,310,27,1270.32,13.5,0.08012
1802,Line_C,M06,Evening,L028,22.0,52.38,48.67,36.14,38.78,5.465,1.461,59.73,385.66,383.56,2.1,287,271,16,621.19,10.31,0.05575
1803,Line_A,M01,Night,L109,12.3,44.72,43.9,27.39,41.28,5.054,0.604,6.36,408.46,403.92,4.54,230,220,10,443.0,5.72,0.04348
1804,Line_C,M13,Evening,L072,33.1,44.69,43.85,31.13,39.89,5.373,1.118,21.89,450.04,444.33,5.71,226,212,14,571.48,4.68,0.06195
1805,Line_C,M01,Night,L057,26.8,42.14,44.21,33.19,52.96,4.703,1.128,19.0,432.57,420.58,12.0,293,284,9,496.82,5.09,0.03072
1806,Line_C,M03,Evening,L106,20.1,44.68,46.1,30.69,68.37,5.051,0.885,65.07,387.8,375.12,12.68,321,298,23,965.56,14.09,0.07165
1807,Line_A,M16,Evening,L115,17.4,46.13,46.66,33.08,63.13,5.484,0.87,54.07,409.4,403.15,6.25,406,392,14,628.61,7.16,0.03448
1808,Line_B,M03,Evening,L116,43.2,50.6,49.9,28.65,54.69,5.085,0.581,9.16,387.18,380.83,6.36,363,351,12,458.0,5.42,0.03306
1809,Line_B,M05,Morning,L068,16.5,46.01,44.83,33.64,44.14,5.526,0.927,35.22,438.91,427.77,11.14,240,233,7,304.48,3.81,0.02917
1810,Line_A,M07,Morning,L072,31.2,42.94,41.94,35.55,39.91,5.414,0.882,32.25,376.76,375.66,1.09,323,320,3,121.13,2.63,0.00929
1811,Line_A,M03,Night,L105,18.7,51.04,49.67,28.5,49.98,5.164,0.675,30.52,424.76,417.15,7.61,321,306,15,656.34,11.39,0.04673
1812,Line_B,M11,Morning,L060,29.0,46.69,46.76,30.27,52.34,4.556,0.502,43.48,426.18,425.6,0.58,232,218,14,681.92,4.28,0.06034
1813,Line_C,M05,Evening,L057,29.2,44.42,43.14,30.86,49.12,4.384,0.877,47.99,443.36,440.26,3.1,269,253,16,634.1,7.76,0.05948
1814,Line_A,M05,Night,L075,34.2,39.28,43.64,34.03,56.52,5.382,1.149,32.03,438.36,433.0,5.36,236,228,8,309.42,4.44,0.0339
1815,Line_D,M10,Morning,L062,14.9,46.98,44.85,33.16,44.53,5.388,1.036,33.81,433.29,430.0,3.29,187,182,5,214.22,1.56,0.02674
1816,Line_C,M06,Night,L076,7.5,50.61,47.6,26.19,37.92,5.262,0.998,55.72,395.12,392.31,2.81,287,269,18,927.57,6.8,0.06272
1817,Line_C,M04,Evening,L030,12.3,43.39,48.01,31.47,38.44,4.851,1.187,97.28,425.03,414.4,10.62,369,328,41,1884.29,16.06,0.11111
1818,Line_B,M14,Evening,L117,12.0,50.98,51.97,29.71,46.71,4.909,0.748,17.65,415.85,405.18,10.67,419,412,7,319.98,5.03,0.01671
1819,Line_B,M10,Morning,L041,10.4,50.51,52.37,33.42,48.39,5.057,1.216,78.54,391.8,349.62,42.18,255,245,10,392.87,5.42,0.03922
1820,Line_C,M15,Night,L028,27.5,46.01,47.32,29.29,59.0,4.92,1.033,68.16,394.21,376.59,17.62,381,354,27,1229.11,12.8,0.07087
1821,Line_D,M06,Night,L045,8.6,52.32,49.03,31.57,46.89,5.031,0.808,11.75,451.35,439.76,11.6,383,367,16,661.83,7.03,0.04178
1822,Line_B,M15,Night,L120,29.1,48.69,46.69,28.34,44.03,5.011,0.91,7.74,388.03,382.86,5.17,321,304,17,570.22,9.79,0.05296
1823,Line_C,M15,Night,L076,17.3,46.19,49.24,37.28,55.99,5.142,1.067,27.44,422.68,417.75,4.93,233,212,21,913.15,12.35,0.09013
1824,Line_C,M01,Morning,L052,13.2,49.18,46.6,32.01,57.53,4.381,0.921,21.03,421.55,413.09,8.46,331,311,20,829.3,9.92,0.06042
1825,Line_C,M03,Morning,L023,6.8,41.15,39.98,33.81,34.76,5.401,0.797,56.85,425.87,417.69,8.18,418,399,19,891.7,10.21,0.04545
1826,Line_A,M13,Morning,L051,4.1,48.81,47.27,32.62,42.2,5.633,0.691,170.0,390.73,352.73,38.0,309,284,25,1113.5,13.0,0.08091
1827,Line_B,M05,Night,L116,13.9,46.24,43.32,37.18,61.48,4.976,0.458,26.45,412.96,387.24,25.72,193,183,10,459.35,5.63,0.05181
1828,Line_B,M13,Night,L097,11.7,44.17,45.79,27.68,64.99,5.366,0.72,14.48,435.8,420.82,14.98,317,292,25,990.97,12.08,0.07886
1829,Line_D,M07,Evening,L004,28.1,45.41,45.78,26.96,63.59,5.273,0.722,56.91,420.93,417.72,3.22,215,208,7,306.84,4.76,0.03256
1830,Line_B,M05,Evening,L051,7.7,45.6,47.83,29.12,67.41,5.541,0.786,14.06,424.32,417.78,6.55,384,365,19,778.69,10.67,0.04948
1831,Line_B,M04,Night,L026,13.9,55.69,61.4,29.96,45.54,4.668,0.876,28.89,431.75,415.67,16.08,239,222,17,664.24,10.17,0.07113
1832,Line_D,M04,Morning,L076,19.4,52.81,55.75,31.89,43.8,4.376,0.952,40.23,370.82,355.86,14.97,368,343,25,1126.11,16.26,0.06793
1833,Line_B,M11,Morning,L077,45.8,49.5,54.12,35.46,50.0,4.716,1.432,6.46,408.61,404.81,3.81,392,364,28,1027.39,17.96,0.07143
1834,Line_A,M01,Night,L004,24.4,54.25,50.36,31.98,52.98,5.721,1.113,9.29,429.22,425.27,3.95,220,216,4,170.1,2.56,0.01818
1835,Line_A,M04,Morning,L044,29.9,47.62,51.59,34.74,45.1,5.417,0.894,28.76,445.36,433.92,11.44,298,290,8,293.8,5.35,0.02685
1836,Line_A,M14,Evening,L058,22.8,46.3,43.32,27.67,55.3,4.838,0.597,24.19,409.89,408.65,1.24,271,266,5,228.06,3.59,0.01845
1837,Line_A,M06,Evening,L055,13.1,45.78,43.19,30.06,58.44,5.083,0.55,45.25,416.4,415.95,0.44,265,262,3,148.89,2.28,0.01132
1838,Line_B,M10,Evening,L033,8.8,47.76,44.55,29.41,53.97,4.7,0.653,42.65,416.4,410.9,5.5,224,215,9,394.97,4.64,0.04018
1839,Line_C,M05,Evening,L082,24.0,44.37,43.74,30.56,38.53,4.849,0.625,30.58,436.58,433.02,3.56,207,193,14,690.64,9.79,0.06763
1840,Line_C,M01,Night,L092,16.5,39.56,42.82,32.57,46.6,5.151,1.23,13.42,410.78,397.84,12.94,263,243,20,840.42,12.08,0.07605
1841,Line_A,M08,Night,L009,16.8,40.6,43.63,24.86,57.81,4.999,1.035,49.09,410.37,390.82,19.55,384,369,15,495.51,10.46,0.03906
1842,Line_C,M04,Night,L008,14.3,51.61,54.64,31.41,57.27,5.086,0.471,45.45,408.38,390.65,17.73,224,199,25,1022.15,15.25,0.11161
1843,Line_A,M12,Morning,L064,33.7,51.72,50.64,27.32,43.21,5.355,1.091,61.33,424.12,411.89,12.23,309,307,2,79.71,1.12,0.00647
1844,Line_D,M14,Morning,L063,8.1,48.16,50.81,30.99,60.72,6.039,0.902,32.56,417.97,412.73,5.25,252,246,6,272.86,2.85,0.02381
1845,Line_A,M15,Morning,L016,49.6,41.64,41.55,27.26,43.61,4.92,0.521,29.68,408.43,404.35,4.08,377,374,3,137.91,1.71,0.00796
1846,Line_C,M10,Evening,L082,38.6,45.48,46.21,30.22,53.53,5.866,0.908,76.6,416.18,386.83,29.35,375,355,20,757.64,8.35,0.05333
1847,Line_B,M02,Morning,L080,32.3,47.9,50.73,31.43,49.96,5.382,1.157,18.68,422.47,399.79,22.68,351,345,6,259.25,3.77,0.01709
1848,Line_C,M14,Night,L053,11.6,50.89,48.42,32.8,52.74,5.511,0.744,5.77,442.86,430.34,12.53,225,206,19,906.62,8.93,0.08444
1849,Line_B,M14,Night,L031,11.4,47.81,47.99,37.18,43.52,5.403,0.847,75.28,409.36,388.4,20.96,197,180,17,813.28,11.47,0.08629
1850,Line_C,M03,Night,L072,16.3,45.24,46.79,32.71,63.36,4.911,0.51,39.58,418.92,413.08,5.85,327,305,22,987.46,14.68,0.06728
1851,Line_A,M07,Morning,L008,7.1,46.14,46.47,33.9,59.41,5.007,1.01,2.54,383.81,352.34,31.47,207,203,4,163.9,2.18,0.01932
1852,Line_D,M16,Evening,L085,15.1,46.16,47.11,29.46,53.48,5.372,0.762,11.36,437.13,429.05,8.09,245,239,6,182.85,3.0,0.02449
1853,Line_B,M13,Night,L071,23.8,50.5,50.81,36.86,54.7,5.67,1.104,25.72,408.56,361.93,46.63,286,272,14,520.28,9.97,0.04895
1854,Line_C,M04,Evening,L026,46.0,45.39,42.05,29.83,56.09,5.419,1.032,30.18,412.23,403.27,8.96,275,266,9,431.36,3.11,0.03273
1855,Line_D,M11,Evening,L081,6.4,47.13,46.43,26.36,49.6,5.325,0.813,34.85,454.43,450.71,3.72,271,263,8,240.0,2.91,0.02952
1856,Line_D,M05,Morning,L011,29.3,47.93,50.78,33.97,61.77,5.36,0.981,40.53,430.0,426.41,3.59,335,328,7,323.27,4.04,0.0209
1857,Line_A,M14,Night,L102,20.9,45.69,48.62,33.96,67.0,4.635,0.913,44.15,380.94,376.38,4.56,332,310,22,898.47,8.64,0.06627
1858,Line_B,M15,Night,L074,15.7,59.31,56.05,37.94,50.36,5.3,0.65,43.61,405.42,404.69,0.73,398,373,25,1008.71,15.58,0.06281
1859,Line_A,M13,Night,L096,18.5,48.31,46.27,26.02,55.69,5.633,0.615,102.51,394.39,365.06,29.33,255,237,18,634.29,9.15,0.07059
1860,Line_A,M06,Morning,L045,17.2,53.81,55.44,33.26,51.78,4.808,0.959,65.45,418.2,408.9,9.31,270,263,7,227.94,2.93,0.02593
1861,Line_C,M07,Night,L080,25.7,52.45,50.03,36.15,44.73,5.702,0.895,22.22,427.39,418.67,8.72,358,341,17,713.73,10.17,0.04749
1862,Line_D,M10,Morning,L077,13.2,49.18,51.78,32.73,55.43,5.378,1.373,20.29,412.18,406.52,5.65,276,269,7,288.84,3.84,0.02536
1863,Line_D,M16,Morning,L086,25.0,48.73,47.29,29.68,37.08,4.396,0.578,23.74,424.55,422.49,2.06,274,263,11,412.28,5.71,0.04015
1864,Line_C,M06,Night,L103,32.8,46.2,51.51,27.28,47.93,5.193,0.752,40.87,446.9,443.59,3.31,219,193,26,1010.95,12.68,0.11872
1865,Line_C,M09,Morning,L101,15.8,41.87,46.49,33.57,60.01,4.775,1.203,35.11,418.85,388.62,30.23,299,282,17,866.36,10.93,0.05686
1866,Line_D,M12,Evening,L070,27.4,49.88,51.22,25.14,56.58,5.927,1.172,6.92,421.87,405.04,16.83,374,366,8,332.53,4.42,0.02139
1867,Line_D,M06,Evening,L082,25.9,53.9,53.28,31.97,71.03,4.866,0.865,6.26,423.73,414.86,8.86,224,213,11,383.13,6.99,0.04911
1868,Line_A,M05,Night,L090,20.0,50.11,52.32,34.04,61.96,5.576,1.05,61.84,429.96,426.33,3.63,334,323,11,433.56,7.32,0.03293
1869,Line_C,M07,Evening,L051,46.3,43.53,49.01,33.53,44.12,5.679,0.934,36.01,404.99,394.01,10.98,233,226,7,222.21,3.58,0.03004
1870,Line_D,M08,Evening,L052,13.5,43.21,42.6,29.37,62.35,4.716,0.646,34.27,392.88,376.74,16.14,399,392,7,307.35,4.04,0.01754
1871,Line_B,M02,Night,L042,32.5,47.16,46.28,36.73,59.53,4.783,1.47,32.27,416.46,410.13,6.33,208,200,8,357.03,5.4,0.03846
1872,Line_B,M02,Morning,L114,16.9,42.47,41.95,27.25,48.61,5.48,1.128,57.86,441.46,435.69,5.77,218,208,10,486.45,5.37,0.04587
1873,Line_D,M12,Night,L045,45.6,44.65,49.1,25.58,72.34,4.939,0.664,80.32,407.36,393.58,13.78,387,359,28,840.0,15.96,0.07235
1874,Line_D,M15,Morning,L031,42.3,46.47,41.41,31.3,56.74,5.299,0.98,39.97,418.08,415.16,2.92,415,406,9,321.29,2.63,0.02169
1875,Line_D,M13,Morning,L056,6.6,60.08,67.54,30.27,48.26,5.522,0.732,94.88,446.82,411.11,35.71,280,263,17,733.7,11.27,0.06071
1876,Line_D,M15,Evening,L101,32.9,49.68,48.11,31.78,41.92,4.999,0.792,38.45,423.68,403.51,20.17,372,362,10,459.65,5.79,0.02688
1877,Line_A,M14,Evening,L115,15.5,47.08,50.73,35.05,60.61,5.762,1.118,79.29,393.89,370.84,23.05,345,333,12,504.65,6.99,0.03478
1878,Line_B,M13,Morning,L099,27.7,51.63,57.3,30.92,57.75,5.385,0.804,34.82,409.28,403.09,6.18,340,327,13,559.95,8.12,0.03824
1879,Line_C,M01,Night,L092,15.6,46.31,47.59,30.03,44.28,5.09,1.162,47.64,444.82,433.73,11.09,360,338,22,930.46,16.12,0.06111
1880,Line_C,M14,Night,L060,27.4,40.54,38.1,33.7,55.45,5.82,1.014,40.05,409.71,403.43,6.28,194,181,13,568.67,4.48,0.06701
1881,Line_B,M08,Night,L029,31.9,48.08,51.76,20.79,58.1,5.169,1.026,38.14,399.59,385.83,13.75,231,220,11,478.53,7.66,0.04762
1882,Line_C,M10,Morning,L002,12.9,51.84,54.22,36.42,53.59,5.009,1.032,60.84,406.84,402.0,4.84,338,322,16,747.32,10.71,0.04734
1883,Line_B,M15,Night,L009,8.0,52.97,50.51,27.64,50.48,5.166,0.786,8.73,398.45,389.4,9.05,314,292,22,881.38,10.08,0.07006
1884,Line_C,M02,Evening,L031,34.8,47.33,47.63,29.63,48.02,5.854,0.733,23.75,408.19,398.79,9.41,339,329,10,379.99,3.99,0.0295
1885,Line_B,M05,Night,L045,29.0,41.71,42.78,31.67,54.98,5.365,1.241,72.68,396.47,370.36,26.1,341,330,11,426.99,4.96,0.03226
1886,Line_B,M02,Evening,L102,26.3,45.34,52.27,30.96,60.31,5.225,1.167,37.51,396.1,381.18,14.92,358,342,16,517.54,7.23,0.04469
1887,Line_A,M07,Night,L067,18.8,49.5,49.38,28.59,53.27,5.574,1.294,36.56,429.64,423.74,5.91,181,167,14,556.73,8.71,0.07735
1888,Line_A,M13,Night,L059,10.1,33.64,35.77,27.44,63.72,5.198,1.009,10.37,427.83,396.21,31.62,219,213,6,253.1,2.96,0.0274
1889,Line_D,M08,Night,L016,15.7,44.54,41.65,25.73,44.4,5.874,0.887,58.56,421.69,372.4,49.29,279,269,10,516.24,5.2,0.03584
1890,Line_B,M09,Evening,L055,14.4,45.84,47.93,32.0,45.71,5.063,1.084,71.34,429.36,391.15,38.2,337,315,22,856.3,11.01,0.06528
1891,Line_A,M04,Evening,L088,32.0,54.4,52.13,35.55,66.65,5.272,1.096,39.29,429.52,398.56,30.95,262,239,23,877.78,10.76,0.08779
1892,Line_C,M05,Evening,L090,6.0,49.6,51.42,24.59,41.54,5.139,0.554,42.3,404.02,399.88,4.14,211,198,13,660.36,4.5,0.06161
1893,Line_C,M09,Evening,L029,18.0,46.23,44.06,27.8,50.7,5.475,0.858,66.19,381.82,363.95,17.87,283,269,14,587.75,5.25,0.04947
1894,Line_A,M01,Evening,L030,11.1,51.73,52.43,32.56,57.64,4.552,0.881,33.43,414.07,395.72,18.35,314,299,15,640.18,8.9,0.04777
1895,Line_B,M08,Morning,L106,35.0,43.59,46.06,26.9,59.79,5.047,0.742,40.79,381.38,380.62,0.76,320,315,5,251.74,3.89,0.01562
1896,Line_A,M16,Morning,L096,43.1,54.84,55.83,30.45,51.06,5.257,0.969,57.14,427.12,416.69,10.42,280,280,0,0.0,0.0,0.0
1897,Line_C,M10,Morning,L016,43.1,51.94,50.27,28.95,50.94,4.487,0.749,13.48,410.56,401.77,8.79,235,223,12,456.17,4.72,0.05106
1898,Line_A,M02,Night,L081,26.6,39.17,44.8,34.77,49.09,5.254,0.951,23.05,414.8,412.63,2.17,239,231,8,286.31,5.51,0.03347
1899,Line_A,M07,Night,L002,39.8,41.0,39.26,29.99,54.11,5.628,0.676,58.77,411.74,400.58,11.16,391,384,7,257.15,3.43,0.0179
1900,Line_A,M06,Morning,L008,18.9,46.2,47.61,31.06,52.93,5.259,1.038,38.06,452.32,450.63,1.69,180,176,4,144.01,2.38,0.02222
1901,Line_C,M12,Morning,L113,27.5,45.67,47.22,27.55,58.5,5.995,0.719,15.84,431.06,430.6,0.46,305,286,19,864.52,11.57,0.0623
1902,Line_A,M11,Evening,L073,27.8,43.53,41.16,31.01,28.12,5.505,0.711,5.49,399.4,394.22,5.18,262,259,3,122.37,1.75,0.01145
1903,Line_D,M16,Night,L017,11.8,46.42,49.62,25.35,69.32,4.741,1.105,46.07,418.85,404.58,14.28,360,325,35,1340.16,14.0,0.09722
1904,Line_A,M10,Evening,L059,28.3,50.95,58.37,38.35,56.35,5.107,0.869,24.58,431.55,417.07,14.48,328,313,15,476.87,9.35,0.04573
1905,Line_C,M04,Night,L112,25.6,44.49,43.74,30.4,46.63,5.414,0.852,37.77,438.1,409.92,28.18,257,241,16,694.9,8.85,0.06226
1906,Line_B,M03,Evening,L060,45.0,45.31,48.99,28.81,55.58,5.192,0.8,19.83,424.93,388.57,36.36,273,267,6,236.92,3.17,0.02198
1907,Line_B,M03,Evening,L084,20.6,44.9,46.54,35.07,41.39,5.163,1.242,40.65,413.48,405.14,8.34,362,348,14,684.94,7.34,0.03867
1908,Line_A,M10,Night,L019,52.0,50.77,50.06,38.48,57.9,5.526,0.868,56.77,423.18,418.17,5.01,378,353,25,1028.22,10.2,0.06614
1909,Line_D,M10,Morning,L085,13.4,41.73,41.23,34.14,47.45,5.467,1.06,14.09,405.39,398.46,6.93,257,252,5,228.66,2.2,0.01946
1910,Line_D,M06,Morning,L098,40.3,42.68,42.93,27.38,38.75,4.406,1.021,26.49,441.4,438.04,3.36,271,264,7,249.94,4.09,0.02583
1911,Line_A,M12,Morning,L007,43.1,33.49,32.3,28.16,43.46,5.559,0.604,35.77,391.03,385.72,5.3,343,343,0,0.0,0.0,0.0
1912,Line_A,M03,Morning,L078,17.3,50.22,50.9,32.42,40.05,5.573,1.119,23.26,425.3,420.82,4.48,292,284,8,311.84,4.37,0.0274
1913,Line_D,M12,Evening,L006,32.0,57.55,54.25,31.75,64.42,4.887,1.217,77.66,418.33,415.0,3.33,337,326,11,392.17,6.56,0.03264
1914,Line_C,M10,Morning,L089,23.5,57.14,60.36,22.74,59.56,5.227,1.074,43.17,420.37,403.21,17.17,414,398,16,632.9,7.84,0.03865
1915,Line_A,M03,Night,L049,17.3,44.86,46.25,32.67,39.94,5.085,0.542,39.44,432.31,430.09,2.22,347,330,17,821.58,8.07,0.04899
1916,Line_A,M15,Night,L105,21.3,47.46,44.9,30.09,43.33,5.483,0.836,21.15,424.32,420.15,4.17,180,172,8,364.37,4.1,0.04444
1917,Line_C,M14,Night,L052,34.8,45.86,42.25,35.1,47.62,5.801,1.547,66.89,452.57,434.63,17.95,194,182,12,593.4,4.6,0.06186
1918,Line_C,M13,Evening,L099,35.4,50.25,47.54,28.23,73.89,5.444,0.631,33.96,417.33,413.37,3.96,368,340,28,985.61,17.39,0.07609
1919,Line_C,M11,Night,L019,27.4,54.61,51.29,33.9,64.46,5.544,1.09,59.87,416.48,412.29,4.19,218,206,12,548.99,7.96,0.05505
1920,Line_D,M03,Morning,L098,23.4,51.85,54.21,38.34,63.81,5.611,0.85,25.91,407.39,400.66,6.73,200,190,10,500.15,5.12,0.05
1921,Line_B,M16,Evening,L074,30.5,42.28,46.79,29.18,67.34,4.551,0.986,63.83,441.35,418.16,23.19,389,369,20,779.39,9.27,0.05141
1922,Line_B,M03,Evening,L017,28.7,48.86,46.84,25.38,52.79,4.915,1.102,33.01,441.14,431.78,9.37,260,247,13,615.83,5.69,0.05
1923,Line_B,M13,Night,L073,27.5,41.68,43.29,32.14,61.82,4.61,1.148,80.51,437.24,431.9,5.35,397,361,36,1304.11,21.78,0.09068
1924,Line_B,M08,Morning,L005,10.0,43.76,45.25,29.8,37.82,5.516,0.731,75.87,422.35,410.24,12.11,242,237,5,224.86,2.64,0.02066
1925,Line_A,M11,Evening,L120,29.5,44.16,44.96,31.22,35.09,4.972,0.297,26.46,428.28,412.28,16.0,239,237,2,71.81,0.8,0.00837
1926,Line_A,M01,Evening,L005,12.4,50.1,55.2,32.12,46.89,5.016,0.827,23.07,402.39,364.5,37.89,305,300,5,161.31,2.13,0.01639
1927,Line_B,M06,Morning,L035,43.4,50.05,48.1,34.79,36.48,5.614,0.688,27.51,415.38,410.72,4.66,231,228,3,125.83,1.16,0.01299
1928,Line_C,M01,Night,L033,29.8,40.1,40.1,29.04,69.53,5.591,0.747,12.71,431.92,426.83,5.09,329,303,26,1333.45,13.22,0.07903
1929,Line_A,M12,Night,L058,34.3,48.2,43.23,31.51,44.67,5.137,0.634,37.76,412.88,402.76,10.12,400,392,8,329.16,4.51,0.02
1930,Line_B,M05,Morning,L038,6.3,49.45,56.44,31.1,52.97,5.317,0.735,53.07,444.05,443.53,0.53,195,188,7,282.49,3.5,0.0359
1931,Line_C,M06,Morning,L118,38.5,50.11,45.08,31.0,47.49,4.897,0.788,30.96,406.56,394.51,12.05,309,301,8,349.63,3.95,0.02589
1932,Line_C,M02,Evening,L090,40.0,46.3,39.95,30.34,53.82,5.428,0.654,25.91,434.24,429.03,5.21,186,183,3,148.15,1.63,0.01613
1933,Line_C,M03,Morning,L115,8.1,42.82,43.75,33.03,46.58,5.408,0.594,17.58,416.54,409.72,6.82,409,391,18,786.57,11.31,0.04401
1934,Line_D,M09,Evening,L026,9.5,47.48,51.62,37.09,51.9,5.184,0.766,40.19,412.53,390.31,22.22,187,167,20,848.18,12.61,0.10695
1935,Line_C,M06,Night,L071,61.8,40.88,43.92,34.12,63.95,5.084,0.762,37.28,408.92,397.56,11.37,307,291,16,639.99,8.36,0.05212
1936,Line_A,M01,Evening,L106,34.8,46.06,43.66,36.55,54.93,5.121,0.725,10.49,431.1,429.92,1.18,322,315,7,384.63,2.98,0.02174
1937,Line_B,M14,Night,L088,25.3,43.76,38.4,34.79,41.17,4.383,0.741,31.12,416.49,413.27,3.22,407,371,36,1400.87,19.39,0.08845
1938,Line_C,M04,Morning,L113,10.2,43.95,44.15,33.97,44.17,4.432,0.915,11.92,425.81,410.58,15.23,297,272,25,952.85,17.39,0.08418
1939,Line_A,M01,Morning,L071,20.5,47.53,48.63,30.88,55.53,5.205,1.012,58.71,416.91,408.39,8.52,191,189,2,74.02,0.96,0.01047
1940,Line_A,M01,Night,L034,22.2,51.4,55.2,30.71,47.35,5.547,0.934,40.63,382.38,371.82,10.56,329,317,12,454.46,8.25,0.03647
1941,Line_A,M07,Evening,L057,17.5,54.18,55.89,40.8,62.9,5.018,0.554,23.61,431.08,424.04,7.05,357,339,18,819.37,12.66,0.05042
1942,Line_B,M09,Evening,L021,26.8,44.99,41.66,32.92,64.44,4.504,0.673,57.4,408.22,402.04,6.18,417,396,21,922.52,9.88,0.05036
1943,Line_B,M03,Evening,L064,36.3,44.9,45.29,32.24,60.2,5.379,0.772,38.55,416.54,411.79,4.75,419,406,13,569.68,9.18,0.03103
1944,Line_A,M06,Night,L052,29.0,43.95,42.57,34.02,50.71,5.949,0.797,33.99,432.53,429.37,3.16,375,370,5,194.74,3.36,0.01333
1945,Line_D,M06,Evening,L016,35.1,41.85,46.56,26.52,47.77,5.547,1.034,22.61,418.95,405.98,12.97,289,280,9,442.99,5.43,0.03114
1946,Line_D,M02,Morning,L009,23.0,44.88,47.64,25.13,65.21,5.734,0.905,5.17,428.53,406.9,21.63,366,357,9,332.71,4.76,0.02459
1947,Line_A,M11,Evening,L064,4.6,47.91,45.54,29.44,46.63,5.008,0.718,26.73,418.76,418.16,0.6,185,179,6,243.92,3.48,0.03243
1948,Line_D,M06,Evening,L112,12.7,48.28,48.55,30.15,54.47,5.291,0.858,60.3,421.33,414.74,6.59,241,235,6,223.76,2.14,0.0249
1949,Line_A,M12,Evening,L100,21.4,50.73,51.26,29.16,47.41,5.416,1.007,103.46,391.58,370.1,21.48,209,198,11,429.97,5.6,0.05263
1950,Line_D,M01,Morning,L003,25.9,46.59,49.66,32.88,50.3,5.094,0.616,27.17,414.08,399.97,14.1,377,371,6,187.4,3.81,0.01592
1951,Line_D,M01,Night,L073,32.6,53.86,54.53,35.36,48.16,5.109,0.81,24.41,419.55,403.19,16.36,403,388,15,495.19,9.44,0.03722
1952,Line_A,M14,Morning,L117,22.5,48.23,53.44,27.8,52.9,4.622,1.062,22.17,405.17,381.7,23.48,339,331,8,321.99,3.79,0.0236
1953,Line_C,M06,Morning,L065,27.7,48.28,49.08,33.81,61.05,4.969,0.801,10.98,414.49,404.75,9.74,333,324,9,442.01,4.65,0.02703
1954,Line_D,M06,Morning,L018,49.2,45.7,45.75,29.98,52.62,5.1,0.659,33.41,434.32,426.56,7.77,260,256,4,150.82,2.06,0.01538
1955,Line_D,M07,Evening,L006,31.4,47.67,45.74,30.28,45.81,5.138,0.941,54.22,417.05,412.59,4.45,362,352,10,489.99,5.73,0.02762
1956,Line_D,M11,Night,L045,27.3,44.61,43.06,32.21,47.41,5.714,0.693,64.63,423.31,417.57,5.74,334,320,14,513.32,8.47,0.04192
1957,Line_C,M12,Evening,L054,27.4,50.66,45.17,30.9,53.04,4.552,0.761,37.74,436.29,424.43,11.86,348,322,26,1236.05,16.85,0.07471
1958,Line_A,M12,Morning,L016,10.9,53.02,51.4,34.83,59.49,5.317,0.766,97.42,435.2,421.78,13.42,247,237,10,446.89,5.69,0.04049
1959,Line_D,M14,Morning,L050,28.0,45.08,48.86,34.41,29.56,4.852,1.163,93.65,414.35,404.28,10.06,370,358,12,504.15,8.59,0.03243
1960,Line_C,M09,Morning,L012,26.6,46.54,50.31,25.08,47.06,4.866,1.149,29.89,375.96,345.39,30.56,330,305,25,1110.21,15.88,0.07576
1961,Line_C,M05,Evening,L069,10.6,54.59,53.74,35.26,67.89,4.339,0.611,76.75,406.93,351.16,55.78,391,354,37,1752.94,21.6,0.09463
1962,Line_B,M10,Evening,L072,45.5,49.58,47.97,30.59,64.45,5.388,0.69,15.35,420.75,413.18,7.57,299,297,2,84.48,1.72,0.00669
1963,Line_C,M05,Night,L024,13.7,48.71,51.03,33.04,62.98,5.785,0.695,33.73,423.07,407.14,15.93,264,249,15,609.21,7.74,0.05682
1964,Line_A,M07,Night,L024,29.5,46.07,45.84,29.45,57.53,5.147,0.86,109.47,418.98,408.78,10.2,212,196,16,734.82,5.94,0.07547
1965,Line_C,M01,Night,L056,23.0,49.06,48.4,28.5,52.52,5.332,0.743,15.2,397.79,394.82,2.98,355,337,18,741.22,10.56,0.0507
1966,Line_A,M07,Morning,L091,26.9,45.74,45.14,31.42,52.62,5.205,1.208,31.07,415.77,409.38,6.38,200,194,6,221.08,3.55,0.03
1967,Line_C,M10,Morning,L050,38.1,48.11,52.8,33.46,49.67,5.273,0.949,33.63,427.64,413.5,14.14,181,175,6,289.55,4.69,0.03315
1968,Line_D,M05,Night,L079,10.6,56.29,52.91,31.23,62.53,5.148,1.147,26.05,438.93,437.49,1.44,357,342,15,606.11,7.63,0.04202
1969,Line_B,M02,Evening,L079,17.0,47.97,48.68,34.98,56.55,5.344,1.102,29.88,416.14,415.24,0.9,363,347,16,551.67,10.83,0.04408
1970,Line_B,M02,Morning,L068,45.0,50.9,47.66,30.13,46.87,5.17,0.975,84.56,422.72,411.28,11.43,343,331,12,518.43,6.8,0.03499
1971,Line_B,M02,Night,L014,32.4,49.03,48.2,29.68,56.55,5.277,0.668,19.93,387.14,381.37,5.77,284,275,9,304.33,3.66,0.03169
1972,Line_D,M06,Morning,L092,31.5,52.75,56.71,29.63,45.95,4.998,0.959,3.78,394.62,371.95,22.68,313,303,10,391.55,6.75,0.03195
1973,Line_C,M16,Morning,L068,30.2,47.14,48.7,32.95,54.67,5.272,0.849,46.03,421.53,413.2,8.32,316,305,11,487.64,4.89,0.03481
1974,Line_B,M08,Evening,L027,24.3,50.67,50.48,28.78,36.41,5.273,0.569,30.52,399.7,392.32,7.37,391,377,14,572.47,8.08,0.03581
1975,Line_A,M15,Morning,L034,18.7,45.08,47.67,31.85,47.55,5.276,1.084,46.6,402.28,395.64,6.64,398,392,6,212.91,4.5,0.01508
1976,Line_A,M03,Morning,L116,25.1,52.42,55.12,32.74,45.14,4.826,0.811,20.61,449.46,444.26,5.2,280,276,4,162.51,1.28,0.01429
1977,Line_B,M16,Morning,L042,20.5,44.73,47.11,31.9,43.13,5.085,0.719,12.06,398.04,369.77,28.26,256,248,8,316.98,4.78,0.03125
1978,Line_D,M15,Evening,L092,39.3,43.76,45.21,34.28,45.74,5.557,0.957,10.75,423.26,422.1,1.16,325,317,8,312.8,3.52,0.02462
1979,Line_C,M02,Night,L046,17.5,42.13,41.83,30.48,58.52,5.065,1.072,36.71,449.64,443.12,6.51,227,217,10,401.88,6.72,0.04405
1980,Line_A,M01,Night,L054,11.5,58.75,60.63,29.17,60.03,5.119,1.035,55.03,425.6,421.52,4.08,182,178,4,166.58,1.38,0.02198
1981,Line_D,M11,Evening,L084,29.3,44.39,45.62,27.13,53.48,5.28,1.063,86.75,432.04,424.45,7.58,184,172,12,376.69,8.28,0.06522
1982,Line_B,M04,Night,L085,15.4,49.97,49.41,26.82,54.85,5.204,0.981,16.86,416.54,412.78,3.75,238,219,19,656.06,7.46,0.07983
1983,Line_D,M11,Morning,L084,8.3,49.99,50.99,30.53,46.69,6.06,0.917,52.88,401.29,398.5,2.78,228,222,6,270.2,2.69,0.02632
1984,Line_A,M11,Evening,L075,21.9,51.57,49.93,27.14,60.54,5.663,0.757,31.42,401.0,390.29,10.72,194,186,8,367.51,3.19,0.04124
1985,Line_C,M02,Evening,L120,34.2,52.94,46.46,25.73,44.47,4.977,1.063,38.15,432.89,404.55,28.34,274,267,7,337.67,4.3,0.02555
1986,Line_D,M14,Evening,L043,10.3,55.62,53.88,26.86,49.14,5.383,1.03,17.54,413.82,404.63,9.19,292,284,8,300.42,5.81,0.0274
1987,Line_A,M14,Morning,L001,30.8,53.32,56.34,24.55,60.57,4.658,1.321,91.12,425.11,410.72,14.39,201,182,19,780.51,9.32,0.09453
1988,Line_C,M08,Night,L045,18.2,47.39,50.61,27.58,73.86,5.527,0.703,13.0,428.36,413.19,15.17,279,256,23,906.8,12.58,0.08244
1989,Line_D,M15,Evening,L106,15.9,50.64,50.06,33.7,51.08,5.381,0.573,20.72,389.75,382.57,7.17,263,257,6,230.69,3.09,0.02281
1990,Line_A,M10,Evening,L030,46.2,49.5,48.46,31.13,38.14,5.806,0.661,30.49,426.16,419.04,7.12,241,236,5,195.9,2.43,0.02075
1991,Line_A,M12,Morning,L014,17.7,48.45,46.27,33.59,57.98,5.991,0.97,29.1,439.91,435.94,3.97,413,404,9,407.93,4.86,0.02179
1992,Line_C,M05,Morning,L035,13.9,48.2,47.78,29.75,45.77,4.84,0.915,32.8,440.2,432.5,7.71,399,387,12,459.46,7.93,0.03008
1993,Line_B,M11,Morning,L014,41.4,55.34,50.51,32.35,60.66,5.651,1.076,51.96,404.42,400.05,4.38,346,343,3,123.43,1.74,0.00867
1994,Line_A,M16,Morning,L076,4.1,44.85,48.3,25.16,48.69,5.769,0.994,30.19,419.21,412.21,7.0,304,298,6,305.07,2.88,0.01974
1995,Line_B,M13,Morning,L080,3.4,45.57,47.02,29.81,43.74,5.264,1.154,7.76,404.17,392.54,11.63,399,375,24,1141.25,13.57,0.06015
1996,Line_C,M11,Night,L054,21.6,47.62,43.57,33.43,63.82,4.304,0.607,7.62,416.97,401.48,15.48,306,281,25,1185.95,16.21,0.0817
1997,Line_B,M07,Morning,L006,23.9,44.02,44.19,31.76,59.0,5.059,0.494,11.32,408.72,399.72,9.01,410,398,12,538.5,6.29,0.02927
1998,Line_B,M03,Morning,L111,6.9,45.46,48.02,33.14,53.66,4.637,0.891,30.88,416.69,415.47,1.22,378,361,17,539.22,15.3,0.04497
1999,Line_D,M06,Night,L073,21.1,47.97,50.62,33.52,57.34,4.908,0.623,10.51,440.63,439.91,0.72,197,189,8,374.55,4.46,0.04061
2000,Line_C,M12,Evening,L012,15.5,40.96,42.73,28.02,65.93,5.112,1.187,62.04,385.74,374.35,11.39,419,388,31,1309.65,19.62,0.07399
2001,Line_D,M09,Evening,L074,11.9,44.92,52.43,30.72,48.05,4.775,0.782,37.65,399.53,393.47,6.07,194,191,3,136.52,2.04,0.01546
2002,Line_B,M03,Morning,L057,20.1,46.69,43.39,29.86,51.74,5.173,0.652,58.28,425.87,418.44,7.43,403,394,9,394.49,4.77,0.02233
2003,Line_D,M04,Evening,L010,14.9,49.11,50.46,28.04,38.03,5.565,0.632,144.39,434.21,409.61,24.6,242,224,18,775.15,9.37,0.07438
2004,Line_C,M07,Evening,L037,45.0,47.89,47.38,35.22,32.18,5.592,0.94,15.96,442.3,438.3,4.0,340,325,15,570.24,4.39,0.04412
2005,Line_A,M01,Evening,L048,19.5,55.24,58.93,34.26,59.31,5.432,0.777,32.35,421.89,409.3,12.58,376,368,8,281.69,3.67,0.02128
2006,Line_D,M08,Night,L057,28.4,48.83,50.05,28.11,58.62,6.232,1.314,66.43,388.2,373.75,14.45,291,274,17,809.43,10.06,0.05842
2007,Line_B,M15,Morning,L065,17.3,50.81,48.23,29.8,36.6,4.275,0.819,5.34,432.18,424.71,7.47,249,236,13,583.67,5.55,0.05221
2008,Line_A,M12,Evening,L078,24.3,45.39,50.7,39.88,39.99,4.81,0.87,11.1,427.46,405.16,22.3,243,232,11,431.85,5.18,0.04527
2009,Line_A,M15,Morning,L043,29.3,46.61,49.27,29.67,70.7,5.213,0.694,76.67,395.16,386.9,8.26,205,197,8,318.42,5.27,0.03902
2010,Line_C,M16,Evening,L049,8.8,53.17,56.06,26.66,45.82,4.851,0.997,36.04,411.73,408.88,2.85,262,248,14,656.88,6.79,0.05344
2011,Line_A,M01,Morning,L108,29.3,45.15,43.84,32.0,45.42,4.956,1.002,53.79,417.69,401.46,16.24,212,211,1,39.97,0.61,0.00472
2012,Line_B,M06,Evening,L056,55.3,46.19,47.11,36.95,54.21,5.998,0.701,30.37,411.91,396.85,15.07,292,278,14,612.61,8.33,0.04795
2013,Line_A,M04,Night,L084,12.9,45.13,45.54,32.77,43.31,5.657,0.842,1.87,442.41,409.08,33.33,376,358,18,653.71,10.57,0.04787
2014,Line_B,M11,Night,L085,18.8,49.52,48.28,34.8,61.26,5.31,0.72,166.74,429.56,415.14,14.42,205,189,16,659.03,6.78,0.07805
2015,Line_B,M01,Morning,L041,54.0,40.79,44.85,28.85,57.53,4.7,0.901,46.16,410.34,400.18,10.16,389,384,5,221.15,1.79,0.01285
2016,Line_C,M11,Evening,L055,6.1,50.68,49.04,33.48,36.88,5.613,0.956,43.9,446.7,445.52,1.19,345,333,12,436.81,7.23,0.03478
2017,Line_A,M07,Evening,L052,21.4,45.49,43.35,30.36,69.07,5.264,0.769,13.92,424.49,416.22,8.27,256,250,6,224.14,2.31,0.02344
2018,Line_A,M03,Evening,L030,7.0,44.24,43.97,35.84,57.19,5.22,0.824,72.22,396.18,388.75,7.43,393,379,14,496.63,7.38,0.03562
2019,Line_C,M04,Morning,L009,8.1,49.37,48.26,32.16,45.1,5.748,0.734,59.76,393.74,378.56,15.18,326,309,17,798.44,7.98,0.05215
2020,Line_B,M11,Night,L120,9.2,51.73,46.06,37.94,41.89,4.978,0.997,44.99,444.71,440.58,4.13,292,272,20,873.96,10.72,0.06849
2021,Line_C,M08,Evening,L107,17.9,46.69,46.67,31.36,36.53,5.36,1.095,5.36,420.81,419.25,1.56,233,223,10,356.9,5.57,0.04292
2022,Line_A,M15,Night,L117,19.0,47.48,46.04,28.19,48.83,4.895,0.815,58.25,428.52,416.94,11.58,373,361,12,556.83,8.38,0.03217
2023,Line_A,M16,Evening,L014,20.3,47.12,45.1,30.99,37.59,5.132,1.037,61.94,433.8,425.77,8.03,198,192,6,262.52,2.81,0.0303
2024,Line_A,M09,Evening,L096,16.7,51.89,55.29,28.41,59.39,4.657,1.026,113.44,456.57,428.58,27.99,285,265,20,913.13,10.34,0.07018
2025,Line_B,M12,Morning,L019,37.7,49.54,49.92,33.22,44.62,5.392,0.925,33.32,378.87,376.81,2.06,180,174,6,254.52,3.47,0.03333
2026,Line_B,M08,Morning,L037,30.1,40.47,43.96,29.63,45.81,4.596,0.866,24.19,451.44,441.49,9.95,310,301,9,375.24,6.96,0.02903
2027,Line_D,M07,Night,L087,14.9,50.34,56.47,35.27,53.35,5.327,1.344,20.43,406.89,395.31,11.58,370,347,23,879.26,14.47,0.06216
2028,Line_B,M11,Evening,L016,14.0,43.99,45.55,27.65,42.41,5.746,1.127,67.99,424.96,411.83,13.13,180,175,5,215.87,2.95,0.02778
2029,Line_C,M01,Evening,L108,6.0,46.56,48.32,30.5,49.48,5.633,0.74,5.5,435.66,430.07,5.59,375,350,25,1210.52,13.66,0.06667
2030,Line_C,M13,Night,L095,30.7,46.27,44.09,25.89,49.36,4.72,1.016,102.09,439.95,419.33,20.61,291,256,35,1619.01,16.21,0.12027
2031,Line_A,M11,Morning,L071,15.5,51.03,58.73,31.23,48.6,5.138,0.96,103.39,395.86,372.42,23.45,405,389,16,777.55,11.37,0.03951
2032,Line_B,M04,Night,L101,26.5,48.56,52.8,33.05,64.15,4.964,0.91,28.9,427.35,401.77,25.58,191,178,13,481.35,9.29,0.06806
2033,Line_B,M01,Morning,L074,6.4,44.75,47.66,31.87,58.01,5.672,0.662,15.48,398.94,374.8,24.14,269,261,8,329.62,5.62,0.02974
2034,Line_B,M03,Evening,L066,21.0,48.65,43.31,23.66,43.64,5.547,0.788,43.48,404.63,388.25,16.38,268,258,10,414.36,4.88,0.03731
2035,Line_A,M12,Evening,L084,20.1,54.3,53.3,33.02,46.36,5.138,0.593,15.66,428.96,415.74,13.22,358,351,7,275.97,3.07,0.01955
2036,Line_D,M11,Night,L004,23.6,50.63,52.34,31.46,57.43,4.086,0.725,59.16,441.79,436.64,5.15,302,284,18,777.52,6.85,0.0596
2037,Line_D,M11,Evening,L043,9.1,51.56,49.52,27.3,39.15,4.371,0.799,58.94,402.52,399.1,3.43,347,324,23,875.51,9.94,0.06628
2038,Line_A,M01,Morning,L005,15.1,55.13,51.16,30.59,39.19,4.198,0.798,60.27,382.98,370.38,12.6,296,288,8,342.14,3.92,0.02703
2039,Line_C,M01,Morning,L113,22.0,46.53,47.9,39.39,65.88,4.648,0.652,16.24,415.55,406.23,9.31,400,364,36,1468.92,18.68,0.09
2040,Line_C,M14,Night,L008,38.1,45.3,42.14,30.44,60.33,5.491,0.828,48.62,390.44,388.98,1.46,325,311,14,579.86,9.07,0.04308
2041,Line_B,M08,Morning,L030,18.4,48.66,49.4,31.0,58.82,5.791,0.967,23.82,436.22,425.17,11.05,362,351,11,468.52,5.09,0.03039
2042,Line_D,M05,Evening,L101,10.6,44.23,43.04,31.65,57.58,4.846,0.913,69.55,384.8,337.52,47.28,400,391,9,422.77,5.79,0.0225
2043,Line_C,M02,Evening,L093,22.9,45.95,44.91,35.58,43.58,5.281,0.799,42.87,401.86,393.67,8.19,193,180,13,500.37,9.1,0.06736
2044,Line_D,M02,Evening,L059,17.0,46.01,41.7,28.57,54.75,4.717,1.217,23.61,435.58,429.73,5.85,190,186,4,178.62,2.32,0.02105
2045,Line_D,M12,Evening,L043,35.8,45.27,42.47,24.21,57.16,5.254,0.608,19.94,416.51,409.36,7.15,300,290,10,441.75,6.2,0.03333
2046,Line_A,M13,Night,L105,14.4,43.33,39.2,36.29,48.04,5.079,0.891,73.68,446.32,432.25,14.06,285,272,13,669.11,7.13,0.04561
2047,Line_B,M05,Morning,L029,41.2,44.83,44.07,30.98,29.63,4.484,0.316,30.26,391.5,387.8,3.7,188,180,8,309.55,4.22,0.04255
2048,Line_C,M04,Night,L087,24.7,52.71,51.33,29.25,52.68,5.664,1.186,25.01,433.12,427.27,5.85,281,257,24,1028.02,11.94,0.08541
2049,Line_A,M05,Morning,L062,12.5,45.84,52.58,35.35,47.07,4.899,1.03,54.9,438.68,429.51,9.17,349,337,12,545.46,7.31,0.03438
2050,Line_B,M07,Morning,L076,11.7,52.41,50.89,34.72,52.89,5.361,0.819,34.58,418.02,417.95,0.07,256,243,13,579.36,7.38,0.05078
2051,Line_D,M14,Morning,L104,38.3,44.51,45.67,25.1,58.8,5.186,0.912,16.3,411.34,397.79,13.55,261,256,5,205.36,2.69,0.01916
2052,Line_A,M07,Night,L010,18.4,52.71,51.59,31.49,50.5,5.666,0.784,11.27,402.49,382.8,19.7,409,394,15,776.41,9.8,0.03667
2053,Line_B,M13,Night,L090,47.0,49.48,47.33,26.7,67.55,5.015,0.992,41.15,418.98,404.64,14.34,235,219,16,594.58,9.85,0.06809
2054,Line_D,M14,Morning,L086,16.1,38.02,39.56,32.11,54.45,4.223,1.064,10.69,432.64,410.46,22.18,307,294,13,520.96,8.8,0.04235
2055,Line_B,M10,Evening,L017,26.0,51.33,52.36,26.31,44.91,5.223,1.271,36.99,406.34,402.74,3.6,371,356,15,570.53,11.54,0.04043
2056,Line_B,M05,Morning,L006,21.8,55.3,56.11,37.69,58.44,5.72,0.913,22.02,381.1,369.11,11.99,242,235,7,267.89,4.07,0.02893
2057,Line_D,M16,Night,L099,24.5,45.72,46.57,29.69,48.38,4.549,0.95,34.3,407.37,392.26,15.11,248,237,11,457.61,7.53,0.04435
2058,Line_B,M11,Night,L024,15.8,48.26,52.43,29.14,39.05,5.304,0.916,8.72,415.49,411.09,4.4,332,317,15,565.07,6.9,0.04518
2059,Line_A,M12,Night,L103,35.4,45.15,42.8,31.72,66.61,5.144,0.987,86.32,428.6,418.31,10.29,191,179,12,517.74,6.03,0.06283
2060,Line_A,M16,Evening,L006,41.6,52.07,58.67,31.25,42.9,5.095,0.566,22.62,444.7,438.83,5.87,358,351,7,319.46,4.67,0.01955
2061,Line_D,M10,Evening,L065,28.8,42.98,43.78,29.88,47.05,4.916,1.185,10.23,421.57,405.52,16.05,311,301,10,370.39,4.69,0.03215
2062,Line_A,M10,Evening,L091,42.0,50.43,45.96,31.34,47.28,6.07,1.014,21.81,394.59,384.45,10.14,338,333,5,196.58,3.17,0.01479
2063,Line_B,M14,Morning,L080,16.8,52.96,56.21,23.41,38.21,5.862,0.746,34.9,415.21,398.96,16.25,225,221,4,152.71,2.32,0.01778
2064,Line_A,M03,Morning,L083,5.0,42.97,47.81,29.32,53.68,5.101,0.699,67.23,401.56,388.85,12.71,370,364,6,291.05,4.41,0.01622
2065,Line_B,M16,Morning,L002,7.6,54.19,56.46,35.02,54.19,4.114,0.762,46.52,428.49,420.42,8.07,342,322,20,887.65,11.44,0.05848
2066,Line_D,M05,Evening,L111,15.3,48.5,47.04,24.17,39.22,5.87,0.772,14.61,405.15,401.46,3.69,324,318,6,248.8,3.21,0.01852
2067,Line_B,M16,Morning,L045,18.4,50.9,55.01,35.79,49.29,5.676,0.644,12.76,421.99,421.13,0.86,373,363,10,412.46,5.23,0.02681
2068,Line_D,M09,Night,L102,27.7,51.82,49.21,25.11,65.38,5.983,1.018,6.78,422.7,412.03,10.66,315,302,13,499.19,7.25,0.04127
2069,Line_A,M15,Night,L009,27.0,46.58,47.62,32.99,52.98,5.413,1.225,10.25,383.85,381.71,2.13,324,312,12,473.93,5.82,0.03704
2070,Line_B,M06,Evening,L013,35.4,48.85,49.44,31.12,52.62,5.508,0.836,37.31,410.72,405.24,5.48,283,277,6,255.58,1.5,0.0212
2071,Line_D,M13,Night,L094,26.5,49.25,51.58,27.86,63.37,5.373,1.047,45.8,412.1,388.74,23.36,414,384,30,900.0,17.58,0.07246
2072,Line_B,M09,Night,L089,11.8,47.55,47.85,30.18,51.48,5.525,0.526,64.8,428.29,411.28,17.01,412,391,21,780.77,12.92,0.05097
2073,Line_A,M11,Morning,L073,11.7,48.51,50.18,28.98,35.07,5.632,0.572,17.42,420.25,406.39,13.86,228,228,0,0.0,0.0,0.0
2074,Line_D,M09,Night,L114,15.0,51.55,52.44,28.28,66.88,5.305,0.866,48.31,402.49,394.0,8.49,239,225,14,618.31,9.18,0.05858
2075,Line_B,M16,Night,L091,27.0,51.16,54.07,37.83,49.87,5.06,0.999,30.91,411.68,381.09,30.59,237,217,20,842.65,11.78,0.08439
2076,Line_C,M12,Morning,L001,40.5,51.51,48.98,35.17,46.97,5.277,1.484,12.52,404.25,395.84,8.41,349,330,19,691.11,12.54,0.05444
2077,Line_D,M05,Evening,L097,18.6,39.35,35.11,34.83,75.14,5.44,1.352,9.51,413.73,409.33,4.4,402,375,27,1102.43,14.88,0.06716
2078,Line_A,M10,Morning,L016,17.1,44.21,46.71,32.05,55.5,5.916,0.701,34.34,402.23,386.12,16.12,337,329,8,291.08,3.89,0.02374
2079,Line_B,M06,Morning,L095,11.2,48.37,49.87,30.45,54.67,5.088,1.014,14.04,419.99,415.91,4.09,216,210,6,257.39,2.97,0.02778
2080,Line_A,M12,Night,L086,19.0,50.1,48.22,29.34,49.55,5.136,0.87,46.24,411.71,408.4,3.31,223,212,11,501.49,6.63,0.04933
2081,Line_B,M08,Night,L046,56.0,52.93,59.04,39.98,75.3,5.292,0.926,24.92,419.23,397.98,21.24,222,192,30,1376.52,15.24,0.13514
2082,Line_A,M04,Evening,L105,52.2,38.26,37.47,35.36,61.81,5.349,0.79,30.13,415.69,398.55,17.13,199,192,7,228.36,4.24,0.03518
2083,Line_C,M04,Morning,L027,17.4,49.21,52.73,32.37,50.86,5.251,1.028,57.96,445.63,423.39,22.25,308,285,23,951.66,18.07,0.07468
2084,Line_A,M07,Morning,L067,55.8,49.17,49.94,29.92,51.07,5.144,0.896,125.22,427.22,417.38,9.84,213,205,8,411.75,3.02,0.03756
2085,Line_C,M08,Evening,L012,47.0,45.91,42.66,31.91,46.93,5.152,1.145,25.87,424.11,423.16,0.95,289,277,12,516.04,7.12,0.04152
2086,Line_A,M14,Morning,L081,27.3,49.72,46.64,40.64,56.72,5.185,0.818,21.55,427.26,425.45,1.82,305,298,7,253.24,3.97,0.02295
2087,Line_B,M11,Evening,L105,37.7,46.52,47.28,28.51,53.45,5.337,0.906,61.29,422.79,420.92,1.86,371,360,11,443.37,8.34,0.02965
2088,Line_B,M13,Morning,L039,10.8,41.28,47.78,28.74,49.66,5.062,0.818,19.38,415.21,394.24,20.97,236,227,9,336.89,6.32,0.03814
2089,Line_C,M03,Night,L089,23.6,36.94,33.2,35.92,39.62,5.644,1.005,64.98,416.04,412.85,3.19,377,355,22,891.69,10.56,0.05836
2090,Line_B,M03,Morning,L025,10.8,43.88,48.41,27.27,39.16,4.519,0.825,61.01,428.45,427.58,0.88,330,312,18,777.95,9.91,0.05455
2091,Line_B,M01,Morning,L117,16.6,48.21,43.35,24.39,48.78,5.734,0.418,34.76,426.24,422.27,3.97,323,317,6,266.73,2.91,0.01858
2092,Line_D,M02,Morning,L008,33.9,44.61,47.71,35.44,54.83,5.47,0.931,111.28,400.1,389.19,10.9,295,282,13,500.17,3.51,0.04407
2093,Line_C,M03,Evening,L010,20.1,46.18,49.18,32.95,66.31,5.554,0.87,18.4,387.5,382.31,5.19,387,368,19,1024.26,9.52,0.0491
2094,Line_A,M11,Morning,L058,17.2,49.97,54.19,33.62,57.43,4.298,0.836,91.5,409.97,398.0,11.97,381,365,16,689.46,7.56,0.04199
2095,Line_D,M08,Evening,L001,28.0,43.36,51.36,28.4,44.82,5.078,0.947,60.83,415.06,413.38,1.68,335,319,16,816.55,9.8,0.04776
2096,Line_B,M08,Night,L042,24.0,39.27,39.37,33.11,44.71,5.054,0.901,45.6,420.73,417.38,3.35,293,275,18,766.92,11.52,0.06143
2097,Line_A,M12,Night,L014,40.0,43.89,45.27,34.89,48.03,5.741,0.467,59.7,384.88,377.05,7.83,216,211,5,233.22,2.45,0.02315
2098,Line_B,M07,Night,L034,29.6,50.03,54.89,28.24,61.95,4.763,0.835,77.02,396.87,388.22,8.65,311,299,12,498.38,7.14,0.03859
2099,Line_A,M01,Night,L044,10.5,46.69,41.93,24.81,60.11,5.063,1.422,7.93,420.78,414.99,5.79,219,208,11,408.05,6.58,0.05023
2100,Line_A,M01,Morning,L099,13.9,45.53,48.89,30.15,51.07,5.33,1.303,27.08,420.45,418.2,2.25,276,264,12,565.91,7.43,0.04348
2101,Line_C,M03,Night,L039,14.7,49.08,48.67,26.32,53.51,5.227,1.154,2.0,401.71,396.82,4.89,300,288,12,460.06,6.37,0.04
2102,Line_A,M07,Morning,L036,16.6,56.82,54.63,31.04,43.57,5.939,0.839,9.56,375.87,367.99,7.88,380,375,5,223.51,2.95,0.01316
2103,Line_D,M15,Evening,L081,12.2,52.28,52.22,31.22,46.77,5.17,1.378,32.3,420.91,417.34,3.57,411,389,22,955.15,8.23,0.05353
2104,Line_D,M03,Night,L040,25.6,50.58,53.33,31.18,53.69,5.647,0.947,14.53,441.29,439.43,1.86,312,297,15,755.49,10.61,0.04808
2105,Line_C,M12,Evening,L097,15.5,52.95,53.32,24.56,44.01,4.814,0.746,54.0,426.95,423.67,3.28,329,317,12,522.93,7.62,0.03647
2106,Line_C,M01,Morning,L083,19.7,45.56,48.67,34.29,62.72,5.552,0.76,49.12,441.2,430.14,11.06,367,350,17,782.53,8.02,0.04632
2107,Line_C,M02,Morning,L052,16.0,34.45,34.55,27.48,62.8,4.084,1.086,22.99,449.63,437.14,12.49,345,327,18,814.02,7.05,0.05217
2108,Line_D,M07,Night,L004,31.7,46.3,50.05,38.88,51.77,5.47,0.684,49.27,436.94,432.9,4.04,325,307,18,604.41,7.07,0.05538
2109,Line_B,M11,Night,L116,13.8,44.07,45.5,34.25,43.59,5.061,0.941,15.46,433.24,421.51,11.73,373,351,22,1016.61,12.12,0.05898
2110,Line_A,M14,Night,L045,56.8,52.42,55.63,33.44,43.13,4.869,1.0,48.61,433.57,427.92,5.64,329,315,14,556.81,4.9,0.04255
2111,Line_B,M12,Morning,L030,38.0,47.09,47.6,29.45,63.68,4.878,1.223,31.67,436.4,434.5,1.91,373,363,10,419.16,7.11,0.02681
2112,Line_C,M15,Morning,L045,14.2,50.29,51.78,37.35,69.3,5.299,1.169,8.51,401.88,390.09,11.8,418,399,19,756.11,6.27,0.04545
2113,Line_A,M07,Morning,L006,40.1,53.46,49.81,35.92,30.39,5.142,0.917,23.85,443.46,435.57,7.89,377,374,3,133.67,1.49,0.00796
2114,Line_C,M04,Evening,L066,18.1,41.12,47.17,32.52,34.04,5.321,1.297,32.38,449.35,429.53,19.82,415,382,33,1433.46,21.63,0.07952
2115,Line_A,M07,Evening,L093,29.1,44.78,44.54,29.21,51.4,5.418,1.051,52.67,422.58,415.66,6.93,395,386,9,332.03,5.23,0.02278
2116,Line_D,M05,Morning,L079,20.2,45.56,44.8,33.56,52.34,4.922,0.814,70.76,400.01,389.47,10.53,213,206,7,210.0,4.19,0.03286
2117,Line_A,M06,Evening,L118,26.1,49.66,50.41,34.56,44.23,5.431,0.87,45.54,409.88,387.08,22.8,393,382,11,355.16,6.6,0.02799
2118,Line_A,M02,Morning,L044,47.0,40.28,41.28,35.2,68.43,5.146,0.828,10.78,433.35,415.62,17.73,305,300,5,210.07,3.02,0.01639
2119,Line_A,M13,Morning,L028,42.7,44.0,42.06,26.55,50.26,5.329,0.862,11.45,451.59,436.74,14.84,355,336,19,853.96,14.43,0.05352
2120,Line_A,M15,Evening,L119,30.8,50.56,58.31,29.86,57.7,4.487,0.617,6.79,415.49,384.02,31.47,267,253,14,672.14,6.88,0.05243
2121,Line_A,M02,Night,L095,17.2,57.15,55.66,26.62,51.54,5.89,0.546,20.59,430.81,415.06,15.75,260,249,11,419.45,4.75,0.04231
2122,Line_A,M02,Morning,L070,17.7,46.84,48.1,34.7,57.49,5.224,0.864,30.36,403.27,383.65,19.62,245,241,4,120.0,1.92,0.01633
2123,Line_A,M13,Evening,L043,14.7,47.92,47.15,31.21,58.18,5.775,1.275,33.85,420.88,403.82,17.06,364,344,20,763.67,11.81,0.05495
2124,Line_A,M15,Morning,L021,7.3,49.1,52.55,31.46,45.81,4.706,1.111,12.4,399.41,390.32,9.1,231,229,2,76.65,0.85,0.00866
2125,Line_B,M01,Morning,L033,28.5,41.99,43.83,33.67,56.13,5.156,0.967,56.0,403.62,393.52,10.09,380,373,7,297.0,5.28,0.01842
2126,Line_B,M11,Night,L009,29.3,47.11,45.88,30.99,54.47,4.897,0.642,50.5,436.67,428.97,7.7,362,348,14,652.53,8.62,0.03867
2127,Line_B,M07,Morning,L064,18.2,44.76,45.66,26.54,43.46,4.864,0.771,18.73,435.44,428.14,7.29,408,398,10,427.57,5.59,0.02451
2128,Line_B,M13,Evening,L060,25.1,45.62,46.44,36.18,45.98,4.816,1.081,41.62,421.86,409.37,12.49,407,384,23,956.7,11.72,0.05651
2129,Line_A,M09,Morning,L072,21.2,46.18,49.79,37.12,25.0,5.925,0.681,76.82,428.74,396.27,32.47,274,255,19,1024.25,7.83,0.06934
2130,Line_A,M04,Evening,L076,9.5,46.41,49.08,32.15,57.83,5.402,1.037,47.5,422.25,407.8,14.45,253,241,12,535.69,6.05,0.04743
2131,Line_A,M05,Morning,L027,16.4,46.42,45.61,34.08,36.53,4.998,1.167,84.32,394.22,385.77,8.45,340,329,11,461.6,4.34,0.03235
2132,Line_C,M10,Morning,L005,14.7,50.81,51.01,35.58,45.06,5.142,0.386,47.84,413.99,398.98,15.01,370,350,20,997.36,7.81,0.05405
2133,Line_D,M05,Evening,L113,12.2,52.81,56.82,31.92,48.44,5.129,1.0,33.92,393.95,384.73,9.22,414,399,15,595.04,8.59,0.03623
2134,Line_D,M02,Night,L076,18.1,50.42,51.72,29.03,69.36,5.363,0.778,25.33,423.68,420.02,3.66,418,400,18,625.53,7.99,0.04306
2135,Line_B,M09,Morning,L029,24.7,48.67,44.48,33.17,50.69,4.355,0.806,49.72,406.45,383.82,22.63,361,340,21,989.27,9.07,0.05817
2136,Line_C,M11,Evening,L027,7.0,41.26,38.35,36.19,49.97,5.529,1.05,31.23,430.38,420.48,9.9,261,244,17,721.87,8.59,0.06513
2137,Line_B,M13,Evening,L067,17.2,43.52,47.87,35.19,59.3,5.207,0.942,45.09,418.95,396.33,22.62,313,299,14,515.67,6.79,0.04473
2138,Line_C,M10,Evening,L051,18.3,44.67,47.15,32.48,57.18,5.08,1.106,59.24,413.8,412.63,1.17,408,383,25,1166.61,12.18,0.06127
2139,Line_C,M07,Night,L017,32.1,45.7,48.18,34.38,69.8,5.585,0.987,17.88,443.24,422.77,20.47,197,171,26,1122.77,15.75,0.13198
2140,Line_D,M14,Evening,L090,14.4,48.43,44.77,27.78,48.0,5.57,0.878,50.73,404.85,390.66,14.18,363,360,3,120.99,1.11,0.00826
2141,Line_D,M08,Night,L070,15.1,51.5,51.58,34.88,56.3,5.058,1.074,4.04,420.22,418.46,1.75,306,289,17,654.65,9.01,0.05556
2142,Line_B,M11,Night,L053,29.0,48.8,51.56,27.09,55.54,5.062,0.768,41.19,423.18,398.23,24.95,195,188,7,273.16,6.08,0.0359
2143,Line_C,M15,Night,L101,27.6,46.02,46.0,34.33,52.64,5.131,0.526,34.74,384.1,377.92,6.18,204,191,13,536.05,5.82,0.06373
2144,Line_D,M16,Morning,L010,9.6,51.48,50.35,28.35,44.61,5.483,0.713,18.95,441.03,430.24,10.79,243,233,10,421.19,6.13,0.04115
2145,Line_B,M08,Night,L053,22.7,41.3,40.79,36.47,61.7,5.01,0.94,33.65,420.85,413.84,7.02,305,281,24,1106.77,9.13,0.07869
2146,Line_D,M08,Morning,L037,48.3,51.79,51.88,24.27,51.7,5.265,0.876,39.38,437.78,435.72,2.06,255,250,5,244.55,2.8,0.01961
2147,Line_A,M14,Morning,L028,25.4,51.99,50.58,29.97,62.89,4.4,0.949,62.22,457.69,449.98,7.72,229,221,8,335.43,5.36,0.03493
2148,Line_D,M09,Evening,L022,22.3,38.67,39.64,27.42,42.58,4.895,1.06,31.25,463.8,458.58,5.21,378,363,15,661.16,4.55,0.03968
2149,Line_C,M13,Evening,L077,22.9,43.36,39.87,30.01,67.19,4.941,1.014,45.56,387.62,379.43,8.19,327,298,29,1117.9,8.77,0.08869
2150,Line_A,M02,Evening,L001,42.3,43.97,44.56,32.4,57.35,4.365,0.972,57.43,426.84,418.03,8.81,412,401,11,444.17,6.65,0.0267
2151,Line_C,M14,Morning,L096,23.7,46.51,50.59,36.33,56.66,4.294,0.532,13.2,424.41,421.96,2.44,289,271,18,822.46,7.69,0.06228
2152,Line_A,M02,Morning,L035,34.1,49.42,51.42,29.36,60.46,5.209,1.029,26.5,437.25,419.78,17.47,227,223,4,153.61,1.64,0.01762
2153,Line_C,M07,Morning,L048,41.1,48.67,53.8,29.99,64.22,5.844,1.06,8.83,419.81,414.1,5.71,240,231,9,317.26,5.77,0.0375
2154,Line_D,M03,Night,L112,12.9,43.76,43.69,32.21,45.19,5.216,1.177,30.96,379.94,368.46,11.47,249,238,11,584.07,4.74,0.04418
2155,Line_C,M15,Night,L040,10.1,51.12,45.07,25.2,58.19,5.005,0.834,31.8,392.5,391.2,1.3,369,346,23,871.6,12.55,0.06233
2156,Line_D,M02,Morning,L028,36.5,52.33,52.03,32.93,43.99,4.831,0.907,56.71,370.48,357.96,12.52,193,189,4,159.8,2.11,0.02073
2157,Line_A,M09,Morning,L118,35.7,41.81,46.02,37.75,33.36,4.718,0.825,49.21,443.75,415.67,28.08,393,376,17,707.93,7.46,0.04326
2158,Line_A,M03,Morning,L037,9.8,43.79,43.69,26.68,39.28,5.305,0.893,75.6,415.11,405.99,9.12,291,286,5,236.69,2.84,0.01718
2159,Line_B,M01,Evening,L029,24.5,56.11,55.14,30.55,44.17,4.515,1.181,12.24,399.96,392.33,7.63,317,294,23,1067.36,10.17,0.07256
2160,Line_A,M05,Morning,L112,12.1,43.93,39.52,28.82,35.32,5.693,1.077,49.16,434.13,420.42,13.71,408,404,4,165.79,1.98,0.0098
2161,Line_B,M02,Night,L047,32.1,48.27,48.08,31.86,62.93,5.031,0.932,49.85,404.59,402.22,2.36,276,266,10,372.91,6.37,0.03623
2162,Line_A,M05,Night,L077,11.1,46.22,48.16,29.91,44.08,5.871,0.709,37.06,387.75,379.3,8.45,347,330,17,709.39,9.84,0.04899
2163,Line_B,M03,Evening,L103,9.9,34.31,35.8,34.13,68.61,4.853,1.01,12.18,408.02,403.68,4.34,342,315,27,943.49,15.06,0.07895
2164,Line_B,M12,Evening,L089,7.7,43.96,43.71,33.26,32.63,5.783,0.473,59.01,418.92,411.24,7.68,387,378,9,453.03,4.67,0.02326
2165,Line_D,M03,Evening,L054,20.4,44.4,39.3,30.96,52.22,4.97,0.518,38.23,412.54,410.91,1.63,225,220,5,171.48,3.36,0.02222
2166,Line_A,M08,Morning,L102,13.2,50.92,53.75,31.76,33.36,5.483,1.006,32.28,441.96,441.66,0.3,324,318,6,212.48,3.88,0.01852
2167,Line_D,M01,Evening,L008,21.2,46.72,47.8,33.94,58.16,5.194,1.204,10.58,424.17,417.93,6.23,273,259,14,640.13,7.49,0.05128
2168,Line_B,M15,Evening,L063,30.3,47.95,48.2,30.67,53.59,5.09,1.143,29.85,440.49,434.11,6.38,312,304,8,377.16,5.88,0.02564
2169,Line_B,M08,Morning,L071,29.4,52.04,48.25,31.32,49.3,5.187,1.022,20.36,432.83,417.46,15.37,388,374,14,697.75,8.26,0.03608
2170,Line_B,M06,Morning,L046,24.7,46.43,46.34,29.54,53.52,4.575,0.931,44.93,452.99,447.25,5.74,252,231,21,681.59,9.14,0.08333
2171,Line_B,M06,Evening,L047,33.9,44.34,49.55,32.37,53.02,5.558,0.788,35.47,441.63,438.24,3.38,268,261,7,267.49,4.63,0.02612
2172,Line_A,M02,Night,L030,29.8,45.46,54.95,24.25,59.41,5.189,1.096,37.03,407.29,406.66,0.63,378,369,9,350.74,6.9,0.02381
2173,Line_B,M05,Morning,L068,17.7,48.25,52.6,25.95,57.37,4.949,1.231,23.43,429.04,393.91,35.13,225,219,6,285.95,3.34,0.02667
2174,Line_A,M14,Morning,L012,19.6,47.37,44.66,37.02,48.68,5.518,0.817,40.17,422.92,417.62,5.3,275,274,1,45.51,0.66,0.00364
2175,Line_B,M07,Morning,L106,16.8,52.47,55.28,25.85,34.2,5.472,0.765,23.9,422.34,404.15,18.19,416,407,9,440.42,3.81,0.02163
2176,Line_C,M14,Morning,L108,13.6,45.49,44.7,37.44,53.18,5.638,0.481,70.7,406.92,401.66,5.26,335,305,30,928.36,12.39,0.08955
2177,Line_B,M03,Evening,L091,75.4,43.35,45.85,26.34,48.72,5.333,1.328,39.47,399.66,383.42,16.24,213,204,9,467.19,2.58,0.04225
2178,Line_D,M06,Morning,L020,36.9,50.04,45.72,32.24,61.12,5.402,0.787,15.07,409.07,406.99,2.08,308,302,6,288.96,2.86,0.01948
2179,Line_A,M11,Morning,L018,43.9,53.53,50.37,32.36,48.3,4.67,1.325,15.84,384.24,379.66,4.58,214,203,11,468.01,4.72,0.0514
2180,Line_D,M02,Night,L112,20.6,54.31,67.54,32.2,57.7,5.078,0.774,68.04,427.24,392.92,34.32,343,329,14,606.24,9.41,0.04082
2181,Line_D,M06,Morning,L084,28.6,44.49,42.62,30.42,63.54,5.098,0.901,21.82,426.57,415.79,10.78,354,349,5,150.0,2.32,0.01412
2182,Line_D,M15,Morning,L054,36.5,51.3,47.18,30.45,59.8,5.089,0.65,53.26,410.27,405.77,4.5,219,214,5,238.94,2.89,0.02283
2183,Line_D,M08,Evening,L068,61.7,41.99,38.5,33.72,47.6,5.63,0.932,10.74,431.84,423.97,7.87,186,183,3,125.46,1.4,0.01613
2184,Line_A,M15,Night,L071,7.3,49.3,52.28,28.69,44.65,4.676,1.063,84.37,439.32,431.13,8.19,264,248,16,669.8,7.14,0.06061
2185,Line_C,M03,Night,L052,29.7,55.36,58.09,35.07,59.59,5.647,0.806,23.47,424.81,415.25,9.56,364,340,24,768.58,11.28,0.06593
2186,Line_A,M16,Night,L038,27.9,43.44,46.21,27.02,63.54,5.208,0.791,73.13,426.0,404.15,21.85,381,367,14,485.96,8.6,0.03675
2187,Line_D,M15,Evening,L084,29.6,47.52,45.18,29.58,51.05,5.379,1.214,65.08,431.93,424.93,7.0,354,344,10,429.29,4.62,0.02825
2188,Line_C,M07,Evening,L001,31.7,45.45,41.06,36.36,38.98,5.065,0.763,21.51,413.93,411.34,2.6,184,176,8,349.34,3.05,0.04348
2189,Line_A,M09,Evening,L106,17.1,53.48,58.2,28.03,54.01,4.747,0.977,21.23,416.93,391.22,25.72,276,263,13,626.22,8.24,0.0471
2190,Line_D,M03,Night,L073,21.6,50.25,51.35,27.76,54.53,5.517,0.905,17.73,439.23,434.63,4.6,253,247,6,294.03,2.98,0.02372
2191,Line_A,M03,Night,L060,14.9,50.77,50.19,31.23,49.67,5.082,1.011,7.21,424.3,415.05,9.26,221,213,8,321.47,3.71,0.0362
2192,Line_C,M07,Night,L115,24.4,42.67,45.37,26.92,51.48,4.809,0.814,31.4,405.2,402.11,3.09,292,276,16,759.68,6.43,0.05479
2193,Line_C,M06,Night,L084,28.1,47.34,43.96,31.04,44.47,5.597,0.801,53.77,420.74,404.49,16.26,336,322,14,557.0,5.06,0.04167
2194,Line_A,M10,Evening,L021,19.3,40.17,43.35,25.0,59.68,5.069,0.666,54.04,412.03,406.87,5.16,238,236,2,92.22,0.55,0.0084
2195,Line_C,M15,Evening,L063,29.2,44.4,44.4,31.33,46.15,5.534,0.906,69.91,424.67,416.09,8.58,199,189,10,431.42,3.54,0.05025
2196,Line_D,M01,Night,L070,11.3,46.98,47.63,34.63,47.92,6.114,1.046,20.2,401.06,399.48,1.58,245,232,13,530.38,7.05,0.05306
2197,Line_A,M14,Morning,L078,11.7,38.07,39.73,35.74,36.31,5.612,1.186,6.49,443.04,439.15,3.89,403,390,13,567.28,6.8,0.03226
2198,Line_B,M05,Evening,L056,42.9,41.66,42.15,27.63,35.56,5.478,0.513,4.24,431.19,422.91,8.27,204,197,7,244.11,3.67,0.03431
2199,Line_A,M11,Evening,L054,20.4,47.29,52.57,22.19,47.86,5.262,1.03,51.25,408.09,405.22,2.87,220,217,3,121.0,1.67,0.01364
2200,Line_C,M16,Night,L096,15.6,46.53,48.0,32.3,55.16,5.624,0.866,63.34,432.57,407.79,24.78,319,308,11,461.63,7.03,0.03448
2201,Line_A,M12,Morning,L036,14.0,50.42,48.99,29.38,56.92,6.119,0.934,34.74,420.51,418.7,1.81,252,247,5,205.32,2.79,0.01984
2202,Line_D,M01,Evening,L096,17.0,52.35,53.67,30.89,50.54,4.933,0.766,104.68,393.29,368.35,24.94,193,184,9,292.22,2.37,0.04663
2203,Line_D,M10,Morning,L056,34.5,47.66,43.78,31.95,62.61,5.229,1.07,61.5,394.58,388.8,5.78,406,399,7,267.01,4.53,0.01724
2204,Line_A,M03,Evening,L068,24.6,44.66,44.5,39.25,46.05,5.115,0.689,74.17,434.69,429.16,5.53,297,287,10,364.83,6.24,0.03367
2205,Line_B,M05,Night,L062,13.8,51.36,56.81,36.71,53.02,5.011,0.699,13.41,419.28,410.7,8.58,274,258,16,678.33,7.13,0.05839
2206,Line_C,M10,Night,L085,31.4,41.31,44.35,28.48,58.09,5.048,0.869,7.04,419.96,413.66,6.3,365,347,18,802.93,5.2,0.04932
2207,Line_C,M10,Night,L010,29.6,54.81,53.2,31.63,57.62,4.591,0.754,32.68,424.32,392.07,32.25,402,376,26,1153.73,9.0,0.06468
2208,Line_B,M16,Evening,L035,33.7,46.18,41.54,26.01,52.71,5.242,0.891,93.67,408.8,389.34,19.47,353,334,19,570.0,4.75,0.05382
2209,Line_A,M05,Evening,L120,18.0,43.89,39.04,31.29,35.35,4.573,0.977,28.88,446.75,443.14,3.61,309,302,7,297.1,4.12,0.02265
2210,Line_A,M16,Morning,L004,22.5,47.08,49.2,33.19,65.5,4.384,0.857,56.26,406.34,382.78,23.56,373,353,20,738.72,12.02,0.05362
2211,Line_D,M07,Night,L063,39.6,46.38,48.44,31.02,58.41,5.655,0.896,23.86,432.68,411.0,21.68,253,240,13,599.67,8.27,0.05138
2212,Line_B,M05,Evening,L086,22.2,52.12,54.8,25.29,51.87,5.396,0.51,8.13,411.21,410.08,1.13,188,181,7,300.67,4.78,0.03723
2213,Line_D,M10,Morning,L053,22.1,50.64,55.96,36.85,51.35,5.815,1.114,21.02,405.1,387.92,17.18,361,355,6,244.74,3.84,0.01662
2214,Line_B,M10,Night,L001,19.0,39.55,41.53,23.66,54.91,5.657,1.171,24.19,406.42,393.24,13.18,343,332,11,421.78,8.12,0.03207
2215,Line_D,M15,Evening,L080,58.9,50.36,52.98,33.41,50.75,5.474,0.949,10.07,414.59,409.81,4.78,351,344,7,257.47,3.41,0.01994
2216,Line_A,M16,Evening,L113,44.4,53.32,56.69,26.52,51.47,4.946,0.979,37.45,406.08,390.3,15.78,353,350,3,133.02,2.12,0.0085
2217,Line_A,M11,Morning,L095,16.1,47.38,47.35,35.84,60.13,5.219,0.801,21.97,425.75,425.02,0.74,264,259,5,197.52,2.16,0.01894
2218,Line_D,M11,Morning,L011,16.9,49.61,47.7,30.75,38.54,5.687,1.021,21.37,414.26,401.79,12.46,323,314,9,353.26,5.29,0.02786
2219,Line_D,M05,Evening,L040,25.7,53.63,55.15,23.62,49.01,5.017,0.536,5.45,444.23,436.72,7.51,340,329,11,567.86,4.53,0.03235
2220,Line_B,M04,Morning,L054,30.7,45.17,45.72,30.46,59.7,4.81,1.383,125.34,423.45,389.3,34.16,412,383,29,1521.61,17.51,0.07039
2221,Line_B,M10,Evening,L028,6.3,41.65,43.38,30.88,60.56,4.664,0.617,16.24,448.34,435.83,12.51,204,197,7,232.46,4.32,0.03431
2222,Line_B,M12,Evening,L091,10.3,45.73,45.14,26.57,50.2,4.424,0.578,9.97,426.76,422.94,3.82,410,392,18,667.51,9.52,0.0439
2223,Line_B,M06,Morning,L081,30.9,48.69,46.05,30.38,25.0,5.505,1.127,5.79,424.86,422.67,2.19,405,396,9,364.17,4.79,0.02222
2224,Line_A,M09,Evening,L067,26.0,51.46,48.86,29.62,50.62,5.252,1.048,24.46,392.21,380.76,11.45,205,196,9,332.11,6.56,0.0439
2225,Line_D,M10,Night,L106,12.7,42.07,42.6,36.05,63.66,6.106,1.132,58.25,387.72,384.89,2.83,345,329,16,670.69,10.15,0.04638
2226,Line_A,M08,Evening,L069,20.6,52.38,54.52,38.49,71.76,5.417,1.102,74.93,411.56,397.72,13.84,309,299,10,458.89,6.57,0.03236
2227,Line_C,M01,Morning,L074,22.2,47.4,45.21,31.35,49.27,5.079,0.866,28.53,405.8,405.3,0.49,316,311,5,222.22,2.25,0.01582
2228,Line_A,M08,Evening,L050,28.6,44.96,46.13,34.23,50.48,4.733,1.039,26.28,415.97,407.13,8.84,348,341,7,216.94,4.3,0.02011
2229,Line_A,M04,Evening,L080,19.3,50.18,49.61,28.84,49.17,4.971,0.607,48.67,407.87,393.94,13.93,275,263,12,463.6,4.35,0.04364
2230,Line_C,M02,Morning,L045,22.4,50.08,42.03,38.02,54.85,5.182,0.904,30.95,430.74,426.03,4.71,355,338,17,755.0,9.29,0.04789
2231,Line_B,M08,Morning,L079,39.7,49.68,52.21,23.08,48.63,5.831,0.834,32.31,417.47,413.33,4.15,293,289,4,175.86,3.36,0.01365
2232,Line_C,M13,Morning,L008,22.9,49.33,57.22,26.77,46.45,5.126,1.064,26.51,404.99,375.27,29.72,367,345,22,749.82,10.54,0.05995
2233,Line_A,M13,Morning,L048,11.7,40.48,44.62,26.46,43.34,4.496,1.114,30.96,423.81,411.21,12.6,199,190,9,391.23,7.21,0.04523
2234,Line_D,M06,Morning,L052,22.6,49.7,57.61,36.65,51.9,5.444,0.59,26.65,434.95,426.59,8.35,380,368,12,485.27,5.3,0.03158
2235,Line_C,M10,Night,L031,15.8,52.27,55.52,34.84,41.96,4.042,1.067,28.15,431.1,426.24,4.86,278,264,14,705.07,9.96,0.05036
2236,Line_D,M03,Evening,L026,21.4,43.26,43.62,31.01,54.22,5.195,1.144,65.46,406.46,383.54,22.92,387,380,7,283.99,4.43,0.01809
2237,Line_A,M05,Morning,L068,17.0,44.93,50.03,35.29,52.56,5.946,1.372,12.15,443.06,429.99,13.07,353,341,12,606.85,7.53,0.03399
2238,Line_B,M08,Morning,L054,20.2,50.93,48.75,32.47,47.25,5.959,0.763,50.74,412.11,388.09,24.01,202,198,4,175.39,2.23,0.0198
2239,Line_B,M07,Evening,L056,19.0,54.09,54.3,28.77,52.22,4.628,0.771,45.17,430.66,423.05,7.61,204,200,4,178.21,2.76,0.01961
2240,Line_C,M11,Morning,L070,18.1,44.21,50.61,32.12,58.07,5.058,1.165,15.81,457.63,450.96,6.68,387,371,16,766.54,10.22,0.04134
2241,Line_B,M12,Night,L049,21.1,44.1,50.38,30.88,51.99,5.253,1.277,69.56,420.13,397.9,22.23,362,336,26,1003.48,16.51,0.07182
2242,Line_A,M09,Evening,L092,10.9,40.78,44.76,34.07,55.84,5.199,0.707,52.27,416.35,395.27,21.09,353,341,12,464.43,6.46,0.03399
2243,Line_B,M01,Night,L040,29.1,51.02,53.16,31.1,60.55,5.183,1.136,12.67,433.02,420.47,12.55,269,262,7,291.43,4.25,0.02602
2244,Line_A,M14,Morning,L106,11.4,48.78,45.85,34.76,55.81,5.362,0.678,5.48,391.82,386.98,4.84,396,391,5,196.87,2.19,0.01263
2245,Line_B,M08,Morning,L013,34.6,54.83,51.41,30.29,54.89,5.398,0.799,49.59,417.58,414.91,2.67,393,378,15,759.49,11.76,0.03817
2246,Line_A,M14,Night,L097,39.1,47.3,53.26,25.48,62.71,5.413,0.568,18.19,418.84,409.2,9.64,364,355,9,313.79,3.13,0.02473
2247,Line_A,M05,Evening,L003,15.9,55.01,53.94,29.18,52.1,5.128,1.107,43.02,423.44,414.11,9.32,219,212,7,307.81,3.22,0.03196
2248,Line_C,M10,Evening,L001,14.3,41.82,42.05,25.17,53.86,5.429,0.855,14.9,422.36,409.68,12.68,180,174,6,229.87,3.71,0.03333
2249,Line_B,M04,Morning,L048,22.3,50.31,53.79,29.68,42.86,5.281,0.941,44.21,397.96,380.09,17.86,210,202,8,303.73,4.48,0.0381
2250,Line_B,M09,Morning,L087,51.4,42.61,46.58,32.03,48.73,4.595,0.848,23.81,392.37,359.14,33.23,375,350,25,1115.07,12.29,0.06667
2251,Line_C,M14,Morning,L041,19.1,47.99,49.25,28.43,47.03,4.725,1.034,31.54,413.72,404.33,9.4,369,356,13,609.01,9.11,0.03523
2252,Line_C,M10,Morning,L061,18.5,52.12,54.97,29.69,50.77,4.889,0.818,22.48,438.81,430.62,8.19,372,353,19,836.58,5.55,0.05108
2253,Line_B,M16,Evening,L084,16.5,40.5,40.91,25.37,46.79,5.639,0.701,21.74,421.04,408.95,12.09,264,258,6,272.7,2.62,0.02273
2254,Line_C,M07,Night,L016,13.1,51.08,47.61,36.21,44.62,5.691,0.924,36.55,430.01,421.03,8.98,324,308,16,803.49,10.18,0.04938
2255,Line_D,M03,Night,L081,18.2,50.89,50.73,26.15,62.84,4.863,1.077,20.5,403.52,378.38,25.14,233,220,13,525.44,10.1,0.05579
2256,Line_C,M08,Morning,L075,22.3,44.47,45.59,30.82,71.05,5.413,0.452,13.55,412.36,411.26,1.1,410,386,24,1075.68,14.97,0.05854
2257,Line_D,M14,Morning,L079,15.0,46.73,47.94,28.29,48.27,4.619,0.953,25.1,409.28,401.82,7.46,234,224,10,401.29,6.94,0.04274
2258,Line_D,M09,Night,L031,31.8,43.56,44.2,24.82,42.46,4.701,0.228,16.68,412.73,377.07,35.66,408,384,24,904.54,11.91,0.05882
2259,Line_A,M10,Morning,L118,32.5,52.1,54.42,21.72,48.11,5.347,0.825,17.75,442.35,431.91,10.45,402,397,5,183.57,1.81,0.01244
2260,Line_B,M13,Evening,L015,29.0,43.9,50.25,27.54,66.5,5.926,0.874,15.83,412.88,405.45,7.42,314,300,14,536.6,6.82,0.04459
2261,Line_C,M05,Morning,L100,20.3,46.27,49.25,25.53,58.24,5.254,0.602,96.68,403.34,390.52,12.81,402,379,23,902.25,13.4,0.05721
2262,Line_D,M12,Morning,L102,22.9,46.85,46.89,27.42,56.69,5.076,1.096,17.12,441.46,435.02,6.44,232,229,3,98.19,1.4,0.01293
2263,Line_B,M16,Morning,L091,19.0,42.86,40.87,29.27,50.67,5.316,0.805,22.52,433.66,411.47,22.19,326,319,7,297.77,4.4,0.02147
2264,Line_A,M04,Morning,L004,37.1,46.69,51.46,27.85,65.89,4.913,0.929,20.09,470.0,462.4,7.6,375,362,13,594.8,7.74,0.03467
2265,Line_C,M03,Night,L099,36.2,54.86,49.9,30.57,77.82,5.105,0.587,56.59,378.63,370.92,7.7,289,264,25,1089.1,15.85,0.08651
2266,Line_A,M16,Evening,L085,23.7,51.44,49.58,29.61,34.21,5.714,0.823,21.56,416.35,392.58,23.77,225,221,4,195.69,1.31,0.01778
2267,Line_C,M16,Morning,L067,14.4,39.12,46.15,29.3,59.04,4.904,0.887,101.89,419.41,413.9,5.5,413,395,18,754.25,6.35,0.04358
2268,Line_B,M16,Morning,L114,26.0,38.08,37.71,34.36,62.05,5.441,0.892,13.72,408.03,406.45,1.58,347,336,11,363.68,6.82,0.0317
2269,Line_C,M14,Evening,L005,27.2,46.66,51.72,30.35,59.37,5.095,1.049,6.83,438.8,417.65,21.16,293,284,9,337.13,3.19,0.03072
2270,Line_D,M05,Evening,L097,16.7,50.45,58.83,35.65,41.89,5.291,0.676,8.22,435.07,430.28,4.78,345,337,8,322.91,5.17,0.02319
2271,Line_C,M09,Evening,L091,16.0,47.55,51.15,29.68,44.25,5.762,0.77,13.76,392.33,369.57,22.76,273,255,18,690.54,12.37,0.06593
2272,Line_C,M16,Morning,L057,15.4,42.8,45.46,29.66,53.67,5.055,0.693,28.1,405.39,388.53,16.86,333,316,17,666.53,10.55,0.05105
2273,Line_C,M12,Evening,L107,13.5,48.0,43.62,27.12,50.57,5.657,0.479,45.22,423.55,422.76,0.79,349,328,21,748.08,12.14,0.06017
2274,Line_D,M09,Evening,L099,10.4,44.23,49.09,33.86,47.05,4.781,0.35,106.42,451.62,407.23,44.39,233,216,17,681.87,7.98,0.07296
2275,Line_D,M10,Morning,L084,18.8,46.86,48.23,31.14,58.22,5.523,0.98,38.12,434.08,425.66,8.42,406,396,10,500.45,4.54,0.02463
2276,Line_A,M04,Night,L075,12.2,44.83,50.14,27.51,57.38,5.369,0.673,24.6,411.3,405.66,5.64,215,202,13,498.91,9.6,0.06047
2277,Line_C,M06,Night,L031,21.2,48.27,48.94,32.6,49.14,4.774,1.1,8.81,427.71,422.09,5.63,205,195,10,453.05,7.49,0.04878
2278,Line_A,M12,Evening,L043,29.5,48.34,49.3,31.94,38.73,5.593,0.815,35.87,454.16,447.78,6.38,352,342,10,405.96,6.88,0.02841
2279,Line_D,M16,Evening,L045,16.0,48.06,47.75,37.79,49.03,5.249,0.514,24.21,426.12,424.75,1.37,218,205,13,541.36,8.7,0.05963
2280,Line_C,M01,Evening,L068,40.6,56.06,57.06,30.02,59.89,5.38,0.994,16.47,398.09,393.02,5.07,287,273,14,605.75,7.81,0.04878
2281,Line_B,M07,Night,L040,44.2,46.39,49.24,32.01,60.85,5.308,1.231,86.34,431.97,421.9,10.07,351,324,27,1200.4,15.63,0.07692
2282,Line_A,M12,Morning,L064,26.2,47.53,43.43,33.73,44.98,5.378,0.733,109.49,404.56,392.05,12.51,239,234,5,235.48,1.98,0.02092
2283,Line_B,M08,Morning,L048,31.0,51.03,59.39,31.47,49.56,5.084,1.349,92.24,435.21,403.6,31.61,270,262,8,361.98,4.51,0.02963
2284,Line_C,M14,Night,L068,31.1,52.73,55.1,23.09,31.09,4.81,0.86,76.88,411.05,401.42,9.63,403,381,22,983.86,15.73,0.05459
2285,Line_A,M11,Morning,L079,13.8,48.61,50.37,34.03,53.91,4.535,0.712,38.52,404.94,392.44,12.5,342,330,12,428.42,6.06,0.03509
2286,Line_A,M06,Night,L059,34.0,44.23,42.18,31.99,52.18,4.718,1.081,95.05,438.28,410.36,27.92,387,379,8,285.35,3.3,0.02067
2287,Line_D,M13,Night,L035,8.0,47.51,53.7,27.72,45.24,4.8,0.977,39.67,408.99,401.41,7.58,322,300,22,995.0,11.6,0.06832
2288,Line_C,M06,Night,L053,20.9,46.55,42.91,32.68,67.88,4.86,1.188,54.71,430.37,430.09,0.28,231,203,28,1166.85,8.59,0.12121
2289,Line_A,M07,Morning,L119,19.1,44.84,50.07,24.98,45.13,4.767,0.905,9.08,383.74,361.39,22.36,228,226,2,72.69,1.44,0.00877
2290,Line_B,M05,Morning,L098,14.7,50.02,53.28,32.87,41.09,4.244,0.89,22.37,389.91,381.15,8.75,202,189,13,546.98,7.2,0.06436
2291,Line_D,M16,Night,L112,18.2,49.46,48.42,31.88,54.28,5.196,0.629,84.08,426.42,405.93,20.48,226,216,10,477.8,6.14,0.04425
2292,Line_C,M07,Evening,L120,31.4,51.42,53.18,32.9,56.52,5.403,0.823,64.67,415.35,402.88,12.47,233,226,7,317.83,4.35,0.03004
2293,Line_C,M16,Night,L018,16.4,49.02,48.81,25.52,52.13,5.41,1.079,18.65,416.63,413.08,3.56,387,366,21,745.24,14.94,0.05426
2294,Line_B,M10,Evening,L105,24.0,51.61,51.14,27.64,57.61,5.64,1.176,12.05,409.14,398.84,10.3,246,241,5,164.25,1.62,0.02033
2295,Line_B,M03,Night,L031,30.9,48.1,47.79,24.63,63.41,5.9,0.699,44.64,402.01,390.78,11.23,383,366,17,608.25,10.65,0.04439
2296,Line_A,M13,Night,L119,20.6,48.04,50.09,24.71,39.36,5.389,0.956,22.32,452.2,436.81,15.38,349,326,23,1099.45,11.05,0.0659
2297,Line_C,M04,Evening,L037,18.9,46.65,50.79,36.13,53.69,5.882,0.765,6.92,436.47,395.18,41.29,205,186,19,822.34,13.29,0.09268
2298,Line_A,M15,Evening,L044,10.2,49.13,52.62,32.43,54.97,5.235,0.605,59.75,397.23,390.16,7.07,278,271,7,279.84,2.51,0.02518
2299,Line_A,M16,Night,L026,20.9,44.07,46.96,30.92,49.93,6.034,0.882,50.57,376.27,355.82,20.45,185,180,5,231.07,2.9,0.02703
2300,Line_C,M09,Evening,L087,9.6,48.32,46.29,26.21,44.91,5.166,1.058,7.59,401.01,378.86,22.15,369,341,28,1060.53,16.39,0.07588
2301,Line_D,M07,Evening,L044,24.0,42.15,42.93,26.44,65.5,5.077,0.857,14.49,399.05,385.29,13.76,260,250,10,544.39,5.56,0.03846
2302,Line_C,M08,Night,L030,29.5,50.43,54.82,36.95,57.86,5.172,0.877,5.32,396.36,387.64,8.72,234,220,14,562.18,10.43,0.05983
2303,Line_B,M13,Night,L103,20.6,50.12,45.44,28.12,50.03,5.294,0.902,36.56,444.83,435.59,9.24,357,326,31,1277.21,15.47,0.08683
2304,Line_B,M06,Night,L020,44.5,51.86,52.34,32.28,61.76,5.793,0.293,46.24,448.93,445.26,3.67,262,253,9,334.26,5.41,0.03435
2305,Line_B,M01,Evening,L069,23.5,40.76,43.57,33.05,48.59,5.07,0.908,1.0,449.67,444.38,5.28,245,236,9,359.29,5.57,0.03673
2306,Line_B,M10,Evening,L089,27.9,47.99,49.92,30.07,59.25,5.079,0.828,83.85,415.92,390.6,25.31,348,328,20,812.02,8.95,0.05747
2307,Line_C,M12,Night,L017,19.7,45.92,45.94,26.05,48.88,5.235,0.706,5.04,443.82,431.03,12.79,407,374,33,1423.72,16.67,0.08108
2308,Line_B,M03,Morning,L030,25.5,47.93,45.8,32.08,39.06,5.206,1.319,20.1,388.88,384.29,4.59,411,396,15,732.34,7.87,0.0365
2309,Line_C,M06,Morning,L066,44.6,48.49,51.2,30.19,40.94,5.311,0.985,68.9,403.19,386.48,16.7,217,205,12,538.34,7.96,0.0553
2310,Line_D,M08,Morning,L001,35.7,48.16,47.69,32.78,58.69,4.757,1.199,79.91,413.48,397.54,15.94,330,314,16,741.22,6.92,0.04848
2311,Line_D,M10,Night,L055,39.0,54.2,57.82,26.65,58.45,5.407,1.096,107.66,439.86,430.04,9.83,185,178,7,327.19,5.33,0.03784
2312,Line_A,M09,Evening,L003,24.8,54.88,62.76,32.04,56.21,5.286,0.736,6.19,420.62,414.56,6.06,393,376,17,718.31,11.25,0.04326
2313,Line_B,M13,Evening,L118,14.5,51.13,54.76,33.7,55.75,4.986,0.757,53.6,423.18,406.19,16.99,182,170,12,560.04,5.74,0.06593
2314,Line_A,M11,Night,L119,19.7,47.69,45.42,29.42,54.26,4.961,0.904,8.38,409.51,404.68,4.83,288,273,15,471.58,8.68,0.05208
2315,Line_B,M12,Night,L056,10.4,41.2,40.72,31.67,70.18,5.301,0.702,17.63,470.0,458.17,11.83,381,361,20,1030.12,10.88,0.05249
2316,Line_B,M02,Morning,L057,19.6,48.57,48.28,28.3,38.54,5.231,0.876,39.08,431.07,423.84,7.23,226,220,6,309.59,3.03,0.02655
2317,Line_A,M15,Night,L101,29.2,42.21,43.86,31.83,45.42,5.129,0.971,4.22,459.67,453.28,6.38,376,364,12,487.08,5.55,0.03191
2318,Line_C,M07,Evening,L023,20.0,45.83,47.79,37.02,62.97,4.902,1.328,43.23,424.59,422.09,2.51,227,212,15,729.67,4.52,0.06608
2319,Line_B,M07,Night,L079,23.9,44.3,37.94,38.19,40.68,4.954,1.295,80.44,469.61,463.66,5.95,297,270,27,1098.0,14.59,0.09091
2320,Line_D,M13,Morning,L114,44.7,47.16,48.08,26.3,45.48,5.917,1.009,23.64,417.51,411.86,5.65,331,324,7,296.21,3.03,0.02115
2321,Line_A,M07,Morning,L099,31.2,47.93,49.92,28.93,57.57,4.765,1.041,17.19,433.24,427.04,6.2,381,376,5,211.42,3.07,0.01312
2322,Line_A,M13,Morning,L025,43.5,45.78,48.46,29.36,48.54,6.06,1.132,15.2,416.41,377.9,38.51,348,339,9,336.17,5.22,0.02586
2323,Line_B,M14,Morning,L106,25.9,46.27,48.67,36.11,59.39,4.634,1.307,11.08,403.41,400.95,2.47,286,268,18,810.04,12.91,0.06294
2324,Line_A,M09,Evening,L117,22.0,47.63,46.75,29.92,58.81,4.748,0.646,30.85,430.15,409.87,20.29,244,235,9,344.87,5.29,0.03689
2325,Line_A,M10,Night,L038,48.7,42.19,43.41,33.03,59.16,4.6,0.75,76.16,419.89,410.61,9.27,331,313,18,732.47,12.58,0.05438
2326,Line_D,M14,Evening,L073,24.4,49.76,44.76,35.49,54.62,5.386,0.768,17.94,425.41,401.47,23.94,181,174,7,291.98,4.59,0.03867
2327,Line_A,M12,Night,L114,31.5,47.03,51.07,32.57,34.44,5.281,0.987,34.3,400.23,393.13,7.1,351,342,9,425.99,6.51,0.02564
2328,Line_A,M13,Evening,L025,21.2,49.99,49.33,26.32,37.68,5.127,0.956,25.7,414.81,392.4,22.41,340,332,8,349.12,2.61,0.02353
2329,Line_C,M12,Evening,L028,18.4,42.74,48.41,29.29,62.46,5.488,0.775,17.7,387.59,355.47,32.12,417,404,13,513.29,7.07,0.03118
2330,Line_B,M13,Morning,L047,38.5,52.82,52.66,30.09,53.31,4.871,1.309,22.41,433.02,419.01,14.01,187,179,8,282.3,5.23,0.04278
2331,Line_C,M13,Night,L024,16.9,51.23,56.99,37.94,65.63,5.243,1.044,46.14,405.93,377.34,28.58,315,280,35,1468.2,20.81,0.11111
2332,Line_B,M13,Evening,L068,19.6,35.94,39.21,32.23,39.89,5.714,0.974,96.24,461.13,429.84,31.29,284,263,21,828.16,10.63,0.07394
2333,Line_D,M07,Night,L049,8.9,46.0,44.36,33.54,53.2,5.374,0.896,20.04,426.78,412.15,14.62,318,305,13,650.7,6.38,0.04088
2334,Line_A,M12,Evening,L004,9.7,48.17,49.75,35.35,59.48,5.929,0.997,38.87,411.4,400.73,10.67,378,372,6,275.66,3.49,0.01587
2335,Line_B,M09,Evening,L041,23.8,50.8,52.59,27.42,62.79,4.191,0.437,109.83,447.29,416.7,30.6,251,230,21,917.15,15.35,0.08367
2336,Line_C,M14,Night,L044,21.6,46.24,52.21,26.21,54.54,4.88,0.879,47.58,419.92,388.15,31.76,334,314,20,948.5,7.72,0.05988
2337,Line_D,M08,Night,L110,24.6,41.44,37.14,32.38,62.94,4.689,0.973,13.81,438.6,425.4,13.2,358,342,16,687.82,8.42,0.04469
2338,Line_B,M02,Morning,L036,35.2,47.53,43.64,37.15,57.44,5.715,1.314,110.31,416.61,391.68,24.92,184,167,17,659.0,6.72,0.09239
2339,Line_C,M14,Night,L093,31.1,48.52,52.62,35.13,58.44,5.48,0.554,23.02,414.91,410.85,4.06,235,219,16,743.44,11.17,0.06809
2340,Line_A,M09,Morning,L019,25.1,44.72,43.54,32.46,62.06,5.323,0.999,38.14,443.89,435.38,8.51,384,368,16,762.65,9.31,0.04167
2341,Line_A,M01,Morning,L014,17.5,43.55,46.09,28.8,62.4,4.946,1.187,9.33,410.41,409.35,1.07,380,373,7,314.11,3.28,0.01842
2342,Line_A,M14,Morning,L106,15.9,50.69,53.01,32.73,51.39,5.135,0.825,51.59,429.74,429.11,0.62,364,359,5,236.57,2.19,0.01374
2343,Line_C,M01,Evening,L085,23.5,45.84,42.5,26.2,49.13,5.421,0.87,74.58,393.35,379.41,13.94,375,361,14,660.09,6.41,0.03733
2344,Line_B,M02,Evening,L016,28.7,40.72,44.84,38.27,43.22,5.19,0.661,11.27,405.73,394.81,10.93,349,331,18,749.2,8.78,0.05158
2345,Line_C,M12,Night,L088,15.1,50.25,54.36,29.85,42.74,4.541,1.159,57.46,428.78,418.63,10.16,310,272,38,2016.37,25.72,0.12258
2346,Line_A,M03,Evening,L056,23.6,48.8,51.96,35.22,58.17,5.568,0.783,142.99,438.09,424.21,13.88,190,187,3,132.04,1.65,0.01579
2347,Line_D,M05,Night,L092,10.6,40.54,35.87,31.73,65.78,5.755,0.509,28.35,427.32,421.2,6.11,250,243,7,302.77,3.68,0.028
2348,Line_D,M07,Evening,L038,15.9,45.8,45.59,34.11,53.52,4.058,1.059,13.2,392.1,376.75,15.36,310,296,14,554.61,10.28,0.04516
2349,Line_A,M16,Evening,L012,19.9,46.4,49.35,29.0,49.2,5.014,0.802,52.5,406.57,390.58,15.99,246,241,5,210.03,2.47,0.02033
2350,Line_A,M10,Evening,L095,14.0,46.65,45.74,33.94,61.65,5.72,1.084,6.67,399.78,375.75,24.03,190,185,5,219.12,3.13,0.02632
2351,Line_A,M16,Morning,L088,37.1,49.88,47.75,26.09,50.63,5.324,0.668,34.95,420.99,419.4,1.6,217,208,9,362.66,5.22,0.04147
2352,Line_D,M12,Night,L112,21.3,44.24,44.5,28.17,44.16,4.575,0.611,10.2,425.62,411.42,14.19,348,333,15,689.89,7.33,0.0431
2353,Line_A,M05,Evening,L015,13.5,51.62,48.79,25.18,55.45,5.005,0.615,21.08,410.67,391.48,19.18,348,336,12,564.62,6.8,0.03448
2354,Line_C,M09,Night,L025,7.3,51.84,50.36,25.06,48.81,5.139,1.002,11.02,416.0,400.02,15.99,379,352,27,1016.06,14.61,0.07124
2355,Line_B,M06,Evening,L046,12.8,47.48,45.26,34.95,44.23,5.528,0.515,32.07,418.84,401.52,17.32,298,284,14,548.2,6.73,0.04698
2356,Line_D,M04,Morning,L006,44.9,46.64,50.62,32.78,40.99,5.395,1.002,3.65,404.84,391.11,13.74,218,208,10,425.96,7.33,0.04587
2357,Line_B,M09,Evening,L068,16.6,45.45,45.91,31.03,54.33,5.095,0.73,23.4,417.78,401.2,16.58,413,396,17,763.56,12.9,0.04116
2358,Line_B,M14,Evening,L084,23.2,42.42,39.49,29.28,39.34,5.454,0.361,19.29,429.83,423.2,6.63,286,280,6,247.99,3.17,0.02098
2359,Line_D,M13,Morning,L070,28.6,51.72,46.22,33.51,48.15,4.739,0.962,80.49,424.94,410.62,14.32,298,285,13,570.19,9.53,0.04362
2360,Line_A,M05,Evening,L096,12.4,43.04,45.03,39.18,54.89,5.18,0.83,152.4,432.39,423.93,8.46,390,358,32,1357.53,20.21,0.08205
2361,Line_D,M05,Morning,L055,9.0,46.29,44.79,25.42,57.2,5.176,0.423,45.88,375.57,371.23,4.33,322,318,4,161.12,1.98,0.01242
2362,Line_A,M14,Evening,L037,12.3,47.55,45.49,28.73,49.16,5.025,0.749,64.15,373.85,364.7,9.15,307,301,6,261.88,3.31,0.01954
2363,Line_B,M11,Evening,L117,21.5,43.58,41.52,27.77,54.19,5.433,1.07,7.18,428.48,424.16,4.32,323,315,8,336.81,4.91,0.02477
2364,Line_D,M08,Morning,L072,29.2,43.46,43.63,33.73,40.34,5.001,0.786,73.42,417.2,400.24,16.95,225,221,4,144.56,2.17,0.01778
2365,Line_C,M14,Evening,L061,12.0,52.13,52.45,33.83,68.26,5.18,0.977,59.01,412.25,402.66,9.59,278,260,18,644.04,10.07,0.06475
2366,Line_C,M01,Evening,L092,22.7,45.19,45.85,31.28,48.71,5.46,0.581,25.6,373.46,359.82,13.63,224,213,11,469.85,4.11,0.04911
2367,Line_A,M13,Night,L079,10.9,53.43,51.62,28.26,50.04,5.324,1.178,36.81,434.53,414.43,20.1,300,286,14,623.38,6.75,0.04667
2368,Line_B,M08,Night,L014,20.1,42.99,47.36,35.38,61.04,5.168,0.933,37.04,404.19,388.49,15.7,248,233,15,589.67,6.45,0.06048
2369,Line_B,M08,Night,L095,7.0,50.16,50.65,28.81,61.18,5.687,1.129,58.82,436.52,433.66,2.87,194,187,7,211.25,3.73,0.03608
2370,Line_C,M11,Morning,L068,24.3,50.47,52.4,32.34,51.28,5.425,0.81,59.75,433.09,421.78,11.31,294,281,13,443.17,5.36,0.04422
2371,Line_B,M04,Night,L102,30.2,54.4,57.32,26.64,40.0,5.524,1.199,26.54,425.14,404.91,20.23,255,238,17,759.65,9.8,0.06667
2372,Line_B,M15,Evening,L016,21.6,42.59,43.16,29.55,60.9,6.008,0.474,7.48,403.66,393.78,9.88,215,209,6,236.53,2.99,0.02791
2373,Line_B,M02,Night,L042,33.9,50.09,53.96,26.72,48.16,5.287,0.946,32.36,412.27,404.78,7.49,382,366,16,660.93,7.76,0.04188
2374,Line_A,M10,Evening,L110,27.7,47.24,48.16,34.22,48.34,6.488,1.08,42.53,444.81,427.47,17.34,345,341,4,148.75,2.43,0.01159
2375,Line_B,M08,Morning,L099,26.8,41.04,43.38,28.69,41.03,5.68,1.151,18.14,406.92,387.2,19.72,413,401,12,453.24,5.44,0.02906
2376,Line_A,M16,Evening,L017,35.8,39.85,42.38,32.18,53.39,5.189,0.628,37.61,438.77,421.09,17.68,330,320,10,430.98,4.77,0.0303
2377,Line_D,M11,Evening,L076,30.7,46.63,51.68,33.08,56.25,5.428,0.575,21.37,430.12,421.85,8.27,305,299,6,277.67,3.59,0.01967
2378,Line_C,M07,Night,L010,21.1,47.63,49.63,30.68,52.57,5.189,1.135,33.47,424.47,402.06,22.41,377,360,17,825.38,7.72,0.04509
2379,Line_A,M07,Morning,L032,28.1,48.36,50.44,30.05,56.64,5.096,0.83,60.67,413.95,402.5,11.46,355,352,3,103.35,1.64,0.00845
2380,Line_C,M04,Evening,L090,15.3,46.91,52.47,28.45,50.23,5.24,0.572,40.07,449.72,415.8,33.91,379,352,27,1150.29,15.28,0.07124
2381,Line_D,M01,Night,L067,18.6,51.71,52.1,31.24,60.14,5.26,1.33,46.15,398.98,391.6,7.39,269,260,9,411.34,3.59,0.03346
2382,Line_A,M08,Evening,L041,15.1,49.58,47.83,38.58,46.77,4.507,0.86,38.86,423.74,414.0,9.74,363,341,22,917.85,12.01,0.06061
2383,Line_A,M01,Evening,L083,16.2,43.65,48.97,32.58,36.91,5.003,1.177,35.68,421.56,398.64,22.92,310,304,6,297.82,3.92,0.01935
2384,Line_A,M11,Night,L118,25.9,49.28,51.77,29.04,49.54,5.208,1.128,91.58,396.04,375.28,20.76,296,286,10,377.92,6.85,0.03378
2385,Line_A,M15,Morning,L007,17.5,47.63,48.72,34.98,40.65,4.979,0.726,35.04,394.91,367.14,27.77,188,184,4,151.95,2.3,0.02128
2386,Line_C,M02,Evening,L106,11.5,47.26,50.38,33.84,42.43,5.433,0.744,92.19,424.62,404.43,20.2,309,291,18,862.81,9.13,0.05825
2387,Line_D,M16,Evening,L092,12.0,39.85,43.35,31.87,38.4,4.951,0.889,35.32,406.95,392.55,14.39,367,358,9,316.63,4.48,0.02452
2388,Line_A,M02,Morning,L043,27.9,49.11,47.73,28.13,28.15,5.177,0.938,41.08,431.61,426.34,5.27,268,265,3,132.57,1.32,0.01119
2389,Line_C,M08,Night,L069,48.5,47.05,43.24,30.5,54.02,5.647,1.158,25.73,424.6,418.73,5.88,402,378,24,1036.93,11.88,0.0597
2390,Line_A,M10,Night,L039,22.5,54.24,53.65,39.71,49.41,4.069,0.794,21.73,445.92,444.93,0.99,205,191,14,648.2,9.05,0.06829
2391,Line_C,M11,Evening,L028,18.5,42.65,39.38,30.67,51.05,5.317,0.792,13.13,398.21,375.01,23.2,180,174,6,257.77,3.52,0.03333
2392,Line_C,M07,Morning,L084,33.5,45.94,44.77,28.31,61.09,5.13,0.759,35.04,429.94,421.69,8.25,380,365,15,551.78,4.16,0.03947
2393,Line_B,M01,Evening,L059,45.8,54.33,53.5,27.94,49.54,5.495,0.74,99.32,421.55,409.09,12.46,274,262,12,536.79,4.16,0.0438
2394,Line_A,M13,Night,L022,28.5,48.16,49.8,31.51,63.54,4.664,0.849,59.41,409.52,390.65,18.87,210,201,9,387.54,3.82,0.04286
2395,Line_C,M08,Night,L022,84.0,45.61,48.58,32.38,44.74,5.245,0.804,28.62,432.29,412.14,20.16,206,198,8,323.75,4.33,0.03883
2396,Line_D,M05,Morning,L087,20.9,45.85,49.32,31.4,51.75,4.587,0.648,161.25,431.51,410.44,21.06,262,233,29,1332.75,11.8,0.11069
2397,Line_A,M08,Night,L005,25.5,50.67,46.05,32.73,55.65,5.325,1.207,68.62,424.85,416.68,8.17,369,351,18,723.16,10.67,0.04878
2398,Line_A,M07,Morning,L093,27.3,43.59,43.03,28.43,41.9,5.291,1.205,50.15,406.5,394.22,12.28,202,197,5,209.24,3.03,0.02475
2399,Line_A,M10,Evening,L084,11.6,55.97,56.21,34.76,38.59,5.542,0.783,15.34,410.21,395.23,14.97,366,361,5,181.52,2.86,0.01366
2400,Line_C,M09,Morning,L054,24.0,51.72,51.97,32.53,63.59,5.22,1.482,14.43,433.49,423.72,9.77,394,372,22,742.48,11.16,0.05584
2401,Line_C,M10,Night,L041,22.6,49.27,52.01,32.28,56.88,5.547,0.757,56.17,409.99,402.47,7.51,316,302,14,502.72,6.17,0.0443
2402,Line_D,M16,Evening,L112,29.9,50.88,47.76,31.22,52.56,5.418,0.836,68.02,402.38,386.16,16.22,325,311,14,605.85,6.72,0.04308
2403,Line_C,M15,Morning,L104,28.5,43.44,45.04,39.21,50.63,5.028,0.656,42.7,426.84,419.65,7.19,290,276,14,615.83,6.74,0.04828
2404,Line_D,M01,Evening,L088,15.8,43.83,47.15,29.57,54.22,5.141,1.166,20.27,444.17,417.08,27.09,364,346,18,700.87,9.93,0.04945
2405,Line_D,M11,Evening,L046,24.1,48.28,51.3,34.43,27.28,4.918,0.407,20.26,417.86,404.57,13.29,203,194,9,343.43,5.39,0.04433
2406,Line_A,M04,Night,L096,25.5,53.11,60.0,33.41,48.37,5.517,1.132,22.22,433.73,400.96,32.77,211,203,8,415.21,4.38,0.03791
2407,Line_C,M02,Evening,L049,11.6,50.9,55.74,30.31,40.76,5.896,0.818,63.25,404.38,396.65,7.72,239,232,7,276.95,3.29,0.02929
2408,Line_B,M02,Morning,L079,11.2,55.18,56.05,25.89,55.04,4.464,1.046,1.0,400.43,387.89,12.54,384,364,20,780.15,11.42,0.05208
2409,Line_B,M11,Night,L039,34.5,45.52,47.2,29.29,62.8,4.713,0.867,34.72,433.21,428.07,5.14,403,386,17,631.68,5.98,0.04218
2410,Line_D,M16,Night,L049,30.4,50.59,52.77,31.47,50.82,5.19,0.957,27.98,432.74,406.51,26.24,285,271,14,565.35,10.29,0.04912
2411,Line_C,M13,Evening,L102,15.2,51.33,57.4,29.03,42.77,4.906,0.755,26.74,420.16,387.42,32.74,360,340,20,789.71,10.83,0.05556
2412,Line_D,M03,Night,L078,20.0,43.11,46.22,26.37,42.05,4.776,0.993,61.07,421.39,409.22,12.17,289,280,9,359.0,6.81,0.03114
2413,Line_B,M04,Morning,L105,24.1,56.13,58.02,39.47,59.95,4.653,0.912,54.2,412.13,406.65,5.48,332,310,22,960.28,9.43,0.06627
2414,Line_C,M14,Morning,L009,53.6,52.79,53.14,27.96,60.89,4.465,0.628,58.53,446.68,430.71,15.97,317,306,11,440.64,5.56,0.0347
2415,Line_B,M10,Night,L100,28.0,43.19,42.74,27.54,60.7,5.17,0.723,14.62,416.04,413.6,2.44,204,198,6,238.64,3.0,0.02941
2416,Line_A,M09,Evening,L041,9.1,43.4,48.49,34.06,63.91,5.115,0.599,7.03,425.2,414.43,10.77,358,342,16,658.75,12.31,0.04469
2417,Line_A,M03,Night,L088,20.5,40.76,44.93,34.02,53.34,5.434,0.837,29.79,426.01,417.85,8.16,402,381,21,803.91,13.31,0.05224
2418,Line_C,M13,Night,L015,14.1,42.09,44.07,31.21,57.79,5.024,0.807,38.23,405.38,382.32,23.06,398,371,27,1310.8,12.84,0.06784
2419,Line_A,M14,Evening,L011,12.9,54.12,50.5,32.04,52.25,5.354,0.572,26.38,403.8,396.17,7.63,241,237,4,165.72,1.52,0.0166
2420,Line_D,M05,Night,L005,26.6,51.32,54.73,35.75,53.34,5.306,1.07,13.35,423.95,422.62,1.33,317,299,18,795.57,10.34,0.05678
2421,Line_A,M16,Night,L060,18.2,53.75,53.24,26.55,52.32,5.159,1.048,122.03,427.64,398.77,28.87,323,300,23,1094.27,9.37,0.07121
2422,Line_A,M08,Morning,L082,15.2,54.03,53.73,26.11,41.16,4.506,0.963,19.31,436.6,427.52,9.08,224,214,10,409.68,3.56,0.04464
2423,Line_C,M01,Evening,L052,28.4,51.64,47.59,36.43,49.56,4.804,0.552,56.72,422.34,410.46,11.89,186,177,9,357.73,4.31,0.04839
2424,Line_A,M16,Night,L111,23.4,41.98,43.75,31.2,40.58,5.353,0.892,75.89,440.21,435.14,5.07,207,199,8,317.66,5.09,0.03865
2425,Line_D,M04,Evening,L058,47.6,44.87,46.95,30.67,42.41,4.565,0.668,36.32,436.95,403.29,33.66,278,257,21,721.52,11.82,0.07554
2426,Line_C,M02,Morning,L066,27.3,44.3,46.23,28.86,52.51,4.458,1.158,19.14,422.1,405.91,16.19,337,321,16,624.61,13.81,0.04748
2427,Line_A,M08,Morning,L107,45.4,53.32,51.67,28.47,55.61,5.397,1.308,30.09,387.53,379.55,7.97,371,364,7,268.07,2.27,0.01887
2428,Line_C,M10,Evening,L117,20.1,46.89,48.03,31.88,49.75,5.589,1.085,19.05,415.49,412.54,2.95,323,308,15,649.16,8.14,0.04644
2429,Line_C,M11,Evening,L052,21.4,48.27,49.96,35.46,49.87,4.611,0.715,7.45,426.91,412.54,14.37,237,221,16,590.09,7.18,0.06751
2430,Line_C,M16,Evening,L106,7.4,51.86,52.91,23.88,62.48,4.767,0.839,18.73,435.41,422.39,13.01,228,223,5,179.22,3.37,0.02193
2431,Line_D,M08,Night,L088,17.0,46.26,46.36,29.25,58.37,5.887,0.777,65.78,390.03,368.18,21.85,338,310,28,1229.36,7.21,0.08284
2432,Line_C,M03,Night,L070,47.4,43.49,42.47,31.13,48.95,5.886,0.906,25.87,418.72,412.33,6.39,389,367,22,848.37,13.13,0.05656
2433,Line_C,M08,Evening,L049,19.4,51.74,57.19,23.71,64.33,6.14,1.15,21.68,406.97,402.51,4.46,240,225,15,561.49,10.66,0.0625
2434,Line_B,M14,Night,L055,17.7,52.25,55.21,32.59,65.27,4.51,0.922,36.43,375.24,351.98,23.25,293,277,16,658.3,9.19,0.05461
2435,Line_C,M01,Evening,L019,13.9,57.09,55.37,35.13,47.5,4.964,1.092,73.39,450.07,430.82,19.25,321,297,24,971.33,9.7,0.07477
2436,Line_D,M05,Night,L076,48.9,48.15,46.93,32.84,69.63,5.562,1.201,18.2,377.58,367.92,9.66,363,348,15,688.34,8.82,0.04132
2437,Line_C,M11,Evening,L001,30.7,49.86,53.34,28.68,39.74,5.075,1.048,118.19,409.88,392.81,17.07,320,294,26,1335.46,17.01,0.08125
2438,Line_C,M04,Evening,L073,33.6,40.9,42.38,24.63,54.34,5.349,1.048,33.64,387.14,380.61,6.53,318,300,18,950.49,11.9,0.0566
2439,Line_B,M08,Morning,L112,38.4,50.54,51.6,33.03,63.41,5.379,1.198,12.91,414.41,393.9,20.51,404,395,9,374.14,4.84,0.02228
2440,Line_C,M03,Night,L018,15.5,57.62,56.24,33.57,48.38,5.387,1.227,24.39,414.94,405.86,9.08,298,272,26,832.35,16.39,0.08725
2441,Line_D,M03,Morning,L071,34.5,49.1,54.46,27.45,59.5,5.008,1.031,29.04,402.1,383.41,18.69,354,349,5,194.91,2.77,0.01412
2442,Line_A,M12,Evening,L115,7.6,49.72,55.57,33.25,48.0,5.116,0.995,43.45,379.13,374.22,4.91,222,215,7,275.11,5.53,0.03153
2443,Line_A,M13,Evening,L033,14.0,48.47,47.2,34.7,29.72,4.739,0.929,27.75,423.03,402.67,20.35,347,333,14,599.65,9.65,0.04035
2444,Line_C,M01,Night,L083,7.4,54.59,59.67,31.98,49.22,5.099,1.287,26.18,429.23,419.46,9.76,368,349,19,1003.34,9.33,0.05163
2445,Line_B,M09,Evening,L008,8.8,45.82,49.96,39.91,53.2,5.592,0.959,26.23,406.9,361.0,45.9,257,237,20,696.13,7.37,0.07782
2446,Line_C,M07,Evening,L046,11.5,51.13,52.54,26.65,71.9,4.882,0.931,82.32,410.07,397.92,12.15,318,277,41,1800.09,33.47,0.12893
2447,Line_A,M06,Morning,L088,16.1,44.72,44.61,32.37,33.55,5.074,0.914,32.35,435.39,426.93,8.46,199,194,5,245.19,3.39,0.02513
2448,Line_B,M12,Morning,L031,23.5,49.72,52.05,33.44,32.18,5.521,0.969,15.83,453.91,452.34,1.57,305,297,8,395.97,3.36,0.02623
2449,Line_C,M11,Morning,L039,23.5,47.64,47.25,26.49,69.33,5.407,0.673,12.2,415.75,403.48,12.27,221,213,8,333.08,4.22,0.0362
2450,Line_C,M03,Morning,L087,38.9,47.53,49.77,32.18,38.91,5.253,0.939,63.82,424.65,418.98,5.67,300,288,12,625.41,8.02,0.04
2451,Line_C,M16,Morning,L113,29.1,47.44,49.3,25.84,68.18,4.965,1.032,95.28,416.74,402.86,13.88,213,196,17,711.59,10.85,0.07981
2452,Line_C,M04,Night,L054,58.3,53.32,58.95,25.95,49.26,5.418,0.808,85.39,406.41,375.08,31.33,271,250,21,868.36,11.93,0.07749
2453,Line_C,M09,Morning,L039,12.2,48.22,45.97,36.29,35.71,5.08,0.716,79.09,432.82,419.81,13.01,306,281,25,1008.88,16.58,0.0817
2454,Line_D,M03,Night,L078,19.5,50.22,53.95,31.6,47.24,5.386,0.562,35.35,414.59,390.52,24.07,181,177,4,134.39,3.31,0.0221
2455,Line_C,M10,Evening,L015,22.2,43.91,43.96,29.25,58.03,4.804,0.789,30.4,392.39,379.48,12.91,337,320,17,712.36,10.45,0.05045
2456,Line_C,M01,Morning,L066,41.3,55.05,56.02,27.1,52.91,4.306,1.117,13.15,416.04,411.41,4.63,388,369,19,687.86,9.09,0.04897
2457,Line_C,M05,Morning,L072,22.4,47.47,45.06,25.96,48.42,4.935,0.627,18.35,421.77,402.08,19.69,201,188,13,470.95,7.24,0.06468
2458,Line_A,M08,Morning,L048,23.5,50.13,54.82,29.54,48.66,4.708,0.722,20.38,423.59,401.5,22.1,304,297,7,283.42,2.64,0.02303
2459,Line_A,M02,Morning,L119,34.1,44.67,41.78,28.66,67.54,5.755,0.984,68.61,429.54,421.91,7.64,186,179,7,293.55,4.64,0.03763
2460,Line_C,M08,Night,L075,14.7,51.79,51.63,31.35,61.78,5.556,1.259,87.49,414.43,408.76,5.67,243,220,23,772.47,10.92,0.09465
2461,Line_D,M10,Night,L019,28.9,43.4,44.81,22.35,39.09,4.976,1.051,24.7,428.05,422.65,5.4,200,193,7,342.99,3.29,0.035
2462,Line_C,M16,Night,L033,3.8,48.64,49.23,28.05,50.64,4.72,1.238,33.34,410.29,399.45,10.85,181,169,12,563.61,7.04,0.0663
2463,Line_A,M06,Morning,L015,7.5,50.31,52.68,31.21,50.61,4.422,1.32,10.48,404.11,398.56,5.55,273,257,16,774.99,7.22,0.05861
2464,Line_C,M12,Morning,L054,17.3,45.32,48.99,37.62,56.75,5.942,0.778,6.96,382.45,366.31,16.14,317,299,18,740.3,9.6,0.05678
2465,Line_A,M05,Night,L007,24.0,41.27,41.66,27.19,40.72,5.58,0.454,89.99,384.55,356.18,28.38,411,389,22,922.39,14.11,0.05353
2466,Line_C,M16,Morning,L032,16.4,48.04,47.2,31.1,52.39,5.462,1.139,30.46,431.84,423.65,8.19,264,255,9,421.21,5.4,0.03409
2467,Line_D,M16,Morning,L097,24.1,46.99,47.81,27.82,49.85,4.864,1.15,65.12,406.87,391.8,15.07,383,368,15,729.63,7.09,0.03916
2468,Line_C,M13,Evening,L095,20.5,43.96,45.12,36.93,52.38,5.321,1.324,16.1,431.64,402.59,29.04,280,264,16,638.88,8.74,0.05714
2469,Line_C,M04,Morning,L016,38.0,50.21,50.04,33.73,63.44,6.06,1.224,8.09,448.09,432.06,16.02,182,168,14,514.18,7.71,0.07692
2470,Line_B,M16,Morning,L006,8.7,49.52,48.51,34.37,42.77,5.19,0.737,71.08,406.65,401.43,5.23,184,171,13,521.19,4.94,0.07065
2471,Line_B,M07,Evening,L047,30.1,48.9,51.47,27.36,58.35,5.671,1.211,80.6,418.87,401.76,17.1,262,247,15,676.82,7.95,0.05725
2472,Line_D,M04,Evening,L023,23.7,56.09,53.68,30.71,62.07,6.121,0.937,56.89,438.56,429.9,8.66,339,314,25,1012.28,11.53,0.07375
2473,Line_C,M07,Evening,L002,20.2,40.92,39.58,33.09,36.48,5.32,0.734,19.18,451.84,435.01,16.84,332,322,10,487.8,3.88,0.03012
2474,Line_B,M03,Morning,L078,33.8,50.57,55.59,30.71,64.48,5.329,0.836,22.33,418.61,412.97,5.64,351,347,4,167.47,1.95,0.0114
2475,Line_B,M06,Morning,L055,30.7,47.95,42.81,35.3,42.09,5.502,1.046,20.41,387.74,370.38,17.36,307,300,7,271.02,2.87,0.0228
2476,Line_A,M07,Morning,L043,11.8,46.6,52.13,33.1,29.46,4.62,1.271,88.74,411.19,389.32,21.88,280,268,12,589.43,5.35,0.04286
2477,Line_A,M16,Morning,L110,17.4,50.64,52.65,30.82,53.02,5.08,1.406,37.66,403.33,400.23,3.1,212,205,7,336.15,2.99,0.03302
2478,Line_A,M08,Night,L065,37.7,46.23,46.28,30.06,60.27,4.905,0.886,82.69,387.95,382.75,5.21,407,394,13,577.17,5.25,0.03194
2479,Line_B,M12,Morning,L039,17.0,47.69,51.03,29.29,55.71,5.985,0.652,36.56,430.04,417.22,12.83,299,284,15,622.12,9.86,0.05017
2480,Line_D,M14,Morning,L016,3.1,51.33,56.9,31.85,63.21,5.741,0.784,73.69,412.06,401.06,11.01,339,329,10,394.84,4.7,0.0295
2481,Line_B,M16,Night,L008,13.4,48.94,47.26,31.5,29.23,5.963,0.971,6.74,409.02,392.29,16.73,289,274,15,645.43,9.77,0.0519
2482,Line_A,M09,Evening,L112,25.5,41.85,46.58,31.34,68.5,5.806,1.082,63.33,438.09,416.12,21.97,265,253,12,547.86,8.91,0.04528
2483,Line_A,M10,Evening,L094,17.0,47.05,47.67,37.66,41.42,5.19,0.846,20.87,373.56,357.51,16.05,244,231,13,614.72,5.95,0.05328
2484,Line_B,M16,Morning,L036,30.9,47.62,43.22,20.71,56.32,4.987,0.5,52.77,413.04,412.65,0.38,318,309,9,324.71,5.55,0.0283
2485,Line_D,M11,Morning,L047,25.4,55.14,56.71,31.17,54.3,5.225,0.679,71.07,439.71,427.65,12.06,205,198,7,346.25,2.8,0.03415
2486,Line_B,M05,Morning,L107,10.6,41.68,44.44,34.96,62.25,5.218,0.472,64.1,419.49,393.09,26.4,414,395,19,836.15,10.6,0.04589
2487,Line_C,M10,Night,L086,32.6,54.74,52.34,29.92,51.99,5.572,1.069,46.81,380.06,378.08,1.98,326,307,19,910.05,10.89,0.05828
2488,Line_D,M10,Evening,L053,18.7,52.55,55.43,34.11,42.55,5.094,0.743,42.61,394.93,379.66,15.27,230,226,4,160.76,3.36,0.01739
2489,Line_A,M10,Morning,L033,15.9,43.48,42.86,33.67,53.6,4.963,0.878,57.27,399.28,383.24,16.04,227,226,1,52.23,0.66,0.00441
2490,Line_C,M11,Night,L090,45.1,54.93,59.94,28.16,40.32,4.855,0.929,13.39,421.92,412.54,9.38,361,341,20,610.64,9.44,0.0554
2491,Line_D,M07,Night,L101,26.0,52.22,52.4,30.68,48.33,5.241,0.971,15.22,406.79,396.19,10.6,353,342,11,443.92,2.75,0.03116
2492,Line_B,M03,Morning,L061,13.7,49.68,49.95,28.31,56.31,5.913,0.759,25.08,399.48,369.96,29.52,339,328,11,360.87,5.73,0.03245
2493,Line_A,M06,Evening,L104,27.0,47.58,47.35,29.01,54.73,5.457,0.791,14.9,446.23,441.53,4.7,269,264,5,217.54,2.97,0.01859
2494,Line_D,M13,Evening,L075,27.8,50.98,54.75,35.41,67.18,5.658,1.032,45.91,409.64,387.14,22.5,187,180,7,253.25,4.48,0.03743
2495,Line_D,M16,Evening,L057,11.9,43.94,44.18,30.87,48.56,5.41,1.126,9.54,442.75,436.71,6.04,232,227,5,202.96,2.37,0.02155
2496,Line_C,M11,Morning,L020,21.1,47.8,49.0,28.71,64.38,4.788,0.827,16.21,389.44,384.18,5.26,293,279,14,461.91,8.41,0.04778
2497,Line_C,M13,Morning,L106,19.3,42.82,45.0,40.93,49.35,4.842,1.053,45.18,404.97,370.25,34.73,405,371,34,1272.43,20.77,0.08395
2498,Line_A,M04,Evening,L020,8.1,51.74,49.8,27.34,64.83,5.287,1.206,40.42,412.17,396.43,15.74,241,226,15,658.55,7.65,0.06224
2499,Line_D,M13,Evening,L027,18.8,45.54,49.37,35.93,56.95,4.711,0.67,36.77,404.71,387.69,17.02,321,299,22,792.23,11.08,0.06854
2500,Line_B,M07,Evening,L018,23.3,49.34,48.94,32.74,53.68,5.124,0.888,28.82,419.16,416.77,2.4,367,360,7,315.05,3.49,0.01907
2501,Line_A,M12,Night,L063,11.8,49.36,49.21,28.46,48.06,5.824,0.662,54.79,399.21,393.67,5.54,277,266,11,399.41,6.26,0.03971
2502,Line_C,M11,Night,L050,36.4,53.79,57.58,29.97,25.0,5.07,1.1,79.49,418.1,391.37,26.72,332,311,21,860.63,13.11,0.06325
2503,Line_D,M13,Night,L081,25.4,51.96,54.44,25.43,56.08,5.56,1.267,6.8,437.25,429.81,7.44,328,307,21,871.72,11.37,0.06402
2504,Line_D,M12,Night,L078,44.5,50.05,51.17,30.67,56.93,5.384,1.072,39.9,417.38,412.83,4.55,338,325,13,535.72,7.19,0.03846
2505,Line_A,M11,Evening,L054,36.0,49.7,50.6,29.65,47.72,4.805,0.68,10.87,418.06,408.66,9.4,399,389,10,456.76,5.46,0.02506
2506,Line_A,M07,Night,L103,18.1,53.48,57.88,30.3,45.28,4.901,0.978,56.12,432.98,428.99,3.99,190,178,12,593.65,3.97,0.06316
2507,Line_D,M14,Night,L081,33.3,47.52,52.23,25.72,52.21,4.813,1.184,23.19,436.36,434.36,2.01,225,217,8,256.7,4.49,0.03556
2508,Line_D,M12,Evening,L070,21.9,49.41,49.92,34.74,53.41,5.323,0.817,30.58,416.55,408.59,7.96,217,212,5,184.96,2.54,0.02304
2509,Line_C,M03,Morning,L049,28.7,53.18,56.08,32.75,67.93,4.328,1.131,48.52,386.39,380.8,5.59,385,352,33,1203.67,15.88,0.08571
2510,Line_C,M05,Night,L039,18.9,40.17,40.58,34.13,25.0,5.326,1.072,9.9,416.17,403.74,12.43,196,184,12,567.56,7.98,0.06122
2511,Line_B,M05,Morning,L045,19.0,47.98,45.29,35.8,43.53,5.022,0.776,99.9,430.42,404.11,26.31,322,306,16,806.45,11.59,0.04969
2512,Line_B,M05,Morning,L098,23.2,56.52,57.54,30.36,37.56,4.829,0.867,49.68,433.92,428.29,5.63,339,332,7,309.98,4.55,0.02065
2513,Line_A,M12,Night,L089,22.5,47.08,53.43,32.62,54.38,5.307,0.688,84.53,445.34,429.02,16.32,418,404,14,455.44,10.52,0.03349
2514,Line_A,M01,Morning,L023,10.2,44.05,46.13,24.63,46.67,4.711,0.741,52.7,434.5,430.17,4.34,250,247,3,139.46,1.95,0.012
2515,Line_A,M05,Morning,L024,27.4,53.33,58.33,37.42,56.05,4.867,0.996,87.05,394.31,386.7,7.61,197,195,2,88.54,1.42,0.01015
2516,Line_D,M08,Night,L090,28.2,50.68,48.95,25.4,49.36,5.584,1.025,25.78,418.35,409.2,9.16,323,312,11,541.23,5.43,0.03406
2517,Line_A,M03,Morning,L099,29.8,45.69,44.48,35.51,65.39,5.237,0.733,28.57,435.22,433.43,1.79,283,281,2,62.66,0.92,0.00707
2518,Line_A,M04,Evening,L086,19.5,49.05,53.4,32.54,42.17,5.361,0.882,91.5,409.57,372.15,37.42,193,186,7,279.44,3.29,0.03627
2519,Line_C,M07,Morning,L016,5.8,45.57,45.35,34.7,54.76,4.245,0.863,86.38,383.85,353.33,30.52,284,255,29,1388.03,19.57,0.10211
2520,Line_A,M10,Evening,L085,18.6,46.15,47.99,25.47,55.07,5.418,0.854,20.33,401.55,394.66,6.89,392,386,6,261.44,3.01,0.01531
2521,Line_A,M06,Night,L108,21.5,48.21,49.38,27.91,51.8,5.027,0.981,21.18,426.55,419.99,6.56,376,362,14,540.51,8.64,0.03723
2522,Line_C,M16,Night,L028,53.6,42.75,42.71,26.84,54.89,5.285,0.471,70.94,429.93,415.34,14.59,400,377,23,930.07,15.87,0.0575
2523,Line_B,M07,Evening,L006,25.7,51.51,57.79,29.05,55.03,5.587,0.778,10.63,419.52,406.76,12.76,288,278,10,420.97,5.17,0.03472
2524,Line_C,M16,Evening,L060,15.9,54.87,57.25,26.77,49.59,5.809,0.721,19.13,407.88,389.03,18.86,394,378,16,736.73,7.27,0.04061
2525,Line_D,M10,Evening,L078,25.3,52.81,50.2,34.3,50.78,5.002,1.012,11.2,417.42,407.04,10.38,224,222,2,98.08,1.22,0.00893
2526,Line_A,M06,Morning,L013,11.2,53.87,62.2,30.2,44.1,5.458,0.863,54.85,418.58,399.85,18.74,328,319,9,433.84,3.17,0.02744
2527,Line_D,M02,Night,L086,2.8,45.46,43.7,24.24,57.45,5.387,0.867,54.66,432.02,428.23,3.79,368,347,21,834.34,9.24,0.05707
2528,Line_D,M12,Night,L032,24.1,52.2,51.21,32.7,30.7,4.317,0.788,36.57,401.63,398.98,2.65,218,207,11,474.79,6.65,0.05046
2529,Line_D,M09,Morning,L042,30.4,44.94,49.14,32.78,48.47,4.76,0.526,31.14,404.71,377.44,27.27,317,313,4,150.29,2.18,0.01262
2530,Line_C,M16,Evening,L042,17.5,50.62,50.26,27.61,69.61,5.347,0.877,55.05,430.63,427.75,2.88,354,336,18,653.06,7.92,0.05085
2531,Line_C,M16,Morning,L083,18.1,48.32,51.43,30.64,61.73,4.855,1.306,41.88,394.73,329.63,65.1,318,305,13,631.62,9.53,0.04088
2532,Line_C,M09,Morning,L015,40.6,45.62,42.53,33.11,57.37,5.314,1.132,65.82,429.3,418.95,10.35,296,282,14,604.3,5.96,0.0473
2533,Line_C,M04,Evening,L004,12.6,49.11,52.32,29.31,68.7,5.789,0.719,14.24,412.23,393.51,18.72,279,258,21,759.3,14.08,0.07527
2534,Line_A,M06,Morning,L103,47.8,45.18,49.15,36.94,47.03,6.269,0.576,38.58,432.01,421.03,10.98,224,218,6,265.47,1.87,0.02679
2535,Line_D,M02,Morning,L098,39.8,47.28,50.29,26.45,50.87,5.824,1.175,111.03,398.14,390.71,7.42,292,286,6,249.17,4.05,0.02055
2536,Line_C,M03,Evening,L027,28.0,51.29,54.11,30.57,53.49,4.734,0.917,49.38,404.65,393.12,11.53,404,385,19,760.64,9.89,0.04703
2537,Line_D,M07,Evening,L001,39.3,44.46,45.92,38.76,56.02,5.639,1.155,74.85,426.71,412.02,14.69,309,295,14,526.13,6.48,0.04531
2538,Line_B,M03,Morning,L017,17.7,53.42,50.54,35.75,46.53,5.235,0.535,11.72,430.15,424.84,5.31,309,295,14,564.38,9.02,0.04531
2539,Line_A,M14,Evening,L080,19.5,44.38,40.92,32.7,44.78,5.573,0.694,19.94,416.36,410.05,6.32,228,226,2,94.32,0.7,0.00877
2540,Line_B,M14,Night,L006,9.0,48.56,45.32,38.48,69.47,5.329,0.838,45.97,403.1,392.37,10.73,367,334,33,1291.04,11.06,0.08992
2541,Line_B,M03,Morning,L116,25.4,47.48,47.96,30.33,53.8,5.442,1.006,16.11,403.14,399.14,4.0,272,270,2,87.78,1.01,0.00735
2542,Line_B,M05,Morning,L105,25.3,50.13,50.01,33.99,65.53,5.198,0.745,17.0,416.45,411.94,4.51,281,276,5,218.26,2.75,0.01779
2543,Line_B,M14,Evening,L047,37.0,45.71,43.88,32.13,47.69,4.712,0.659,13.66,416.91,408.18,8.73,410,397,13,598.97,4.9,0.03171
2544,Line_A,M05,Morning,L052,17.0,49.22,53.42,35.6,50.82,5.078,0.828,20.93,424.74,416.53,8.21,330,324,6,286.56,3.89,0.01818
2545,Line_C,M05,Night,L072,7.0,41.98,46.42,33.17,38.29,5.227,0.794,25.4,436.6,429.96,6.64,203,188,15,700.97,8.73,0.07389
2546,Line_B,M12,Morning,L119,19.1,48.78,48.72,31.07,56.21,5.796,0.643,80.68,457.83,440.61,17.22,416,402,14,491.38,6.98,0.03365
2547,Line_D,M07,Morning,L047,25.2,43.79,47.52,32.02,50.53,4.79,1.142,23.89,445.33,433.24,12.09,230,228,2,88.55,1.36,0.0087
2548,Line_A,M14,Morning,L109,19.2,54.39,60.31,33.08,46.5,5.1,0.787,24.1,405.26,401.57,3.69,311,307,4,163.6,2.45,0.01286
2549,Line_B,M09,Morning,L093,5.2,44.02,41.52,31.72,53.76,5.041,0.716,16.21,429.79,418.87,10.92,243,236,7,316.87,2.89,0.02881
2550,Line_B,M04,Morning,L087,16.7,47.85,53.38,27.93,51.35,4.974,0.793,54.72,419.14,405.39,13.74,403,384,19,889.6,9.2,0.04715
2551,Line_C,M03,Evening,L008,29.9,46.61,46.46,30.67,49.15,5.472,0.875,34.29,416.47,408.37,8.1,336,318,18,805.34,7.61,0.05357
2552,Line_B,M12,Morning,L014,38.9,50.17,54.82,24.16,59.26,5.105,0.413,9.66,412.28,402.89,9.39,355,347,8,362.12,4.91,0.02254
2553,Line_C,M08,Evening,L048,13.8,46.73,48.68,33.22,43.04,4.84,0.709,14.62,453.06,446.99,6.07,220,203,17,600.76,9.42,0.07727
2554,Line_D,M08,Evening,L069,7.0,47.63,45.29,25.44,50.86,4.971,0.647,62.1,433.81,428.98,4.83,261,255,6,275.76,4.19,0.02299
2555,Line_B,M11,Morning,L095,25.8,43.97,47.56,33.47,48.97,4.575,1.143,18.76,403.77,393.99,9.79,209,205,4,156.58,2.47,0.01914
2556,Line_C,M05,Evening,L061,19.4,48.9,48.8,31.28,52.97,5.289,0.932,50.79,406.13,398.84,7.3,263,253,10,500.9,4.83,0.03802
2557,Line_A,M16,Morning,L080,26.0,48.91,48.51,28.89,44.32,5.359,1.045,57.59,417.07,406.19,10.88,188,184,4,151.38,1.85,0.02128
2558,Line_A,M09,Evening,L112,26.7,46.47,51.39,30.71,63.44,5.444,1.058,18.96,435.3,417.44,17.86,276,264,12,437.01,7.46,0.04348
2559,Line_B,M14,Night,L041,5.7,53.82,42.39,39.95,42.03,5.197,0.741,30.81,415.59,412.72,2.86,197,183,14,583.16,5.38,0.07107
2560,Line_A,M13,Night,L026,17.3,46.1,54.45,32.17,64.0,4.799,1.167,6.88,429.31,383.92,45.39,264,251,13,520.6,6.63,0.04924
2561,Line_C,M10,Night,L106,18.6,39.79,40.58,23.59,51.82,5.551,1.234,8.11,416.71,412.08,4.63,219,197,22,1057.89,14.14,0.10046
2562,Line_C,M02,Evening,L050,33.6,48.82,53.58,25.96,61.3,4.81,1.151,10.28,424.03,418.27,5.76,181,172,9,350.1,3.87,0.04972
2563,Line_C,M12,Morning,L005,14.5,49.86,47.67,32.85,58.25,5.729,0.815,12.12,406.8,398.2,8.6,348,336,12,499.05,6.43,0.03448
2564,Line_B,M02,Evening,L106,52.5,41.37,40.31,25.27,46.5,5.411,0.927,5.65,427.67,409.86,17.81,386,376,10,361.72,6.35,0.02591
2565,Line_C,M12,Night,L033,29.5,44.68,43.14,28.8,51.97,5.115,1.053,56.84,429.23,426.07,3.17,336,321,15,721.21,5.73,0.04464
2566,Line_B,M15,Night,L021,20.6,44.64,44.71,25.26,60.79,4.963,0.639,31.59,399.72,397.8,1.92,314,306,8,294.04,3.93,0.02548
2567,Line_A,M09,Evening,L079,41.5,45.95,45.89,34.25,58.05,5.922,0.721,73.52,439.31,410.15,29.16,396,380,16,633.97,9.29,0.0404
2568,Line_A,M16,Night,L093,8.4,48.88,44.87,31.89,50.59,5.485,0.996,21.32,428.61,425.38,3.23,319,310,9,357.27,4.52,0.02821
2569,Line_C,M11,Morning,L027,11.3,51.04,45.03,36.4,50.41,5.495,0.891,6.33,411.82,409.52,2.3,337,318,19,791.12,17.1,0.05638
2570,Line_D,M09,Morning,L026,8.1,47.06,47.61,28.08,33.96,4.967,0.818,90.95,431.13,404.13,27.0,247,236,11,402.97,8.85,0.04453
2571,Line_A,M09,Night,L017,60.6,50.84,56.19,28.98,56.33,5.585,0.746,64.96,387.41,363.8,23.6,241,225,16,696.37,10.13,0.06639
2572,Line_C,M03,Night,L080,13.2,47.6,46.78,34.92,56.56,5.434,0.867,30.64,417.64,410.1,7.55,301,283,18,678.41,10.57,0.0598
2573,Line_C,M02,Night,L074,13.2,42.01,45.68,28.29,39.6,4.488,1.034,27.15,428.28,392.87,35.4,401,381,20,730.01,11.32,0.04988
2574,Line_D,M02,Morning,L110,15.5,45.14,51.64,30.4,58.25,4.649,1.079,55.1,436.04,435.17,0.87,356,337,19,764.82,7.24,0.05337
2575,Line_C,M15,Morning,L047,12.6,44.99,44.84,32.29,45.93,5.101,0.754,45.59,402.5,387.12,15.38,299,291,8,327.36,3.46,0.02676
2576,Line_C,M03,Morning,L047,11.5,48.81,47.18,36.58,59.2,5.359,1.153,36.5,360.0,355.07,4.93,283,270,13,481.38,7.22,0.04594
2577,Line_C,M11,Morning,L061,26.3,46.96,51.39,34.9,46.17,5.396,1.134,45.39,439.09,430.27,8.81,264,247,17,544.92,11.09,0.06439
2578,Line_D,M05,Morning,L095,15.5,45.61,50.12,27.58,49.47,6.271,1.027,40.48,431.06,422.8,8.26,288,278,10,442.7,6.84,0.03472
2579,Line_A,M07,Morning,L068,13.7,45.79,45.73,34.2,52.65,5.779,0.831,49.74,437.01,419.78,17.22,261,259,2,85.66,1.15,0.00766
2580,Line_D,M11,Morning,L016,22.0,51.12,48.87,35.49,50.6,5.233,0.963,56.68,389.66,383.46,6.2,293,288,5,267.35,3.32,0.01706
2581,Line_A,M14,Night,L032,8.5,48.39,55.12,24.2,43.94,4.209,0.851,42.08,418.68,392.33,26.35,229,218,11,407.55,6.32,0.04803
2582,Line_D,M02,Morning,L016,14.7,54.65,58.56,37.96,58.5,5.464,0.612,21.03,404.73,399.64,5.08,290,282,8,299.76,5.36,0.02759
2583,Line_A,M09,Morning,L088,24.1,51.27,52.52,23.73,55.15,5.194,1.185,55.07,422.29,411.0,11.29,403,379,24,850.95,13.6,0.05955
2584,Line_A,M03,Evening,L037,11.4,57.03,56.96,36.61,64.88,5.438,0.577,20.09,388.29,370.09,18.19,413,400,13,471.7,7.17,0.03148
2585,Line_A,M04,Night,L098,27.2,49.21,49.77,26.84,34.78,4.726,0.913,10.96,442.52,424.19,18.33,210,199,11,497.72,4.55,0.05238
2586,Line_B,M12,Evening,L094,46.7,51.64,49.99,26.12,43.81,4.734,0.753,48.99,427.53,422.85,4.69,230,225,5,180.46,1.61,0.02174
2587,Line_B,M01,Evening,L080,6.0,44.23,50.07,39.35,72.03,6.08,0.967,63.63,404.43,395.09,9.34,403,364,39,1870.35,20.58,0.09677
2588,Line_A,M05,Evening,L051,28.2,47.34,46.79,23.21,63.98,4.434,0.344,60.98,435.74,434.08,1.66,415,399,16,590.36,11.63,0.03855
2589,Line_B,M09,Morning,L119,29.7,43.84,41.78,31.32,47.28,5.316,0.789,70.45,404.3,375.95,28.35,203,190,13,542.93,6.81,0.06404
2590,Line_B,M04,Night,L028,29.3,50.05,52.76,35.45,48.62,5.669,0.555,58.98,409.72,379.8,29.92,374,355,19,712.63,9.18,0.0508
2591,Line_C,M07,Morning,L048,27.4,45.96,48.25,24.85,55.71,5.13,0.975,46.12,417.95,392.54,25.41,325,313,12,422.77,4.84,0.03692
2592,Line_D,M10,Night,L095,12.2,50.18,49.25,33.07,43.46,4.698,1.005,25.93,417.92,415.86,2.06,350,330,20,600.0,12.42,0.05714
2593,Line_C,M15,Night,L019,16.0,50.43,53.18,28.48,57.09,5.317,1.1,14.68,417.14,416.21,0.92,296,282,14,661.87,8.45,0.0473
2594,Line_A,M02,Morning,L095,22.8,51.07,51.28,29.11,53.98,5.156,0.941,49.4,454.82,448.1,6.72,272,268,4,120.0,2.53,0.01471
2595,Line_B,M09,Morning,L011,9.0,52.09,57.07,31.16,63.94,6.064,1.201,22.35,434.37,397.92,36.46,210,199,11,473.64,6.6,0.05238
2596,Line_D,M11,Night,L089,33.7,46.55,48.8,30.77,59.17,4.817,1.242,100.26,444.78,428.61,16.17,203,184,19,946.67,10.58,0.0936
2597,Line_A,M08,Night,L113,54.9,53.7,55.83,32.94,35.56,5.547,0.687,50.85,442.6,435.11,7.49,215,214,1,51.7,0.46,0.00465
2598,Line_B,M01,Evening,L116,45.3,51.32,52.88,31.09,49.91,5.11,0.894,40.11,411.75,403.36,8.39,389,374,15,619.1,8.44,0.03856
2599,Line_D,M13,Morning,L094,20.9,43.25,43.84,35.56,49.33,4.701,0.787,19.82,413.91,395.69,18.22,218,204,14,648.69,8.89,0.06422
2600,Line_D,M04,Evening,L102,14.0,51.85,53.51,33.23,51.83,4.894,0.633,21.16,418.64,386.51,32.13,349,334,15,517.2,9.98,0.04298
2601,Line_B,M02,Evening,L115,7.2,52.12,53.96,23.58,46.52,5.369,0.809,40.29,430.41,425.32,5.09,234,227,7,324.44,5.34,0.02991
2602,Line_C,M08,Evening,L032,28.0,44.36,44.32,32.09,39.36,4.672,0.964,10.77,445.87,430.15,15.73,417,384,33,1263.71,19.74,0.07914
2603,Line_B,M04,Night,L047,18.5,52.11,60.12,34.5,45.7,4.722,1.187,35.19,432.36,411.89,20.47,325,300,25,1235.59,16.84,0.07692
2604,Line_C,M11,Morning,L054,24.1,48.96,50.63,29.22,46.19,5.655,0.879,42.53,423.09,408.18,14.9,206,198,8,337.73,4.0,0.03883
2605,Line_A,M09,Night,L090,6.0,53.7,53.04,30.54,56.89,5.648,0.653,6.3,422.74,414.39,8.35,341,333,8,258.96,5.58,0.02346
2606,Line_A,M04,Evening,L038,17.4,51.33,46.13,30.81,61.03,5.785,0.785,14.55,413.87,406.74,7.13,344,330,14,502.0,7.56,0.0407
2607,Line_C,M15,Morning,L084,10.2,58.74,62.74,26.94,53.5,5.029,0.826,5.98,418.22,399.0,19.23,404,390,14,486.73,9.52,0.03465
2608,Line_A,M15,Evening,L104,22.4,52.59,56.77,31.96,54.78,5.184,1.17,18.32,409.03,402.75,6.28,194,186,8,347.29,5.22,0.04124
2609,Line_C,M06,Evening,L019,24.3,47.34,45.6,29.03,55.4,5.115,1.076,30.31,442.03,439.01,3.02,204,200,4,193.32,2.13,0.01961
2610,Line_B,M15,Evening,L118,28.6,47.0,48.17,33.83,61.19,3.956,1.228,55.98,394.25,390.36,3.89,234,218,16,567.88,9.11,0.06838
2611,Line_D,M06,Evening,L096,15.3,46.86,46.17,30.08,49.67,5.187,0.697,24.93,438.86,422.75,16.11,304,295,9,398.78,5.98,0.02961
2612,Line_D,M08,Night,L106,33.5,42.54,45.69,31.05,49.7,4.379,0.536,77.25,410.19,389.42,20.77,348,329,19,701.9,6.41,0.0546
2613,Line_B,M10,Evening,L045,21.4,47.05,44.32,40.84,54.68,4.821,0.936,39.0,425.62,411.55,14.07,369,352,17,737.62,10.2,0.04607
2614,Line_C,M05,Morning,L059,27.7,42.27,40.9,29.37,45.26,5.123,0.813,91.69,417.84,402.89,14.95,390,364,26,1205.86,19.42,0.06667
2615,Line_A,M10,Evening,L099,19.9,44.57,43.95,30.3,44.28,5.917,1.464,67.63,444.7,433.99,10.71,215,205,10,431.78,6.18,0.04651
2616,Line_B,M02,Morning,L050,15.3,45.98,50.53,34.91,61.57,5.084,1.39,80.02,433.88,427.51,6.37,262,247,15,750.26,7.36,0.05725
2617,Line_A,M10,Morning,L095,27.9,46.12,43.13,29.33,40.08,5.097,0.619,34.38,377.64,368.74,8.9,264,260,4,151.61,1.78,0.01515
2618,Line_D,M16,Night,L109,19.6,55.49,51.31,25.4,41.39,5.204,1.084,46.81,415.1,413.14,1.96,331,320,11,485.27,6.14,0.03323
2619,Line_D,M06,Evening,L004,37.4,46.77,44.4,28.5,42.94,5.168,1.236,24.71,437.13,429.09,8.04,406,394,12,515.42,5.35,0.02956
2620,Line_D,M03,Morning,L022,11.0,41.71,40.16,30.59,46.07,5.46,0.943,11.39,387.02,378.52,8.49,347,339,8,362.35,4.17,0.02305
2621,Line_D,M10,Morning,L101,14.6,47.07,48.23,38.53,45.88,5.073,0.705,42.05,418.66,411.69,6.97,385,373,12,537.31,7.6,0.03117
2622,Line_D,M05,Evening,L073,17.3,48.94,49.89,34.16,32.48,5.705,0.939,54.24,431.7,430.69,1.0,322,316,6,235.89,4.58,0.01863
2623,Line_A,M12,Night,L117,33.6,47.55,46.52,39.4,44.48,5.415,0.534,9.59,452.48,448.97,3.51,371,357,14,621.95,8.56,0.03774
2624,Line_D,M06,Night,L101,26.5,50.17,55.7,29.81,50.47,5.777,0.846,19.16,419.21,400.88,18.33,389,371,18,747.11,8.65,0.04627
2625,Line_C,M02,Evening,L086,25.0,47.98,46.58,25.64,38.18,5.081,0.867,79.42,408.32,370.86,37.46,187,180,7,298.25,5.28,0.03743
2626,Line_B,M05,Night,L059,17.5,57.61,56.99,27.37,57.97,4.467,1.163,16.93,423.28,420.15,3.12,349,330,19,706.04,9.23,0.05444
2627,Line_C,M14,Evening,L099,31.1,53.42,55.38,30.95,45.44,5.247,1.241,88.99,398.0,384.81,13.19,338,311,27,945.23,19.58,0.07988
2628,Line_B,M01,Night,L104,21.5,47.09,50.88,27.92,61.28,4.965,1.27,58.19,417.78,406.65,11.13,379,356,23,760.77,9.37,0.06069
2629,Line_B,M15,Night,L054,13.5,48.84,50.53,32.6,63.38,4.628,0.725,54.87,432.18,420.35,11.83,189,179,10,438.15,4.71,0.05291
2630,Line_A,M04,Evening,L020,24.6,49.42,41.75,26.06,46.87,4.544,1.02,32.31,422.81,400.54,22.27,400,376,24,943.49,12.35,0.06
2631,Line_A,M05,Morning,L042,17.4,56.68,60.85,27.07,48.63,5.306,0.933,69.81,401.98,389.82,12.16,319,317,2,81.03,1.45,0.00627
2632,Line_B,M12,Night,L001,13.8,47.65,51.02,25.04,60.99,4.655,0.993,16.14,413.23,405.21,8.02,358,332,26,1227.62,12.07,0.07263
2633,Line_D,M15,Night,L049,10.9,42.41,45.09,28.71,58.94,5.607,0.99,28.35,424.33,411.01,13.32,296,281,15,536.68,7.88,0.05068
2634,Line_C,M04,Evening,L110,26.3,49.25,53.07,21.95,53.9,5.315,0.808,12.01,431.74,397.98,33.76,185,173,12,513.56,6.95,0.06486
2635,Line_C,M15,Night,L082,37.6,48.26,51.76,30.16,46.01,5.0,0.973,26.43,425.8,391.97,33.84,289,269,20,909.65,8.47,0.0692
2636,Line_B,M13,Evening,L098,16.7,50.22,50.96,34.73,44.03,4.605,0.784,31.17,429.04,410.18,18.86,230,209,21,759.75,9.74,0.0913
2637,Line_B,M01,Morning,L120,29.6,55.35,57.35,26.33,66.32,5.353,0.997,60.21,411.83,398.77,13.06,289,280,9,379.78,4.92,0.03114
2638,Line_A,M07,Night,L103,9.0,52.81,49.19,35.61,63.73,5.687,0.946,31.32,410.4,402.13,8.27,384,356,28,1218.0,14.18,0.07292
2639,Line_D,M05,Evening,L020,38.1,48.35,51.89,36.55,39.17,5.835,1.005,14.17,447.19,429.19,18.01,250,242,8,240.0,3.64,0.032
2640,Line_A,M02,Night,L004,26.4,53.47,54.96,34.44,47.97,4.988,0.888,43.36,418.01,403.91,14.1,308,296,12,566.33,7.25,0.03896
2641,Line_C,M15,Morning,L094,27.1,39.69,39.87,28.79,58.41,5.797,0.965,104.78,423.23,410.06,13.17,361,339,22,660.36,13.58,0.06094
2642,Line_C,M14,Night,L096,22.3,53.06,52.62,31.66,43.63,5.257,1.19,61.63,422.94,402.56,20.38,207,192,15,644.36,12.05,0.07246
2643,Line_C,M14,Morning,L115,11.4,47.35,43.56,30.31,51.03,5.477,0.504,51.22,436.89,422.51,14.39,375,358,17,829.68,7.62,0.04533
2644,Line_D,M11,Morning,L099,40.5,52.49,55.86,32.93,61.07,4.924,0.663,10.19,433.73,432.25,1.48,196,193,3,127.28,1.86,0.01531
2645,Line_B,M12,Evening,L062,52.5,52.24,57.56,33.02,57.57,5.312,1.03,20.95,442.15,424.3,17.85,184,179,5,236.8,1.72,0.02717
2646,Line_D,M10,Morning,L034,22.9,43.48,39.55,33.82,52.89,6.02,1.235,27.3,423.29,420.82,2.47,344,330,14,561.55,5.91,0.0407
2647,Line_C,M01,Evening,L119,20.2,54.72,54.31,39.82,41.11,5.291,0.92,56.37,406.06,383.03,23.03,222,210,12,463.41,7.42,0.05405
2648,Line_D,M03,Evening,L103,18.7,45.92,48.66,33.35,65.88,5.543,0.598,9.18,434.27,427.54,6.73,399,381,18,786.23,16.1,0.04511
2649,Line_C,M15,Night,L117,20.6,38.05,40.45,32.18,55.94,5.744,1.152,27.64,443.96,439.56,4.41,255,243,12,631.97,5.93,0.04706
2650,Line_D,M10,Night,L087,17.5,50.66,50.69,31.94,53.18,5.298,1.258,48.24,402.6,393.76,8.85,367,346,21,971.9,6.95,0.05722
2651,Line_D,M06,Morning,L093,14.7,43.41,40.4,29.97,66.48,4.704,0.783,38.07,417.51,400.81,16.7,271,260,11,488.99,6.87,0.04059
2652,Line_B,M13,Night,L002,19.8,51.08,53.51,32.65,73.19,4.555,0.897,18.99,403.36,372.6,30.76,372,332,40,1508.24,18.57,0.10753
2653,Line_D,M09,Night,L102,18.5,47.18,53.94,29.63,55.85,5.82,1.248,48.29,402.67,385.84,16.82,240,221,19,925.1,13.06,0.07917
2654,Line_C,M16,Morning,L118,29.6,49.12,47.48,32.08,66.81,4.459,0.904,59.12,428.48,425.71,2.77,403,379,24,1039.31,9.92,0.05955
2655,Line_B,M08,Morning,L092,18.4,41.87,43.7,31.75,56.83,5.526,1.4,26.13,427.72,416.42,11.3,269,257,12,480.96,8.75,0.04461
2656,Line_D,M11,Morning,L104,32.0,46.78,50.25,32.68,40.44,5.64,0.805,37.57,424.05,409.28,14.77,282,280,2,91.23,1.19,0.00709
2657,Line_B,M16,Night,L085,22.9,46.27,45.84,34.87,40.18,5.853,0.937,156.53,417.11,397.74,19.37,208,187,21,777.46,12.83,0.10096
2658,Line_C,M07,Night,L055,29.7,46.2,46.22,31.58,50.51,5.469,0.794,19.54,402.55,394.8,7.75,241,229,12,492.86,6.51,0.04979
2659,Line_A,M15,Night,L091,16.1,57.57,57.68,27.24,60.2,4.964,0.773,42.73,407.24,405.95,1.29,394,381,13,674.41,5.69,0.03299
2660,Line_A,M14,Morning,L080,49.7,48.85,50.0,32.27,72.18,5.375,1.145,21.44,383.21,370.58,12.63,401,395,6,236.31,4.22,0.01496
2661,Line_D,M01,Evening,L079,11.3,44.78,49.97,29.99,50.39,4.987,0.974,5.58,412.51,405.09,7.42,273,264,9,378.29,6.83,0.03297
2662,Line_B,M01,Night,L070,15.7,43.49,41.04,35.6,62.77,5.154,0.566,38.4,407.24,399.94,7.29,226,214,12,456.58,9.27,0.0531
2663,Line_B,M02,Morning,L031,26.1,46.66,47.08,31.21,57.08,5.45,1.028,33.31,434.81,411.32,23.49,184,180,4,163.62,2.07,0.02174
2664,Line_A,M07,Evening,L119,19.3,57.14,54.02,37.94,37.69,4.962,1.217,22.04,438.34,433.22,5.13,215,200,15,693.87,6.61,0.06977
2665,Line_B,M13,Morning,L048,18.6,50.39,57.73,31.42,47.02,5.234,1.185,9.1,420.09,375.38,44.71,345,326,19,808.99,10.89,0.05507
2666,Line_D,M12,Night,L009,28.1,39.67,38.52,32.6,51.37,5.04,0.815,12.72,420.5,418.23,2.27,233,226,7,265.83,3.78,0.03004
2667,Line_D,M12,Evening,L047,28.6,39.98,39.91,30.16,43.68,4.952,1.027,73.4,425.27,415.63,9.65,260,249,11,559.63,6.39,0.04231
2668,Line_A,M06,Evening,L049,10.6,46.76,48.46,27.2,41.55,4.869,0.896,41.49,425.05,399.71,25.34,326,321,5,251.09,2.2,0.01534
2669,Line_C,M01,Morning,L078,29.3,62.16,63.29,27.88,46.85,4.757,0.625,9.64,415.25,402.5,12.75,257,248,9,348.36,3.92,0.03502
2670,Line_B,M01,Evening,L057,27.9,41.23,41.69,25.44,52.37,4.373,1.037,4.11,411.4,401.32,10.08,314,302,12,645.54,8.76,0.03822
2671,Line_C,M03,Night,L051,25.2,50.55,50.66,28.96,55.17,5.443,0.955,10.04,424.82,407.2,17.62,209,195,14,454.29,9.58,0.06699
2672,Line_B,M02,Morning,L017,29.0,51.73,45.51,32.92,56.21,5.894,0.975,4.6,419.57,411.15,8.42,258,248,10,408.07,6.22,0.03876
2673,Line_B,M16,Evening,L120,32.3,54.68,59.77,30.34,56.55,5.38,0.765,59.93,415.27,386.15,29.12,207,201,6,348.0,4.31,0.02899
2674,Line_B,M03,Evening,L039,13.7,47.3,48.44,29.97,67.14,5.252,1.038,56.33,461.04,446.92,14.12,360,352,8,411.85,6.01,0.02222
2675,Line_C,M06,Evening,L034,20.4,44.87,43.69,29.03,69.69,4.707,0.788,25.43,444.87,429.55,15.32,263,245,18,666.65,11.29,0.06844
2676,Line_B,M14,Evening,L109,34.5,48.23,51.27,27.28,57.53,4.931,0.737,42.52,432.59,430.93,1.65,226,215,11,447.71,7.38,0.04867
2677,Line_B,M04,Morning,L092,17.6,50.97,54.06,27.44,59.55,4.302,1.016,38.12,394.18,366.31,27.88,376,351,25,1037.44,10.22,0.06649
2678,Line_D,M12,Evening,L070,27.0,48.2,49.72,26.31,46.45,4.939,0.797,46.83,422.47,408.69,13.77,185,181,4,166.97,2.29,0.02162
2679,Line_C,M08,Evening,L092,11.9,45.99,41.0,29.53,53.12,5.143,0.886,44.13,423.44,418.79,4.65,411,400,11,533.56,7.02,0.02676
2680,Line_B,M13,Morning,L114,15.6,48.57,47.46,32.87,55.28,4.714,1.138,34.02,408.96,398.0,10.96,213,204,9,350.17,3.55,0.04225
2681,Line_D,M05,Morning,L012,40.1,54.73,55.11,28.96,44.23,5.252,0.64,69.22,418.4,409.01,9.39,183,179,4,174.9,2.18,0.02186
2682,Line_D,M15,Evening,L003,21.0,54.71,51.99,33.12,47.74,5.372,0.983,8.73,432.77,426.69,6.09,300,291,9,445.59,5.15,0.03
2683,Line_A,M12,Night,L119,24.3,50.79,49.21,28.86,52.02,4.429,1.305,140.31,417.23,396.49,20.74,377,342,35,1293.98,16.27,0.09284
2684,Line_C,M05,Evening,L050,25.3,49.12,47.37,31.92,52.34,4.822,1.246,24.91,392.94,381.2,11.74,297,278,19,784.14,8.2,0.06397
2685,Line_B,M11,Evening,L065,19.7,47.78,46.6,31.14,30.86,4.302,0.246,49.87,387.86,378.48,9.38,374,360,14,576.4,7.51,0.03743
2686,Line_C,M12,Night,L114,21.3,46.59,46.63,31.32,58.07,5.373,0.782,19.45,399.19,397.45,1.73,374,356,18,697.04,10.14,0.04813
2687,Line_A,M16,Evening,L045,25.5,44.4,42.7,34.31,45.73,5.68,1.054,25.94,414.0,406.63,7.37,360,358,2,97.81,1.21,0.00556
2688,Line_C,M06,Morning,L015,11.5,43.25,45.74,28.98,64.29,5.157,1.09,37.52,410.23,403.1,7.14,253,243,10,356.48,4.86,0.03953
2689,Line_A,M16,Night,L079,15.0,42.93,44.64,31.37,51.46,4.786,0.754,26.0,428.5,398.01,30.5,299,287,12,448.73,7.09,0.04013
2690,Line_B,M13,Night,L034,29.1,43.66,43.51,31.22,41.57,5.124,1.073,48.68,413.23,402.74,10.48,376,356,20,968.52,12.57,0.05319
2691,Line_D,M07,Night,L045,30.2,49.0,50.13,30.2,41.91,4.593,1.175,34.96,431.33,401.48,29.85,340,328,12,490.75,5.09,0.03529
2692,Line_B,M12,Morning,L014,11.5,45.55,44.19,29.52,60.28,5.077,0.94,60.89,400.12,388.42,11.7,396,388,8,294.49,4.18,0.0202
2693,Line_D,M10,Evening,L039,24.1,52.67,55.86,29.11,48.81,5.607,0.537,20.18,411.84,400.04,11.81,270,266,4,188.95,2.38,0.01481
2694,Line_D,M16,Evening,L008,19.2,45.79,48.58,29.19,50.96,5.19,0.784,3.59,415.01,410.09,4.91,301,296,5,180.89,2.78,0.01661
2695,Line_D,M01,Evening,L013,23.8,37.55,42.16,28.16,53.05,4.837,0.777,99.09,421.58,388.36,33.23,325,311,14,559.79,9.81,0.04308
2696,Line_A,M13,Morning,L066,16.4,53.21,56.5,24.08,49.32,5.963,0.868,43.26,402.46,396.08,6.37,261,248,13,591.94,3.77,0.04981
2697,Line_D,M14,Morning,L082,18.4,49.87,50.69,35.32,49.83,5.695,0.981,30.25,417.43,412.78,4.65,326,313,13,501.72,7.18,0.03988
2698,Line_A,M01,Morning,L103,22.7,56.09,58.49,26.43,43.33,5.369,1.16,17.77,425.9,423.24,2.66,202,190,12,592.6,4.57,0.05941
2699,Line_B,M09,Morning,L074,33.9,47.02,47.7,29.9,55.49,4.355,0.693,33.27,411.53,398.57,12.96,375,348,27,1161.88,18.18,0.072
2700,Line_D,M12,Evening,L118,25.0,53.29,52.7,31.59,56.52,5.213,1.323,22.21,408.78,400.26,8.52,212,200,12,470.92,4.25,0.0566
2701,Line_C,M14,Morning,L096,18.0,55.91,54.68,26.42,53.7,5.122,1.173,33.06,385.16,384.23,0.93,249,239,10,447.03,5.22,0.04016
2702,Line_C,M02,Evening,L090,16.8,43.19,42.88,29.76,54.71,5.544,0.861,31.59,415.46,407.22,8.24,231,220,11,514.38,5.53,0.04762
2703,Line_B,M05,Morning,L033,51.5,45.07,45.08,34.81,50.21,5.331,1.188,20.39,406.68,402.34,4.34,203,200,3,137.34,1.94,0.01478
2704,Line_D,M09,Evening,L004,36.8,49.95,50.2,29.19,46.88,5.318,0.796,29.82,418.88,398.91,19.97,364,347,17,696.66,9.42,0.0467
2705,Line_C,M11,Night,L102,21.3,51.48,49.96,32.63,52.17,5.546,0.92,32.59,431.41,413.82,17.59,223,210,13,463.42,7.17,0.0583
2706,Line_B,M03,Evening,L087,21.4,60.0,60.42,30.57,64.99,4.973,0.982,7.16,438.92,433.48,5.44,373,365,8,330.67,2.95,0.02145
2707,Line_D,M14,Morning,L107,27.1,43.11,42.32,31.69,77.91,4.734,0.673,63.4,431.84,429.47,2.38,264,246,18,764.35,12.85,0.06818
2708,Line_A,M08,Morning,L033,20.5,40.46,43.68,35.05,62.01,5.745,1.214,36.22,413.9,412.24,1.66,266,258,8,361.54,4.15,0.03008
2709,Line_A,M07,Night,L051,13.3,50.84,49.88,27.99,51.99,4.836,0.702,56.86,451.09,446.99,4.1,391,380,11,501.98,6.31,0.02813
2710,Line_C,M13,Evening,L082,7.0,41.99,40.78,33.17,63.01,5.211,0.926,38.72,417.63,411.18,6.45,244,229,15,641.67,6.44,0.06148
2711,Line_D,M09,Evening,L003,9.3,46.58,51.85,26.71,47.97,4.716,0.543,98.18,390.34,366.66,23.68,415,390,25,1038.14,15.95,0.06024
2712,Line_A,M05,Evening,L072,20.2,51.16,56.97,37.41,56.53,5.045,0.982,50.83,424.71,409.04,15.67,338,317,21,903.5,10.32,0.06213
2713,Line_A,M07,Morning,L026,24.6,54.44,51.53,33.07,38.73,5.212,0.688,14.03,437.85,424.44,13.41,263,263,0,0.0,0.0,0.0
2714,Line_A,M03,Morning,L022,17.5,56.36,56.62,27.51,50.24,5.658,0.629,16.8,438.57,434.77,3.8,376,371,5,176.92,1.97,0.0133
2715,Line_D,M14,Night,L065,16.6,57.31,55.42,33.08,43.36,5.896,0.601,52.96,420.83,415.0,5.83,417,397,20,754.78,9.17,0.04796
2716,Line_A,M06,Morning,L067,7.0,44.89,49.9,33.42,59.2,5.238,0.9,41.75,406.13,402.02,4.11,414,407,7,314.98,3.29,0.01691
2717,Line_B,M06,Evening,L090,19.0,45.3,44.59,24.39,44.01,5.858,0.573,7.93,405.81,405.44,0.37,188,183,5,238.33,2.75,0.0266
2718,Line_D,M03,Morning,L062,22.0,51.65,52.11,31.9,52.49,4.924,0.9,6.78,434.76,418.33,16.43,235,230,5,199.65,2.76,0.02128
2719,Line_A,M06,Evening,L075,22.4,50.08,47.66,24.65,68.24,5.419,0.803,70.88,431.14,424.81,6.33,365,356,9,365.63,4.63,0.02466
2720,Line_C,M03,Evening,L035,17.2,53.05,54.05,28.09,59.13,5.035,0.763,54.23,423.64,399.94,23.7,342,317,25,1126.01,20.37,0.0731
2721,Line_B,M01,Evening,L085,57.8,51.36,55.0,29.24,57.14,5.517,0.84,3.4,420.67,413.23,7.44,377,369,8,387.09,4.9,0.02122
2722,Line_D,M12,Morning,L052,29.5,43.89,43.97,30.29,56.21,5.28,0.933,36.35,424.6,419.05,5.55,199,194,5,229.39,2.77,0.02513
2723,Line_B,M07,Morning,L075,29.6,43.11,41.08,33.03,52.14,4.641,1.135,5.97,436.65,424.02,12.63,210,202,8,354.51,3.88,0.0381
2724,Line_B,M12,Evening,L065,9.5,50.88,53.54,31.46,64.75,6.136,1.183,18.45,418.89,401.63,17.26,324,308,16,656.07,5.76,0.04938
2725,Line_A,M04,Evening,L052,24.3,54.59,53.92,31.22,42.63,4.379,0.587,32.93,437.64,421.94,15.7,408,386,22,976.03,11.52,0.05392
2726,Line_C,M09,Evening,L027,8.3,50.7,50.37,25.69,37.52,5.446,0.828,71.28,446.5,436.23,10.27,193,180,13,509.59,4.76,0.06736
2727,Line_D,M04,Evening,L052,19.4,56.04,59.22,28.23,43.92,4.265,1.262,73.77,436.24,419.59,16.65,380,345,35,1498.49,16.05,0.09211
2728,Line_A,M05,Evening,L075,29.7,46.22,48.24,33.91,66.31,4.905,0.582,26.87,454.18,446.35,7.83,214,209,5,186.53,1.99,0.02336
2729,Line_B,M16,Morning,L021,23.9,54.1,52.33,33.0,54.94,5.406,0.892,57.01,390.05,385.69,4.37,250,242,8,289.71,4.59,0.032
2730,Line_D,M09,Morning,L107,11.4,51.48,47.65,37.9,49.49,4.122,0.617,59.61,423.69,405.42,18.27,340,304,36,1080.0,20.76,0.10588
2731,Line_A,M01,Night,L004,20.8,43.51,42.28,33.43,52.23,4.604,0.392,55.0,391.94,384.87,7.07,293,282,11,462.85,4.93,0.03754
2732,Line_B,M16,Evening,L008,16.1,54.05,57.36,30.54,46.84,5.423,1.091,46.4,411.52,406.91,4.61,291,285,6,249.76,3.4,0.02062
2733,Line_C,M14,Morning,L026,25.9,39.23,41.22,31.54,66.42,4.97,0.868,68.35,448.26,441.41,6.86,193,183,10,300.0,5.76,0.05181
2734,Line_B,M07,Morning,L034,39.5,55.21,54.76,36.73,44.59,5.446,0.743,85.37,421.49,404.48,17.01,212,202,10,432.44,6.62,0.04717
2735,Line_A,M04,Evening,L093,49.5,50.88,57.39,37.48,63.79,4.486,1.137,41.19,389.53,339.24,50.29,307,286,21,943.32,7.51,0.0684
2736,Line_B,M07,Morning,L037,22.3,55.24,50.37,35.07,55.11,4.575,0.859,30.66,403.62,400.11,3.51,258,246,12,535.69,5.04,0.04651
2737,Line_A,M13,Morning,L027,10.5,46.42,51.53,27.79,58.56,5.241,0.962,38.11,425.25,375.28,49.97,220,213,7,329.77,3.58,0.03182
2738,Line_C,M08,Morning,L012,19.4,51.27,56.51,30.45,68.64,5.273,0.947,45.1,413.26,409.8,3.45,195,185,10,406.8,6.03,0.05128
2739,Line_C,M03,Night,L103,28.3,43.11,44.34,31.79,56.29,5.318,0.679,4.29,409.19,398.12,11.07,209,192,17,724.08,9.63,0.08134
2740,Line_C,M03,Evening,L074,11.9,50.35,50.59,30.42,49.73,5.563,0.952,14.1,413.96,408.48,5.47,322,307,15,702.37,8.13,0.04658
2741,Line_A,M16,Night,L003,19.4,55.69,53.07,25.76,55.11,4.918,1.219,18.41,418.81,410.52,8.28,201,191,10,371.64,5.43,0.04975
2742,Line_D,M04,Evening,L020,21.9,41.15,41.12,32.2,70.45,5.13,0.648,29.32,423.79,416.53,7.27,194,181,13,474.67,6.33,0.06701
2743,Line_A,M10,Night,L037,37.3,45.6,49.12,34.51,66.81,4.855,0.823,40.05,416.47,407.16,9.3,410,395,15,707.03,7.37,0.03659
2744,Line_C,M12,Evening,L010,11.3,45.73,48.34,34.79,44.72,4.583,0.776,41.82,402.43,392.57,9.86,318,290,28,1285.58,20.55,0.08805
2745,Line_B,M03,Morning,L096,9.5,47.65,48.05,25.67,47.5,4.572,0.943,23.49,392.96,374.73,18.23,275,260,15,591.59,7.19,0.05455
2746,Line_D,M03,Night,L045,14.8,47.66,49.4,34.68,47.42,5.132,1.064,18.83,430.37,410.55,19.82,365,357,8,406.05,5.13,0.02192
2747,Line_A,M05,Night,L025,12.7,38.35,41.29,28.29,52.91,5.324,1.011,29.74,411.6,392.15,19.45,352,335,17,722.82,10.76,0.0483
2748,Line_A,M10,Night,L086,20.9,45.24,43.04,35.85,39.34,4.204,1.03,17.76,422.14,414.21,7.93,253,238,15,719.46,9.83,0.05929
2749,Line_B,M14,Evening,L091,37.4,47.04,47.43,34.84,56.69,4.406,0.793,31.14,431.17,409.79,21.38,345,328,17,689.82,8.91,0.04928
2750,Line_A,M07,Evening,L012,10.5,40.51,39.21,34.57,43.32,5.391,0.999,25.61,447.93,445.27,2.66,356,350,6,235.76,2.53,0.01685
2751,Line_A,M05,Morning,L031,12.5,51.53,53.56,29.5,53.49,5.461,1.265,111.23,413.52,401.57,11.95,301,281,20,817.98,13.77,0.06645
2752,Line_C,M05,Evening,L036,10.6,45.02,44.74,34.3,66.18,3.85,0.963,47.4,435.19,419.15,16.05,418,388,30,1018.97,16.39,0.07177
2753,Line_D,M13,Night,L035,26.4,49.29,53.46,27.02,45.83,4.88,1.265,3.54,426.44,402.31,24.13,345,321,24,995.76,14.26,0.06957
2754,Line_A,M09,Evening,L091,35.2,51.81,59.39,28.25,39.85,5.07,0.807,32.4,371.09,341.99,29.1,285,276,9,389.0,5.16,0.03158
2755,Line_D,M10,Night,L011,21.4,47.76,44.69,31.61,46.45,5.179,0.225,29.26,407.68,397.38,10.3,225,215,10,469.45,6.24,0.04444
2756,Line_D,M04,Evening,L115,17.4,47.1,45.45,33.18,50.02,4.459,0.411,48.13,411.05,406.75,4.3,304,271,33,990.0,10.9,0.10855
2757,Line_D,M11,Morning,L118,13.0,45.88,44.19,23.11,59.92,5.095,1.127,43.03,395.87,388.54,7.32,392,380,12,526.23,6.5,0.03061
2758,Line_C,M05,Morning,L099,41.1,46.13,48.57,31.97,62.59,5.228,1.039,40.36,440.77,431.93,8.83,347,337,10,464.95,4.27,0.02882
2759,Line_C,M15,Morning,L058,40.2,47.32,47.78,30.31,63.66,5.351,0.971,21.7,426.5,419.28,7.23,186,183,3,148.97,1.72,0.01613
2760,Line_C,M09,Evening,L082,31.0,48.4,47.78,30.16,52.75,4.505,0.887,21.18,413.96,407.41,6.55,197,182,15,497.02,12.6,0.07614
2761,Line_C,M03,Night,L102,19.4,46.98,47.13,28.24,48.62,5.15,1.068,15.17,391.33,385.13,6.2,188,175,13,627.95,7.07,0.06915
2762,Line_D,M11,Night,L080,28.9,41.62,41.73,34.51,53.61,5.505,0.154,31.92,422.11,417.37,4.74,269,260,9,379.01,4.63,0.03346
2763,Line_A,M01,Night,L114,24.5,55.77,57.96,26.1,56.13,4.879,0.762,24.34,434.56,418.43,16.13,238,232,6,271.61,2.2,0.02521
2764,Line_B,M14,Morning,L016,12.1,44.82,46.35,36.07,50.28,5.596,0.673,60.08,429.75,417.11,12.64,192,181,11,489.5,3.02,0.05729
2765,Line_A,M07,Night,L051,37.7,47.1,46.64,27.5,51.47,5.34,1.083,19.97,420.59,415.89,4.7,331,320,11,432.96,5.55,0.03323
2766,Line_D,M14,Night,L059,18.8,44.34,44.31,33.79,57.32,4.768,1.122,76.72,415.55,402.62,12.93,342,327,15,591.17,8.67,0.04386
2767,Line_B,M16,Evening,L068,23.5,54.78,57.36,28.39,45.54,4.771,0.91,24.51,413.19,396.91,16.28,262,258,4,139.03,2.3,0.01527
2768,Line_C,M08,Morning,L025,33.2,52.38,48.41,29.17,59.14,4.917,0.869,74.56,411.44,404.41,7.02,380,367,13,513.04,3.25,0.03421
2769,Line_D,M02,Morning,L016,11.6,51.91,50.09,29.8,46.28,5.317,1.172,7.0,423.44,407.23,16.22,362,353,9,310.44,4.4,0.02486
2770,Line_D,M02,Evening,L095,12.0,45.33,43.8,31.35,51.78,5.133,1.567,47.47,397.37,385.21,12.15,220,210,10,473.45,5.87,0.04545
2771,Line_A,M06,Morning,L053,37.1,53.0,60.46,28.19,40.67,4.65,1.078,42.73,439.31,437.27,2.04,391,380,11,529.02,5.53,0.02813
2772,Line_D,M04,Evening,L101,35.8,53.19,55.79,31.93,32.55,5.636,1.177,98.08,430.95,383.31,47.64,286,274,12,544.83,6.05,0.04196
2773,Line_D,M12,Evening,L102,21.2,40.68,41.16,29.64,58.92,4.906,0.767,75.37,390.94,377.99,12.95,234,223,11,499.45,6.01,0.04701
2774,Line_A,M01,Night,L105,18.6,48.53,49.98,28.77,50.57,5.598,0.785,60.43,408.02,404.34,3.69,299,293,6,253.14,3.41,0.02007
2775,Line_C,M12,Evening,L013,9.8,45.32,44.39,33.48,60.72,5.394,0.855,22.01,433.55,431.29,2.26,408,395,13,608.57,7.81,0.03186
2776,Line_B,M03,Morning,L064,38.2,36.05,35.38,28.49,63.29,5.592,1.016,16.02,426.03,409.18,16.85,408,402,6,266.5,3.4,0.01471
2777,Line_C,M03,Morning,L093,22.2,41.53,41.16,30.61,44.87,5.604,0.913,27.09,422.38,409.75,12.63,282,269,13,577.11,7.94,0.0461
2778,Line_B,M01,Morning,L047,15.5,46.49,50.48,31.0,58.14,4.839,1.035,8.17,388.54,375.63,12.9,287,279,8,334.08,4.71,0.02787
2779,Line_A,M13,Morning,L088,6.8,51.46,56.8,31.25,44.6,6.145,1.229,10.16,392.6,386.0,6.6,400,365,35,1553.25,12.33,0.0875
2780,Line_A,M12,Evening,L026,30.3,51.53,50.05,32.33,45.51,5.225,0.798,82.18,450.02,441.51,8.51,280,277,3,124.94,2.68,0.01071
2781,Line_A,M15,Evening,L112,47.8,43.68,44.44,31.07,51.16,5.475,1.224,53.88,403.73,399.03,4.7,269,262,7,268.73,3.65,0.02602
2782,Line_A,M09,Night,L019,21.2,38.85,40.39,27.81,38.23,4.907,0.595,66.4,398.97,383.71,15.26,358,343,15,753.46,11.82,0.0419
2783,Line_C,M10,Morning,L110,17.0,51.96,52.21,25.36,35.66,5.52,0.516,108.29,418.44,415.16,3.28,227,214,13,641.07,6.71,0.05727
2784,Line_B,M01,Evening,L006,46.3,47.67,51.25,31.72,63.5,4.321,1.07,7.68,409.79,400.86,8.93,192,183,9,382.81,5.55,0.04688
2785,Line_A,M01,Evening,L068,13.5,51.26,56.81,29.86,65.92,5.579,1.008,25.09,424.12,415.03,9.09,226,217,9,358.08,4.25,0.03982
2786,Line_C,M10,Morning,L021,60.2,44.68,42.16,23.93,57.46,4.752,0.704,9.87,440.83,425.9,14.93,239,234,5,201.65,1.44,0.02092
2787,Line_C,M09,Evening,L042,39.2,41.01,37.5,29.88,46.51,4.775,0.772,114.54,416.09,379.65,36.44,338,306,32,1283.33,20.32,0.09467
2788,Line_C,M14,Morning,L034,27.4,39.64,40.61,32.51,56.58,4.975,1.361,28.73,443.27,440.12,3.15,350,333,17,777.3,9.04,0.04857
2789,Line_D,M09,Morning,L085,15.5,46.8,46.97,29.77,47.84,5.968,0.943,61.88,439.55,430.76,8.79,397,380,17,741.83,10.65,0.04282
2790,Line_B,M01,Evening,L007,15.3,43.54,43.98,34.54,38.86,4.367,1.31,53.51,435.4,421.82,13.59,377,352,25,1024.4,12.66,0.06631
2791,Line_D,M11,Evening,L006,42.8,51.09,55.82,26.15,55.31,4.897,1.202,5.75,404.44,401.45,2.99,319,304,15,551.79,7.47,0.04702
2792,Line_A,M03,Evening,L086,14.4,46.87,48.23,30.8,60.16,5.179,0.892,22.12,428.77,415.26,13.51,253,248,5,220.76,2.02,0.01976
2793,Line_C,M15,Night,L067,38.9,55.05,56.33,32.51,41.95,4.995,0.344,70.0,425.96,410.42,15.54,184,173,11,533.12,5.82,0.05978
2794,Line_D,M08,Morning,L040,8.9,47.74,43.15,28.32,45.29,5.326,1.048,16.48,411.03,410.53,0.5,256,251,5,195.88,3.29,0.01953
2795,Line_D,M08,Morning,L032,14.7,49.17,48.27,28.04,46.41,5.141,0.597,49.68,397.07,396.0,1.06,303,298,5,198.32,4.4,0.0165
2796,Line_C,M01,Evening,L114,32.7,49.52,45.41,31.93,43.19,5.066,1.173,23.9,410.38,409.81,0.57,372,363,9,309.39,5.63,0.02419
2797,Line_C,M05,Evening,L005,42.9,44.2,39.83,29.89,56.06,4.809,1.227,89.84,409.83,403.94,5.9,306,284,22,889.64,14.17,0.0719
2798,Line_B,M01,Night,L085,18.8,49.58,53.51,38.46,35.33,5.236,0.641,71.72,410.82,392.96,17.86,373,350,23,1116.47,16.86,0.06166
2799,Line_C,M02,Morning,L034,18.2,40.74,41.79,32.09,47.81,5.283,0.991,27.98,434.01,403.7,30.31,361,351,10,361.59,4.63,0.0277
2800,Line_C,M10,Night,L012,41.2,40.95,44.39,31.95,49.79,4.619,0.625,88.22,420.12,412.87,7.24,296,269,27,1092.04,10.35,0.09122
2801,Line_D,M08,Night,L060,8.7,47.36,49.7,28.82,53.71,5.087,0.957,36.85,430.96,424.26,6.7,223,201,22,1007.52,13.1,0.09865
2802,Line_B,M10,Night,L007,17.9,43.67,42.87,29.58,44.57,5.161,0.966,39.87,407.27,394.19,13.08,210,198,12,495.54,8.01,0.05714
2803,Line_A,M13,Evening,L079,6.7,48.23,53.76,32.4,51.69,4.362,0.771,12.16,405.77,393.98,11.79,358,343,15,764.35,11.31,0.0419
2804,Line_C,M13,Morning,L112,10.6,45.66,44.48,30.03,53.57,4.944,0.762,51.07,418.45,412.76,5.69,320,303,17,793.22,6.78,0.05312
2805,Line_A,M15,Morning,L068,17.9,47.32,45.51,30.62,68.92,5.548,1.077,11.89,443.8,433.61,10.19,319,308,11,503.12,6.55,0.03448
2806,Line_A,M02,Night,L023,23.9,46.13,46.25,34.56,40.04,5.199,0.816,35.94,418.18,404.66,13.53,198,190,8,311.2,3.33,0.0404
2807,Line_B,M02,Night,L019,15.4,49.0,53.09,34.26,50.59,5.357,1.221,29.54,428.25,408.16,20.1,238,230,8,306.26,4.79,0.03361
2808,Line_C,M15,Morning,L091,19.6,59.11,63.89,31.96,46.57,5.099,1.164,32.22,422.34,415.21,7.13,182,172,10,487.9,6.51,0.05495
2809,Line_A,M14,Evening,L001,23.3,43.84,40.9,31.16,49.84,5.275,0.873,10.53,455.25,451.45,3.8,263,259,4,163.6,2.13,0.01521
2810,Line_A,M01,Morning,L081,10.5,51.31,49.16,36.31,61.84,5.816,0.962,42.75,401.94,398.9,3.03,317,308,9,426.94,4.58,0.02839
2811,Line_A,M01,Morning,L067,15.0,46.48,46.12,35.47,58.83,4.997,0.659,55.31,409.04,400.41,8.63,187,183,4,164.36,1.92,0.02139
2812,Line_D,M05,Night,L057,36.5,45.68,47.16,28.89,57.36,5.862,0.781,78.46,428.16,402.75,25.41,398,375,23,938.14,12.51,0.05779
2813,Line_C,M09,Night,L037,10.3,47.21,51.53,28.61,48.05,4.884,0.762,31.62,425.88,388.78,37.1,254,240,14,632.43,9.3,0.05512
2814,Line_A,M01,Evening,L063,11.6,55.52,57.9,31.38,59.74,5.364,0.825,79.32,428.58,419.35,9.23,285,274,11,330.0,4.65,0.0386
2815,Line_A,M08,Night,L082,26.0,43.56,44.09,25.82,37.14,3.977,1.133,32.72,431.08,428.56,2.52,225,218,7,338.9,3.14,0.03111
2816,Line_C,M04,Night,L091,16.3,52.41,55.86,31.18,64.74,5.085,1.173,6.77,427.6,404.8,22.8,371,338,33,1644.02,16.8,0.08895
2817,Line_B,M15,Evening,L010,17.4,47.66,53.76,35.06,46.87,5.543,0.738,42.57,409.12,399.18,9.94,274,266,8,273.86,5.59,0.0292
2818,Line_C,M14,Night,L059,26.9,50.03,56.49,32.39,58.86,5.159,0.787,100.34,369.79,358.04,11.75,415,384,31,1238.77,15.96,0.0747
2819,Line_B,M09,Morning,L100,7.2,48.25,48.77,22.51,42.91,5.458,1.15,59.16,431.75,399.87,31.88,286,273,13,593.28,4.98,0.04545
2820,Line_D,M03,Night,L074,11.0,53.07,56.2,29.33,49.97,5.635,0.579,23.54,449.43,435.71,13.73,411,395,16,562.56,6.67,0.03893
2821,Line_B,M05,Morning,L066,26.6,39.48,38.05,31.22,52.12,5.031,1.062,54.86,421.38,420.24,1.14,390,378,12,482.13,5.49,0.03077
2822,Line_C,M04,Night,L041,11.8,54.61,62.23,32.32,50.14,4.96,0.886,33.82,416.18,382.84,33.34,240,221,19,854.52,11.75,0.07917
2823,Line_A,M14,Night,L036,64.0,48.49,53.22,23.92,53.15,5.277,1.188,69.7,445.66,419.07,26.58,372,360,12,455.46,5.31,0.03226
2824,Line_D,M10,Morning,L057,29.2,48.14,48.19,34.84,40.57,4.793,0.631,9.57,415.76,398.83,16.93,250,246,4,160.01,2.29,0.016
2825,Line_D,M06,Evening,L052,42.8,45.88,45.74,30.78,57.81,5.609,0.833,28.04,427.5,426.61,0.89,234,225,9,430.83,4.18,0.03846
2826,Line_C,M01,Evening,L025,22.5,51.6,50.52,27.26,34.45,5.851,0.939,46.0,432.48,419.23,13.24,386,369,17,703.69,8.24,0.04404
2827,Line_B,M14,Morning,L046,17.8,47.24,45.68,31.05,52.95,4.85,0.533,16.49,422.67,417.66,5.02,248,241,7,285.83,3.52,0.02823
2828,Line_A,M10,Morning,L091,14.4,50.32,45.06,28.71,46.87,4.527,0.769,24.47,410.27,399.72,10.55,264,255,9,350.23,5.44,0.03409
2829,Line_D,M04,Night,L060,23.5,47.98,48.55,28.6,48.28,5.22,0.919,55.08,433.56,420.81,12.75,261,239,22,913.77,10.33,0.08429
2830,Line_C,M15,Night,L040,19.6,53.41,53.4,31.01,55.37,4.608,1.143,55.35,418.46,416.99,1.46,342,316,26,1032.98,11.62,0.07602
2831,Line_A,M13,Morning,L029,37.4,41.59,44.35,30.57,43.23,5.122,0.505,26.59,414.6,401.89,12.72,404,390,14,588.62,8.45,0.03465
2832,Line_B,M02,Evening,L031,16.9,46.62,46.58,29.38,43.94,4.697,0.901,35.06,420.6,419.0,1.6,381,363,18,772.84,11.1,0.04724
2833,Line_B,M01,Evening,L045,32.0,51.05,52.08,22.19,51.07,4.918,0.592,160.63,436.95,421.23,15.72,362,333,29,1043.14,20.57,0.08011
2834,Line_D,M01,Morning,L059,8.9,51.99,54.93,33.47,46.57,5.335,0.817,91.18,388.52,368.19,20.33,354,341,13,479.1,6.4,0.03672
2835,Line_C,M05,Morning,L031,8.5,48.53,50.43,30.06,50.8,4.536,0.674,40.98,409.36,403.32,6.04,403,383,20,863.99,11.08,0.04963
2836,Line_C,M07,Night,L001,20.4,46.63,48.48,33.72,51.42,5.136,0.865,51.98,442.11,439.48,2.63,356,332,24,1176.68,14.71,0.06742
2837,Line_C,M15,Evening,L088,16.4,50.22,50.69,29.61,57.12,5.661,1.202,41.59,400.09,381.27,18.81,260,236,24,1033.51,12.39,0.09231
2838,Line_A,M14,Night,L079,10.1,51.21,52.74,27.42,33.6,5.191,1.274,67.15,423.9,410.36,13.54,267,256,11,466.42,8.74,0.0412
2839,Line_B,M16,Night,L097,12.4,40.66,40.86,27.77,53.33,5.899,1.077,71.04,405.7,400.16,5.54,209,203,6,239.85,3.54,0.02871
2840,Line_A,M15,Night,L030,52.8,45.89,45.33,25.59,55.32,6.132,0.588,38.18,459.05,448.66,10.39,210,206,4,167.26,2.07,0.01905
2841,Line_D,M01,Morning,L008,30.0,45.42,47.92,29.16,47.57,5.377,0.806,28.73,435.12,418.16,16.96,180,176,4,188.88,1.85,0.02222
2842,Line_B,M13,Evening,L070,13.1,41.55,39.64,33.29,62.78,4.749,0.911,62.7,421.91,415.01,6.9,332,314,18,758.5,10.18,0.05422
2843,Line_B,M15,Morning,L048,7.7,50.53,51.87,27.66,39.73,5.502,0.527,31.04,450.83,444.21,6.62,376,364,12,633.9,6.99,0.03191
2844,Line_A,M11,Evening,L001,28.7,48.71,46.31,27.41,62.17,4.922,1.189,19.33,392.21,388.63,3.58,240,229,11,502.79,6.52,0.04583
2845,Line_A,M16,Night,L012,31.5,54.97,60.09,24.72,57.22,5.023,1.108,18.06,444.41,425.22,19.18,356,342,14,581.16,8.75,0.03933
2846,Line_C,M07,Evening,L112,17.8,49.58,49.01,31.65,43.69,4.513,0.708,49.11,407.58,402.41,5.17,214,202,12,473.29,7.37,0.05607
2847,Line_A,M13,Morning,L016,23.5,48.25,45.3,28.63,47.9,4.271,0.895,7.85,404.1,399.24,4.85,293,283,10,347.8,6.99,0.03413
2848,Line_A,M13,Morning,L028,9.5,45.4,43.28,34.32,53.26,5.357,1.056,39.71,434.05,411.31,22.74,190,184,6,229.95,3.98,0.03158
2849,Line_C,M04,Morning,L064,29.3,50.36,55.17,35.21,59.59,5.225,0.942,135.22,432.02,384.28,47.74,398,362,36,1206.25,16.6,0.09045
2850,Line_B,M13,Morning,L101,26.4,46.42,47.08,25.69,53.75,5.42,0.88,20.36,421.12,396.99,24.13,291,272,19,840.75,12.72,0.06529
2851,Line_B,M08,Morning,L077,12.3,43.09,46.71,33.37,37.85,6.123,0.964,26.64,426.57,413.02,13.55,330,321,9,398.41,5.36,0.02727
2852,Line_B,M03,Evening,L006,51.5,50.22,47.25,29.49,67.36,5.974,1.222,67.13,451.47,443.69,7.77,405,388,17,889.67,11.07,0.04198
2853,Line_D,M02,Evening,L100,12.3,42.03,44.66,29.82,52.3,5.682,0.888,62.57,443.52,435.86,7.67,217,213,4,173.22,2.96,0.01843
2854,Line_B,M12,Evening,L002,51.1,42.05,40.55,31.45,65.99,5.373,0.622,9.7,423.13,415.59,7.54,330,323,7,302.27,3.88,0.02121
2855,Line_C,M14,Morning,L026,13.5,49.03,49.24,28.12,56.98,5.377,1.023,122.56,405.04,390.33,14.72,287,268,19,928.73,11.66,0.0662
2856,Line_D,M13,Morning,L037,20.4,48.06,47.91,32.32,37.74,4.867,0.776,36.0,413.55,377.35,36.2,338,324,14,420.0,7.65,0.04142
2857,Line_C,M16,Evening,L114,20.1,51.72,52.45,27.76,48.07,4.503,0.843,3.08,434.03,432.31,1.72,272,252,20,780.66,9.41,0.07353
2858,Line_B,M15,Morning,L069,20.7,51.86,54.84,27.78,50.23,5.42,0.794,54.64,404.82,401.69,3.13,193,189,4,182.0,2.84,0.02073
2859,Line_C,M03,Morning,L086,13.7,52.56,55.79,32.16,48.4,4.476,0.562,15.99,452.9,428.28,24.62,305,296,9,383.96,4.3,0.02951
2860,Line_B,M12,Night,L046,22.0,45.05,48.41,32.42,55.43,4.913,1.233,28.64,431.99,429.7,2.29,201,184,17,674.97,5.61,0.08458
2861,Line_B,M04,Morning,L075,19.7,43.29,44.56,29.78,45.91,5.166,0.548,38.38,418.04,403.98,14.05,350,331,19,751.82,6.55,0.05429
2862,Line_C,M12,Morning,L080,13.5,50.45,50.82,33.26,41.33,4.891,0.619,66.81,404.82,401.12,3.7,404,379,25,951.46,17.95,0.06188
2863,Line_B,M07,Morning,L066,8.3,44.87,41.39,32.67,47.47,5.216,1.444,18.94,406.66,402.38,4.27,404,387,17,641.98,11.04,0.04208
2864,Line_A,M15,Morning,L006,28.7,45.89,39.12,26.11,58.09,4.963,1.084,32.59,402.41,395.38,7.03,243,237,6,239.05,3.2,0.02469
2865,Line_B,M02,Night,L009,9.2,41.85,45.38,33.6,66.73,5.641,0.699,86.2,394.48,363.37,31.11,244,234,10,391.77,8.69,0.04098
2866,Line_A,M04,Night,L075,14.1,50.37,52.46,28.93,48.59,5.478,0.859,55.13,429.33,402.41,26.92,355,343,12,540.19,5.4,0.0338
2867,Line_B,M10,Evening,L046,33.1,44.43,45.65,30.97,49.07,5.568,1.051,27.24,381.53,377.92,3.6,222,214,8,284.11,4.01,0.03604
2868,Line_C,M09,Morning,L114,25.6,55.25,52.71,29.39,67.37,5.504,1.05,56.63,430.82,407.86,22.96,209,196,13,553.55,4.01,0.0622
2869,Line_D,M14,Evening,L058,18.9,51.93,49.19,39.67,49.57,4.833,0.864,157.47,421.23,396.22,25.01,196,177,19,724.83,10.8,0.09694
2870,Line_A,M15,Morning,L054,28.8,42.68,42.41,31.27,53.09,5.927,0.9,22.52,420.39,404.08,16.3,306,302,4,155.69,2.82,0.01307
2871,Line_C,M05,Evening,L106,13.5,52.32,48.28,31.89,65.16,5.039,0.753,33.52,413.78,402.44,11.33,387,360,27,879.72,11.14,0.06977
2872,Line_B,M11,Evening,L087,29.0,40.49,40.17,35.82,51.41,5.221,1.031,35.75,413.47,406.11,7.36,241,232,9,383.53,3.62,0.03734
2873,Line_A,M13,Night,L029,30.9,55.01,59.17,27.7,43.86,5.669,0.425,32.9,424.38,408.66,15.72,281,264,17,726.0,8.71,0.0605
2874,Line_A,M15,Morning,L094,15.0,52.58,57.37,30.89,60.67,4.896,0.987,141.67,420.17,412.1,8.07,327,316,11,415.34,6.02,0.03364
2875,Line_A,M06,Morning,L076,13.6,45.23,48.94,33.99,46.15,5.125,1.214,39.72,440.97,425.42,15.56,382,366,16,558.71,9.72,0.04188
2876,Line_A,M01,Morning,L086,4.1,38.72,37.3,31.01,52.31,5.299,0.818,22.79,418.62,408.73,9.89,334,329,5,220.36,2.69,0.01497
2877,Line_A,M06,Evening,L019,20.1,46.38,45.81,35.4,48.11,4.718,0.823,65.12,394.88,354.46,40.42,403,396,7,303.25,3.42,0.01737
2878,Line_B,M04,Night,L058,5.5,46.15,47.48,30.31,69.18,5.737,0.997,76.7,426.91,410.43,16.49,221,196,25,1256.16,15.65,0.11312
2879,Line_C,M01,Evening,L044,23.1,51.46,50.54,32.84,54.88,5.91,0.567,13.06,431.88,412.73,19.15,341,333,8,384.77,3.85,0.02346
2880,Line_A,M04,Morning,L019,41.8,41.97,43.91,28.93,59.88,5.758,0.408,46.66,397.08,371.2,25.88,319,306,13,579.69,7.4,0.04075
2881,Line_A,M04,Evening,L015,34.8,63.0,64.96,28.74,63.29,5.97,0.743,63.06,394.69,381.32,13.37,279,269,10,390.0,4.27,0.03584
2882,Line_A,M02,Morning,L050,36.0,50.93,52.75,27.92,59.16,4.847,0.777,44.05,413.5,400.5,13.0,370,368,2,70.78,1.06,0.00541
2883,Line_C,M13,Morning,L068,20.2,45.81,42.99,40.69,44.16,5.088,0.834,5.63,416.22,403.1,13.12,223,196,27,1010.78,14.2,0.12108
2884,Line_B,M10,Evening,L007,40.7,49.0,48.82,33.92,35.55,5.031,0.806,19.8,416.69,406.18,10.51,358,342,16,666.11,14.4,0.04469
2885,Line_C,M03,Evening,L035,14.5,43.78,40.79,37.55,52.3,4.581,1.218,36.22,381.82,381.61,0.21,307,278,29,1148.16,16.93,0.09446
2886,Line_A,M07,Evening,L074,16.3,50.63,56.21,35.24,61.88,5.12,1.268,19.63,420.27,418.48,1.79,360,349,11,447.1,3.66,0.03056
2887,Line_A,M14,Night,L059,18.1,39.63,38.68,30.25,55.44,5.168,1.125,61.03,424.07,419.19,4.89,304,290,14,653.08,7.19,0.04605
2888,Line_D,M04,Evening,L113,40.3,51.26,53.81,35.89,62.15,4.349,0.726,24.9,379.47,356.34,23.13,227,203,24,1122.64,16.5,0.10573
2889,Line_A,M04,Evening,L112,19.8,44.44,45.99,31.5,34.97,5.337,0.804,22.23,420.98,403.11,17.87,299,284,15,586.44,6.09,0.05017
2890,Line_A,M12,Night,L044,23.4,42.05,45.29,35.9,52.93,5.021,1.0,86.28,417.5,385.07,32.43,299,285,14,598.39,6.84,0.04682
2891,Line_A,M07,Evening,L034,7.5,50.94,48.48,27.26,50.31,4.923,0.769,42.52,398.55,387.96,10.59,369,360,9,450.8,3.78,0.02439
2892,Line_D,M11,Evening,L036,29.1,43.46,47.1,34.5,62.17,5.618,0.924,45.57,414.52,401.76,12.76,192,186,6,273.11,3.56,0.03125
2893,Line_C,M04,Evening,L119,19.5,48.48,47.71,31.21,57.95,5.147,1.259,33.28,431.98,422.95,9.04,297,273,24,992.72,14.12,0.08081
2894,Line_C,M01,Morning,L028,5.4,45.85,49.4,33.34,53.38,5.235,0.684,24.89,418.2,417.0,1.2,180,179,1,42.57,0.46,0.00556
2895,Line_D,M09,Evening,L064,32.4,49.37,54.03,32.66,51.44,4.916,0.884,42.43,389.51,367.01,22.5,340,327,13,657.34,7.74,0.03824
2896,Line_A,M08,Night,L025,19.3,44.47,48.51,32.83,33.84,5.11,0.744,24.16,405.69,390.73,14.96,322,311,11,465.69,8.48,0.03416
2897,Line_D,M14,Morning,L022,21.6,52.97,54.47,27.13,42.19,4.38,1.042,3.37,419.51,406.36,13.15,401,386,15,686.69,7.4,0.03741
2898,Line_A,M12,Night,L012,22.5,41.26,42.8,28.53,64.88,5.482,0.701,23.56,427.07,421.47,5.6,246,237,9,356.62,4.81,0.03659
2899,Line_C,M06,Evening,L112,14.0,45.52,46.81,28.4,48.57,4.575,0.634,24.52,411.99,392.56,19.43,383,358,25,1047.88,10.63,0.06527
2900,Line_B,M02,Morning,L094,28.3,43.33,44.98,24.19,67.96,5.386,1.032,11.29,423.29,422.28,1.01,330,320,10,407.69,6.73,0.0303
2901,Line_B,M09,Morning,L045,32.5,51.25,53.95,28.02,37.93,5.727,1.17,63.08,455.64,429.01,26.63,341,323,18,856.21,9.14,0.05279
2902,Line_D,M13,Night,L067,9.3,45.66,38.39,27.41,58.29,4.357,1.033,43.98,444.94,425.28,19.66,360,319,41,1639.72,17.91,0.11389
2903,Line_A,M05,Morning,L096,52.8,53.12,51.37,35.8,51.11,5.618,0.773,58.43,415.47,408.0,7.47,375,369,6,213.99,4.52,0.016
2904,Line_D,M10,Night,L099,19.0,46.32,41.58,31.31,37.96,5.248,0.98,29.17,409.15,395.21,13.93,410,396,14,661.28,8.6,0.03415
2905,Line_B,M01,Night,L087,41.0,44.42,39.49,26.86,59.78,5.169,0.742,40.99,391.9,388.49,3.4,417,399,18,688.11,9.01,0.04317
2906,Line_C,M12,Night,L053,47.7,48.48,52.4,37.48,48.68,4.876,0.956,3.94,399.41,381.85,17.55,208,195,13,597.11,5.44,0.0625
2907,Line_D,M14,Evening,L046,14.6,49.85,45.32,27.52,51.29,5.487,0.766,32.28,445.33,430.61,14.72,404,381,23,757.68,15.29,0.05693
2908,Line_A,M05,Morning,L074,20.7,47.06,45.53,32.92,59.67,5.037,0.7,8.94,402.57,382.86,19.71,323,319,4,196.36,1.45,0.01238
2909,Line_D,M11,Morning,L077,25.0,51.45,43.74,23.51,48.18,5.106,1.024,14.39,405.53,398.3,7.23,309,301,8,321.56,5.54,0.02589
2910,Line_C,M12,Morning,L028,43.3,50.24,47.36,22.88,55.34,5.174,1.115,166.85,414.7,409.01,5.69,217,203,14,551.55,6.84,0.06452
2911,Line_C,M04,Evening,L058,30.5,41.76,41.54,31.91,62.84,5.354,0.7,39.3,439.16,427.96,11.2,322,300,22,971.94,11.96,0.06832
2912,Line_A,M03,Night,L048,35.6,49.65,49.95,37.08,42.62,5.424,1.241,14.58,411.66,404.92,6.75,322,310,12,469.85,6.91,0.03727
2913,Line_C,M07,Morning,L052,14.4,48.32,50.99,32.41,48.17,5.314,1.136,15.18,436.08,429.71,6.37,253,246,7,313.19,2.9,0.02767
2914,Line_C,M14,Morning,L091,6.2,50.57,50.13,35.95,44.96,5.186,0.638,18.95,425.66,423.28,2.39,338,326,12,513.59,6.85,0.0355
2915,Line_B,M06,Morning,L011,39.1,47.4,50.4,32.06,42.61,5.516,0.854,40.39,416.93,412.64,4.29,307,306,1,51.8,0.87,0.00326
2916,Line_A,M04,Evening,L011,35.3,45.57,45.48,31.37,59.66,4.889,0.838,53.02,418.89,412.12,6.77,240,231,9,377.11,4.68,0.0375
2917,Line_A,M05,Night,L101,20.9,48.24,45.52,29.07,49.97,4.974,0.646,67.42,385.94,380.97,4.97,263,255,8,425.54,5.09,0.03042
2918,Line_D,M05,Night,L108,22.0,45.31,41.02,30.22,64.52,5.912,0.923,119.29,413.9,396.98,16.92,317,298,19,806.96,10.35,0.05994
2919,Line_A,M09,Morning,L023,24.5,48.1,51.93,29.92,54.72,5.113,0.984,34.71,384.26,344.94,39.31,213,210,3,113.21,2.15,0.01408
2920,Line_C,M11,Night,L081,16.4,41.55,42.57,27.76,42.12,5.043,0.855,41.98,426.22,415.7,10.52,242,222,20,716.2,15.0,0.08264
2921,Line_D,M05,Evening,L024,26.8,50.81,50.1,24.0,44.99,5.535,1.057,77.5,431.63,422.42,9.21,210,204,6,277.42,2.72,0.02857
2922,Line_A,M06,Night,L058,33.0,47.89,47.05,33.17,44.24,4.866,0.646,43.62,409.18,406.39,2.8,386,378,8,284.64,6.02,0.02073
2923,Line_A,M08,Night,L098,27.9,50.34,53.51,37.81,60.0,4.808,0.971,63.2,405.38,375.63,29.75,410,391,19,731.34,10.59,0.04634
2924,Line_C,M05,Morning,L120,40.2,58.06,55.59,30.76,52.65,5.287,0.751,74.47,412.19,404.38,7.81,202,193,9,411.88,2.65,0.04455
2925,Line_A,M08,Morning,L039,18.3,49.21,52.2,29.44,56.15,5.618,0.683,33.26,405.35,401.78,3.56,389,381,8,311.98,4.59,0.02057
2926,Line_C,M02,Evening,L078,34.8,49.23,52.45,36.17,63.85,5.514,1.322,32.83,410.21,407.14,3.07,334,309,25,1156.42,12.65,0.07485
2927,Line_C,M07,Evening,L008,9.9,55.6,58.34,33.24,54.59,5.231,1.237,41.41,426.48,416.74,9.75,401,379,22,1022.26,11.43,0.05486
2928,Line_C,M14,Evening,L041,52.8,50.67,52.53,30.75,70.09,5.644,0.691,59.81,407.11,394.33,12.78,393,370,23,1017.76,16.31,0.05852
2929,Line_B,M08,Morning,L051,16.6,43.86,43.16,30.62,57.46,5.391,1.079,51.11,400.05,397.97,2.08,261,253,8,352.8,2.69,0.03065
2930,Line_C,M08,Morning,L103,30.7,47.59,49.41,29.39,63.06,5.297,0.611,170.0,423.95,408.69,15.26,282,252,30,1454.98,17.58,0.10638
2931,Line_C,M10,Morning,L016,57.7,52.1,52.24,32.87,39.73,5.424,1.192,9.75,432.67,429.75,2.92,272,260,12,360.0,9.72,0.04412
2932,Line_A,M07,Morning,L056,22.8,48.84,52.81,31.07,56.2,4.621,0.853,46.45,422.82,404.11,18.71,419,406,13,635.12,6.15,0.03103
2933,Line_C,M07,Evening,L007,8.4,43.17,41.74,37.42,55.83,5.467,0.785,10.58,391.92,384.35,7.56,306,290,16,680.26,6.15,0.05229
2934,Line_D,M04,Morning,L100,20.1,46.02,48.72,30.06,53.11,5.022,1.021,10.9,402.66,387.83,14.83,333,320,13,559.53,5.26,0.03904
2935,Line_C,M13,Morning,L105,18.8,45.89,48.34,36.93,53.63,5.647,1.16,21.85,431.09,399.94,31.16,390,366,24,930.46,12.77,0.06154
2936,Line_B,M09,Morning,L023,19.3,51.54,55.3,26.0,54.86,4.96,0.944,37.11,427.41,417.64,9.78,252,241,11,448.96,5.14,0.04365
2937,Line_B,M01,Morning,L120,19.7,48.43,50.86,31.5,47.48,5.423,0.768,15.84,439.53,427.56,11.98,271,266,5,226.95,3.14,0.01845
2938,Line_A,M09,Evening,L047,38.6,50.78,51.95,33.5,50.86,5.177,0.792,147.43,428.08,395.07,33.01,229,213,16,480.0,8.95,0.06987
2939,Line_A,M06,Evening,L041,12.0,49.45,47.63,30.83,50.41,5.561,0.785,12.49,420.7,415.8,4.9,391,383,8,363.82,3.82,0.02046
2940,Line_A,M01,Night,L044,19.1,48.65,56.48,27.72,63.02,5.837,0.853,62.34,404.79,386.0,18.8,201,194,7,290.83,4.38,0.03483
2941,Line_D,M09,Evening,L110,12.6,46.36,47.02,32.29,49.74,4.797,1.14,81.69,413.4,387.41,25.99,403,382,21,921.28,10.48,0.05211
2942,Line_A,M02,Morning,L016,15.4,48.35,50.66,33.43,51.81,4.952,1.1,42.26,438.16,434.01,4.15,242,240,2,83.4,0.92,0.00826
2943,Line_D,M04,Morning,L026,33.7,48.91,50.88,38.0,36.2,5.19,1.411,16.54,400.73,388.6,12.13,402,367,35,1541.81,24.67,0.08706
2944,Line_A,M10,Evening,L070,20.4,48.32,49.11,23.23,79.39,5.622,0.745,12.92,429.79,419.43,10.36,379,353,26,780.0,20.11,0.0686
2945,Line_B,M09,Night,L035,16.3,43.41,42.5,36.4,53.62,5.131,1.285,51.72,406.17,396.12,10.06,209,188,21,1130.08,10.77,0.10048
2946,Line_B,M05,Morning,L083,22.6,44.56,40.82,31.08,66.04,5.227,1.21,4.11,426.62,424.1,2.52,335,321,14,583.74,10.22,0.04179
2947,Line_B,M14,Night,L119,22.1,47.44,49.09,35.41,64.92,4.664,0.655,8.83,431.95,422.08,9.87,283,260,23,967.51,15.34,0.08127
2948,Line_D,M16,Night,L024,23.9,50.27,47.04,34.06,66.9,4.708,0.624,39.0,403.43,392.46,10.97,245,231,14,564.37,8.84,0.05714
2949,Line_D,M02,Night,L103,13.9,43.74,45.43,31.02,34.92,4.487,1.145,24.52,408.13,402.13,6.0,363,332,31,1054.49,16.08,0.0854
2950,Line_D,M04,Evening,L099,28.1,43.32,42.63,33.36,35.07,4.657,0.759,57.27,412.95,398.63,14.32,191,181,10,362.78,4.71,0.05236
2951,Line_A,M01,Morning,L043,25.4,49.28,49.81,24.93,52.89,5.426,1.084,79.46,423.47,404.12,19.36,335,323,12,478.76,6.75,0.03582
2952,Line_C,M03,Evening,L072,31.3,49.0,47.83,25.74,60.76,4.606,0.926,82.14,416.87,397.39,19.49,404,378,26,1122.67,12.41,0.06436
2953,Line_A,M06,Morning,L078,31.8,47.51,48.86,26.56,46.22,5.551,0.632,15.78,425.17,406.74,18.43,330,326,4,162.39,1.12,0.01212
2954,Line_D,M01,Night,L106,9.9,51.34,56.34,28.84,43.43,5.744,0.963,11.26,423.99,403.67,20.31,402,388,14,601.75,7.77,0.03483
2955,Line_B,M15,Morning,L026,45.0,46.26,47.4,30.43,37.59,5.383,1.206,43.37,394.55,388.67,5.88,253,242,11,499.52,5.09,0.04348
2956,Line_B,M11,Evening,L084,27.4,45.06,45.39,31.29,46.94,5.782,0.823,34.26,418.68,401.54,17.15,255,250,5,210.67,2.04,0.01961
2957,Line_A,M02,Night,L066,32.0,46.88,49.65,26.56,49.36,5.477,0.54,35.67,399.14,391.68,7.46,316,305,11,394.53,7.61,0.03481
2958,Line_A,M05,Morning,L034,45.4,40.83,43.31,36.45,48.69,5.097,0.743,20.8,422.99,413.94,9.06,311,304,7,239.12,3.68,0.02251
2959,Line_A,M12,Morning,L051,8.4,44.93,47.44,36.42,42.99,4.35,0.718,33.57,431.72,424.89,6.83,329,322,7,284.29,3.46,0.02128
2960,Line_D,M05,Morning,L092,18.1,47.89,50.66,32.28,44.24,5.243,0.789,62.19,406.76,391.16,15.6,374,370,4,168.88,2.6,0.0107
2961,Line_D,M08,Evening,L089,9.8,43.53,43.67,30.57,43.07,5.273,0.791,26.22,428.95,422.68,6.26,355,342,13,575.7,7.62,0.03662
2962,Line_D,M02,Morning,L021,22.8,47.22,44.53,26.72,59.94,5.304,0.696,47.58,402.36,393.07,9.29,292,288,4,183.88,2.03,0.0137
2963,Line_A,M14,Evening,L073,7.3,51.29,53.27,25.26,53.37,5.425,1.239,9.6,401.07,390.76,10.31,274,266,8,344.36,3.99,0.0292
2964,Line_C,M01,Evening,L024,22.2,37.45,37.28,29.62,58.99,4.895,0.77,25.66,406.83,398.49,8.34,300,292,8,361.39,3.92,0.02667
2965,Line_A,M02,Morning,L040,24.1,47.39,51.97,25.81,54.44,4.721,0.742,81.23,433.15,421.79,11.37,228,224,4,149.66,2.69,0.01754
2966,Line_C,M04,Evening,L088,11.7,42.58,44.05,29.02,41.63,5.192,0.71,83.64,432.08,421.99,10.08,188,167,21,1063.29,9.57,0.1117
2967,Line_B,M06,Night,L069,21.2,43.82,43.32,27.76,47.58,4.603,0.83,36.96,423.95,421.81,2.14,395,365,30,1234.73,18.59,0.07595
2968,Line_B,M07,Night,L058,39.4,46.58,45.6,29.94,41.4,5.026,0.771,22.25,399.14,395.16,3.98,281,274,7,247.34,2.61,0.02491
2969,Line_C,M12,Morning,L088,26.4,43.58,51.41,28.87,43.49,4.887,0.869,3.59,424.14,399.88,24.26,379,355,24,928.72,9.42,0.06332
2970,Line_A,M11,Night,L077,50.3,47.52,45.25,33.79,54.65,4.969,0.86,78.43,436.44,418.65,17.8,304,291,13,493.76,6.05,0.04276
2971,Line_B,M01,Night,L061,8.6,50.02,47.43,35.43,46.34,4.755,0.647,28.72,408.15,398.73,9.41,394,372,22,898.73,10.03,0.05584
2972,Line_C,M02,Night,L103,31.0,51.2,49.23,30.04,51.14,5.724,0.4,64.6,449.26,444.23,5.03,374,348,26,1046.27,16.72,0.06952
2973,Line_A,M06,Morning,L056,26.6,49.14,51.21,33.71,57.16,5.82,0.871,33.64,401.4,394.08,7.32,375,371,4,180.14,1.86,0.01067
2974,Line_D,M06,Evening,L001,28.2,42.28,41.67,29.88,39.26,4.512,0.789,26.27,416.52,408.06,8.46,378,361,17,751.91,9.26,0.04497
2975,Line_B,M13,Evening,L086,7.8,50.32,53.39,35.75,47.73,5.023,1.128,11.57,455.72,436.21,19.51,209,197,12,413.76,4.65,0.05742
2976,Line_D,M16,Night,L093,18.7,52.28,52.02,29.06,53.33,5.447,1.251,33.54,416.43,416.23,0.2,302,284,18,733.39,15.0,0.0596
2977,Line_C,M05,Morning,L024,47.6,42.15,44.3,34.99,47.15,5.61,0.568,19.99,436.04,429.3,6.74,274,269,5,244.28,3.41,0.01825
2978,Line_C,M11,Evening,L055,3.9,54.75,63.13,33.01,33.36,5.983,1.147,79.62,433.79,409.87,23.92,188,176,12,408.73,3.89,0.06383
2979,Line_C,M05,Evening,L106,14.9,45.4,47.86,29.85,48.65,5.09,0.758,95.0,431.66,405.57,26.1,328,304,24,1038.39,16.19,0.07317
2980,Line_D,M16,Night,L011,42.8,43.0,43.79,35.9,61.26,5.767,0.69,95.31,417.44,407.76,9.68,341,320,21,897.47,17.72,0.06158
2981,Line_C,M10,Night,L098,25.6,45.36,45.9,35.23,60.2,5.074,0.829,31.1,415.87,415.15,0.72,206,196,10,444.98,5.43,0.04854
2982,Line_A,M02,Night,L050,34.0,46.01,45.83,32.88,49.16,5.785,0.822,46.57,418.69,407.37,11.32,202,195,7,290.46,3.88,0.03465
2983,Line_A,M02,Evening,L109,40.8,39.97,41.34,30.81,55.66,4.438,0.617,35.86,412.56,401.86,10.7,321,312,9,417.41,6.16,0.02804
2984,Line_C,M07,Morning,L040,37.3,44.7,48.0,26.72,49.07,5.474,1.086,5.83,410.0,389.32,20.68,381,365,16,781.27,8.43,0.04199
2985,Line_A,M08,Evening,L051,15.2,55.47,57.29,30.21,49.21,5.859,1.066,40.56,452.66,443.54,9.13,416,405,11,469.86,7.91,0.02644
2986,Line_A,M04,Night,L003,12.9,49.71,50.75,26.46,46.68,4.961,1.081,34.1,392.17,366.81,25.36,229,222,7,300.89,2.29,0.03057
2987,Line_A,M02,Morning,L058,24.6,46.25,43.69,29.64,38.29,5.236,0.518,21.66,422.99,418.86,4.13,284,283,1,44.07,0.72,0.00352
2988,Line_C,M16,Evening,L069,36.6,48.38,49.23,32.83,61.08,5.709,0.861,31.56,400.14,389.91,10.23,347,336,11,468.23,5.16,0.0317
2989,Line_A,M11,Morning,L030,31.7,43.53,45.98,26.68,68.86,4.43,1.069,116.98,437.79,394.44,43.35,259,244,15,694.92,5.59,0.05792
2990,Line_C,M15,Morning,L074,16.2,48.98,47.86,29.54,61.91,5.104,0.898,32.48,416.09,411.74,4.36,317,306,11,467.55,6.6,0.0347
2991,Line_D,M05,Evening,L102,33.9,60.41,61.4,36.76,43.28,4.777,0.957,28.19,420.06,417.67,2.39,320,308,12,419.06,6.3,0.0375
2992,Line_D,M10,Evening,L065,17.4,49.92,50.94,35.96,52.55,4.299,0.855,65.93,447.92,445.73,2.19,211,199,12,592.23,7.66,0.05687
2993,Line_B,M11,Evening,L114,19.9,40.09,43.6,31.68,44.84,4.998,0.997,53.58,393.68,387.21,6.48,379,370,9,428.67,5.55,0.02375
2994,Line_C,M05,Morning,L067,14.5,47.0,49.02,30.31,44.15,4.922,0.802,9.5,433.51,432.36,1.15,404,383,21,878.25,13.38,0.05198
2995,Line_C,M11,Night,L078,10.0,48.91,47.75,33.05,53.98,5.69,1.037,44.73,421.31,405.57,15.74,305,286,19,695.35,6.79,0.0623
2996,Line_B,M09,Morning,L045,27.4,37.0,35.79,35.0,55.89,5.154,1.086,33.95,415.8,398.35,17.45,328,309,19,695.85,6.24,0.05793
2997,Line_C,M14,Night,L101,27.8,55.02,52.75,36.34,51.18,5.257,0.806,9.63,415.88,405.95,9.93,352,332,20,839.62,10.57,0.05682
2998,Line_A,M14,Morning,L098,9.4,47.88,51.57,36.04,50.84,5.178,0.679,55.33,428.72,414.44,14.28,202,198,4,171.05,1.89,0.0198
2999,Line_D,M15,Evening,L044,30.8,35.72,39.56,28.57,55.72,6.168,0.936,18.87,458.09,455.83,2.26,275,269,6,229.66,4.04,0.02182
3000,Line_A,M10,Evening,L085,5.2,47.12,44.35,34.9,50.58,4.698,1.067,56.95,427.14,423.43,3.71,414,399,15,628.8,4.11,0.03623
3001,Line_D,M01,Morning,L008,13.2,46.87,49.28,27.59,62.18,4.508,0.972,81.15,435.46,415.99,19.47,367,346,21,886.58,14.29,0.05722
3002,Line_C,M13,Evening,L054,46.2,43.73,41.79,28.98,40.57,5.114,0.945,35.75,420.27,400.66,19.62,273,259,14,673.51,8.45,0.05128
3003,Line_A,M07,Morning,L061,15.1,51.59,51.84,27.93,33.83,5.922,0.442,26.25,408.48,396.35,12.13,308,305,3,123.1,1.8,0.00974
3004,Line_C,M12,Morning,L052,39.5,50.23,52.17,25.96,52.1,5.053,0.915,22.11,423.8,398.06,25.74,203,191,12,435.56,4.77,0.05911
3005,Line_A,M11,Evening,L118,19.6,64.09,67.63,32.39,49.09,5.107,1.079,21.17,412.53,405.29,7.24,274,268,6,220.5,3.14,0.0219
3006,Line_C,M02,Evening,L002,37.0,41.5,42.48,25.1,48.21,4.754,0.988,20.11,410.9,403.77,7.13,244,234,10,397.94,6.21,0.04098
3007,Line_C,M04,Night,L037,22.1,52.5,52.58,29.19,66.69,6.002,1.036,29.69,448.14,436.15,12.0,305,283,22,925.95,8.81,0.07213
3008,Line_A,M13,Evening,L048,11.7,52.49,52.98,35.96,56.73,5.878,0.711,36.43,430.54,412.44,18.09,238,231,7,264.71,3.42,0.02941
3009,Line_A,M09,Night,L022,28.3,43.31,50.1,34.17,55.18,5.121,0.738,68.09,407.84,372.66,35.18,358,338,20,734.26,11.94,0.05587
3010,Line_C,M04,Morning,L036,24.8,41.78,42.44,30.15,37.69,5.759,0.535,15.47,437.13,417.19,19.93,184,172,12,488.06,8.3,0.06522
3011,Line_B,M14,Night,L044,26.9,55.33,52.92,32.21,40.98,5.321,1.012,107.29,412.4,396.96,15.44,261,244,17,655.19,8.84,0.06513
3012,Line_D,M14,Morning,L061,12.9,41.49,47.27,35.56,43.14,5.006,0.594,10.3,419.82,399.38,20.43,415,402,13,471.23,4.64,0.03133
3013,Line_C,M04,Morning,L052,34.0,43.76,43.86,29.87,41.03,5.636,1.056,22.56,401.57,387.31,14.27,325,306,19,735.08,11.81,0.05846
3014,Line_C,M05,Evening,L073,44.7,43.42,41.45,32.48,50.82,5.635,0.883,56.21,429.11,428.52,0.58,211,200,11,528.36,6.36,0.05213
3015,Line_A,M04,Evening,L118,40.9,49.11,54.96,31.3,53.11,5.497,0.967,96.11,420.52,397.25,23.27,308,293,15,685.71,7.29,0.0487
3016,Line_C,M10,Evening,L038,18.1,43.91,45.84,32.4,53.53,5.186,1.156,13.85,404.36,390.62,13.74,316,298,18,746.46,11.31,0.05696
3017,Line_D,M13,Morning,L093,11.3,44.17,46.32,32.09,52.27,5.163,1.022,67.25,440.48,420.41,20.07,244,230,14,599.15,8.35,0.05738
3018,Line_A,M05,Evening,L028,9.8,44.65,47.26,27.27,58.62,4.458,0.602,31.4,406.85,397.86,8.99,302,293,9,395.09,3.43,0.0298
3019,Line_B,M01,Evening,L073,17.4,53.91,55.89,30.71,52.1,5.173,1.109,21.44,406.09,386.57,19.52,268,256,12,527.36,6.93,0.04478
3020,Line_A,M01,Morning,L072,27.9,37.61,33.72,38.21,35.08,5.489,0.841,30.1,427.78,424.7,3.08,354,343,11,474.12,6.06,0.03107
3021,Line_B,M05,Morning,L068,28.4,52.99,52.43,31.53,36.28,4.618,1.041,23.66,403.71,396.45,7.26,308,295,13,534.86,9.34,0.04221
3022,Line_C,M13,Evening,L016,12.2,49.86,48.01,32.57,44.64,4.429,0.997,44.02,435.55,404.32,31.24,348,310,38,1674.64,21.32,0.1092
3023,Line_B,M06,Evening,L089,38.0,58.39,62.46,37.82,55.68,4.713,0.944,7.85,423.78,417.14,6.64,396,380,16,671.95,7.99,0.0404
3024,Line_C,M12,Evening,L100,38.1,43.13,42.76,27.45,53.22,5.392,0.516,22.43,440.89,434.27,6.62,261,254,7,334.33,3.05,0.02682
3025,Line_B,M15,Evening,L067,43.9,42.24,47.63,33.22,60.72,4.595,0.849,66.54,404.75,383.5,21.24,255,239,16,831.35,8.32,0.06275
3026,Line_A,M15,Evening,L049,16.4,42.49,40.38,34.03,69.18,4.82,0.525,91.91,392.32,372.45,19.87,264,250,14,613.33,4.93,0.05303
3027,Line_A,M05,Morning,L034,32.4,40.3,41.32,32.33,62.5,5.315,0.866,39.31,416.92,405.26,11.66,272,266,6,296.04,4.55,0.02206
3028,Line_D,M10,Evening,L055,32.7,46.2,50.21,27.56,56.55,5.24,1.11,34.86,464.73,459.31,5.41,300,294,6,224.51,2.49,0.02
3029,Line_C,M12,Night,L107,42.0,43.74,44.5,31.41,39.88,5.266,0.514,43.57,414.21,379.47,34.74,392,369,23,801.05,8.2,0.05867
3030,Line_B,M04,Morning,L065,12.0,45.74,45.21,28.4,57.43,5.19,0.592,43.4,411.89,391.23,20.66,184,174,10,424.09,3.57,0.05435
3031,Line_D,M12,Night,L044,13.9,41.2,42.72,30.18,73.1,5.018,0.623,64.25,378.91,377.38,1.53,344,321,23,1028.02,12.33,0.06686
3032,Line_A,M03,Evening,L081,33.3,50.9,47.78,31.24,44.01,5.816,0.924,21.59,444.76,436.81,7.94,255,249,6,267.83,4.55,0.02353
3033,Line_A,M10,Night,L098,33.6,51.74,51.65,30.68,46.14,5.398,0.794,40.2,429.75,427.57,2.18,252,245,7,291.35,4.05,0.02778
3034,Line_A,M07,Evening,L014,21.6,45.36,38.64,23.92,43.1,4.729,0.569,29.41,441.39,440.42,0.97,367,364,3,143.84,1.73,0.00817
3035,Line_D,M07,Morning,L076,25.1,42.11,42.85,27.56,68.42,5.132,1.044,16.12,461.84,451.51,10.33,375,366,9,390.27,4.32,0.024
3036,Line_C,M06,Evening,L060,15.9,38.83,38.59,28.67,53.12,5.406,0.742,55.81,442.71,431.74,10.97,247,236,11,497.51,5.74,0.04453
3037,Line_C,M08,Morning,L064,31.5,42.82,47.45,32.5,47.44,5.423,1.187,12.59,381.54,371.49,10.05,283,270,13,577.85,5.64,0.04594
3038,Line_A,M07,Morning,L046,43.5,43.52,44.29,28.86,48.92,5.733,1.139,49.47,403.3,392.16,11.14,269,262,7,300.56,2.76,0.02602
3039,Line_A,M05,Morning,L083,48.3,48.98,51.48,30.74,68.97,4.695,0.814,76.6,402.24,394.58,7.66,357,338,19,787.8,9.0,0.05322
3040,Line_C,M04,Night,L090,26.0,51.6,56.32,31.63,35.78,4.901,0.763,9.34,393.69,372.48,21.21,192,183,9,392.4,5.18,0.04688
3041,Line_B,M08,Night,L117,36.8,42.61,42.02,24.62,59.44,5.848,1.179,37.2,391.88,386.84,5.04,366,343,23,906.3,7.74,0.06284
3042,Line_D,M16,Morning,L028,32.9,47.22,48.29,30.05,54.05,4.566,0.897,47.23,420.74,406.98,13.76,339,331,8,336.06,4.82,0.0236
3043,Line_C,M11,Morning,L078,56.1,48.71,49.56,18.27,56.98,5.054,0.798,28.23,427.1,410.51,16.59,268,266,2,80.74,0.8,0.00746
3044,Line_B,M02,Evening,L002,10.9,51.73,55.33,22.02,47.88,5.214,1.288,73.07,386.88,370.32,16.56,291,275,16,630.79,10.85,0.05498
3045,Line_C,M02,Evening,L096,17.7,49.37,49.07,30.43,51.49,5.004,1.015,16.14,418.55,414.34,4.21,336,320,16,778.53,10.32,0.04762
3046,Line_D,M12,Morning,L017,10.6,50.12,48.93,31.79,38.73,5.706,0.842,15.86,399.83,390.63,9.2,338,322,16,803.97,9.42,0.04734
3047,Line_B,M09,Morning,L079,31.6,45.55,45.49,24.92,62.87,5.499,0.864,72.63,431.14,420.36,10.79,384,366,18,892.05,8.74,0.04688
3048,Line_C,M10,Evening,L025,29.0,42.52,44.26,26.67,70.98,5.398,0.634,3.96,424.97,402.82,22.15,195,183,12,495.24,7.47,0.06154
3049,Line_D,M06,Morning,L050,21.9,49.28,53.08,33.35,52.49,4.374,1.105,44.31,415.89,398.94,16.95,247,236,11,456.75,5.57,0.04453
3050,Line_A,M09,Evening,L098,14.0,53.95,56.89,26.12,58.46,5.726,1.171,16.19,419.04,405.28,13.77,343,323,20,1017.55,12.0,0.05831
3051,Line_D,M10,Night,L093,32.9,40.71,37.28,29.62,40.1,4.474,1.177,14.1,399.11,394.87,4.25,212,206,6,263.81,2.79,0.0283
3052,Line_A,M10,Night,L045,16.5,52.41,51.26,24.69,52.3,5.288,0.832,61.4,418.5,411.27,7.23,364,352,12,415.79,5.82,0.03297
3053,Line_C,M16,Evening,L054,19.6,51.26,55.0,31.03,59.21,4.774,1.136,83.51,390.36,371.45,18.9,183,174,9,448.64,2.25,0.04918
3054,Line_D,M15,Evening,L070,18.6,52.9,51.02,24.94,61.1,4.935,0.499,56.66,435.24,414.5,20.74,249,243,6,211.5,3.87,0.0241
3055,Line_C,M14,Night,L077,38.9,58.3,54.48,28.69,61.89,5.215,1.191,27.14,396.17,385.45,10.72,189,177,12,498.66,4.68,0.06349
3056,Line_B,M11,Night,L060,21.4,45.98,48.47,32.17,57.72,4.756,1.335,5.1,419.96,412.33,7.63,218,207,11,411.84,9.37,0.05046
3057,Line_C,M11,Evening,L048,10.6,46.37,41.35,26.69,62.38,5.477,0.813,14.57,412.29,402.42,9.88,237,226,11,491.06,7.56,0.04641
3058,Line_A,M05,Night,L061,20.8,41.75,43.18,33.82,56.19,5.136,0.957,48.76,413.07,407.2,5.87,205,198,7,282.5,4.11,0.03415
3059,Line_A,M14,Evening,L079,21.4,48.04,47.56,38.03,45.06,5.066,0.59,76.73,438.73,431.34,7.39,226,217,9,420.64,3.54,0.03982
3060,Line_A,M05,Evening,L048,8.8,49.71,51.31,29.24,64.89,4.647,1.316,98.0,427.31,419.77,7.54,362,345,17,724.34,9.08,0.04696
3061,Line_C,M02,Evening,L077,17.4,46.08,44.22,33.06,46.42,5.18,1.014,21.29,383.08,373.66,9.41,329,317,12,478.99,4.85,0.03647
3062,Line_B,M14,Evening,L100,35.4,54.51,52.46,28.64,44.27,5.296,1.053,48.49,413.32,409.66,3.66,272,266,6,234.48,3.61,0.02206
3063,Line_A,M07,Morning,L030,16.2,47.21,48.98,26.96,50.17,5.843,0.841,20.33,422.56,411.76,10.79,414,408,6,247.19,4.14,0.01449
3064,Line_D,M08,Night,L106,15.3,46.46,47.05,25.45,59.76,5.034,1.06,48.36,401.82,397.64,4.18,306,294,12,511.04,8.39,0.03922
3065,Line_B,M11,Night,L006,75.6,50.25,50.74,29.85,58.88,5.162,1.029,13.14,417.04,399.83,17.21,201,193,8,307.64,5.35,0.0398
3066,Line_B,M12,Evening,L086,15.8,44.93,48.85,31.43,51.6,4.503,0.796,18.62,448.39,433.78,14.61,222,212,10,381.62,7.03,0.04505
3067,Line_B,M02,Night,L019,4.0,48.54,47.25,29.55,53.88,5.014,0.986,89.97,434.27,416.8,17.46,328,312,16,695.61,11.54,0.04878
3068,Line_A,M07,Morning,L047,13.0,47.44,52.53,25.92,47.69,4.78,0.56,44.82,425.1,403.83,21.27,399,395,4,152.36,1.59,0.01003
3069,Line_C,M13,Evening,L036,13.4,52.32,55.78,27.68,53.8,5.218,1.217,49.49,416.44,398.55,17.89,290,253,37,1782.36,30.61,0.12759
3070,Line_B,M12,Morning,L097,20.4,42.58,42.19,32.19,65.53,5.603,0.883,14.75,411.98,403.48,8.5,335,326,9,412.67,5.88,0.02687
3071,Line_A,M11,Morning,L051,31.9,47.26,48.45,35.1,50.48,4.503,0.93,106.84,449.33,430.26,19.07,297,276,21,630.0,8.93,0.07071
3072,Line_D,M07,Evening,L084,11.8,49.61,52.88,29.5,54.69,5.092,1.141,81.31,424.38,413.14,11.24,382,369,13,485.31,7.82,0.03403
3073,Line_D,M06,Morning,L059,36.6,47.87,49.32,31.25,47.87,4.849,1.061,45.29,435.88,432.25,3.63,287,281,6,266.96,3.33,0.02091
3074,Line_C,M08,Morning,L022,17.7,46.38,47.71,34.3,46.59,5.331,0.209,25.76,419.42,390.32,29.1,358,347,11,456.97,5.21,0.03073
3075,Line_D,M03,Morning,L017,11.2,43.82,46.75,33.23,44.31,5.403,0.963,40.6,395.83,383.99,11.84,311,300,11,462.7,3.89,0.03537
3076,Line_D,M15,Evening,L116,29.2,42.57,43.81,28.33,50.92,5.04,1.094,10.19,429.27,427.37,1.9,325,319,6,239.26,4.16,0.01846
3077,Line_B,M04,Evening,L087,28.2,47.03,47.15,33.07,64.7,5.451,0.833,130.11,433.31,407.74,25.57,276,260,16,700.39,8.02,0.05797
3078,Line_C,M08,Evening,L030,16.4,43.2,42.63,31.46,48.52,5.956,1.23,6.99,409.31,380.04,29.28,206,199,7,290.16,4.64,0.03398
3079,Line_C,M13,Morning,L010,13.6,54.11,54.54,34.65,50.04,4.559,0.845,19.03,424.27,408.18,16.09,408,374,34,1204.08,13.43,0.08333
3080,Line_A,M04,Evening,L002,25.6,51.78,60.44,28.03,53.08,5.529,0.949,29.04,433.99,420.29,13.69,241,235,6,242.5,2.78,0.0249
3081,Line_A,M16,Morning,L005,41.4,50.28,50.53,33.54,55.71,4.861,1.173,20.14,412.49,405.68,6.8,410,405,5,180.95,2.7,0.0122
3082,Line_A,M09,Night,L069,24.2,52.94,51.36,29.98,47.84,5.527,1.104,32.32,410.5,381.71,28.79,235,223,12,491.37,6.51,0.05106
3083,Line_C,M03,Night,L054,31.9,46.63,49.37,30.69,67.54,5.865,0.711,46.73,430.64,428.94,1.7,251,238,13,507.92,8.86,0.05179
3084,Line_D,M01,Night,L051,13.1,41.89,41.38,32.04,65.63,5.422,1.111,63.57,399.09,388.58,10.51,297,280,17,697.87,6.7,0.05724
3085,Line_C,M05,Evening,L072,13.5,46.18,46.53,37.5,62.72,6.04,0.861,59.84,439.28,432.38,6.9,213,199,14,599.17,6.84,0.06573
3086,Line_B,M05,Night,L021,21.6,45.06,46.51,32.14,69.21,4.835,0.735,100.73,428.43,403.83,24.61,208,200,8,295.75,3.5,0.03846
3087,Line_A,M01,Evening,L048,24.6,48.36,49.07,32.25,50.45,4.887,1.054,59.19,410.02,400.93,9.09,396,391,5,218.48,3.07,0.01263
3088,Line_B,M10,Morning,L007,19.2,42.46,45.52,35.36,38.53,5.764,1.055,36.86,400.18,384.98,15.2,404,389,15,626.58,11.78,0.03713
3089,Line_C,M09,Night,L043,26.3,45.61,46.28,28.09,32.78,5.282,0.712,61.45,415.96,411.07,4.9,363,336,27,1129.8,18.05,0.07438
3090,Line_D,M02,Morning,L040,23.0,51.36,49.83,37.22,58.68,4.861,0.649,35.83,403.69,393.57,10.12,193,190,3,132.28,1.3,0.01554
3091,Line_D,M14,Evening,L092,35.2,45.13,45.8,21.7,60.3,5.057,0.829,83.05,445.96,427.7,18.26,207,201,6,221.01,3.65,0.02899
3092,Line_D,M08,Night,L019,43.0,41.47,44.24,28.84,55.32,4.436,0.906,55.21,428.55,411.67,16.88,402,388,14,550.29,5.51,0.03483
3093,Line_D,M10,Morning,L077,16.3,47.24,51.55,29.45,47.97,5.099,0.595,32.97,454.06,445.88,8.18,376,367,9,366.19,6.21,0.02394
3094,Line_D,M10,Morning,L089,5.6,50.93,50.35,34.09,42.72,5.161,0.666,53.28,404.2,402.4,1.8,334,328,6,236.76,2.46,0.01796
3095,Line_B,M14,Morning,L078,9.2,53.36,52.87,24.77,71.58,5.877,0.883,39.83,443.37,441.25,2.12,233,213,20,805.03,9.26,0.08584
3096,Line_A,M04,Evening,L006,9.6,45.61,43.09,31.26,64.52,5.019,1.035,24.96,451.95,439.79,12.17,182,173,9,392.98,6.6,0.04945
3097,Line_A,M01,Evening,L079,17.5,47.68,44.51,32.48,57.39,5.362,0.784,62.61,416.9,392.98,23.92,417,409,8,263.56,4.1,0.01918
3098,Line_B,M04,Evening,L080,7.3,50.33,49.99,26.86,75.56,5.209,0.506,21.91,390.01,369.28,20.73,417,379,38,1564.34,20.3,0.09113
3099,Line_A,M11,Morning,L083,8.8,52.33,55.13,29.32,49.86,5.071,0.919,45.91,455.87,454.54,1.33,341,334,7,259.22,3.9,0.02053
3100,Line_A,M11,Evening,L051,21.9,49.49,53.62,29.47,49.15,4.859,1.068,31.44,426.02,402.94,23.08,413,406,7,297.49,2.84,0.01695
3101,Line_D,M05,Night,L026,33.8,38.67,39.32,34.69,43.66,5.08,0.977,69.47,385.5,376.3,9.2,254,246,8,328.72,2.63,0.0315
3102,Line_A,M16,Night,L019,27.4,40.92,40.23,28.16,57.7,4.137,0.185,16.4,428.32,411.79,16.53,298,288,10,416.67,4.76,0.03356
3103,Line_D,M12,Morning,L019,22.4,50.14,50.14,31.31,64.55,5.032,0.996,23.57,410.03,400.44,9.59,370,362,8,250.14,4.69,0.02162
3104,Line_C,M05,Evening,L101,27.7,50.48,52.76,34.61,66.07,5.352,1.319,32.13,420.98,412.66,8.32,315,294,21,1032.07,10.32,0.06667
3105,Line_C,M16,Night,L005,17.5,48.17,48.18,30.62,46.32,5.286,0.829,32.7,434.29,421.65,12.64,290,276,14,496.93,8.15,0.04828
3106,Line_C,M04,Evening,L110,24.3,50.09,48.9,30.53,67.46,5.081,1.143,62.29,403.66,371.79,31.87,316,295,21,971.93,8.82,0.06646
3107,Line_B,M01,Night,L025,19.9,43.12,44.8,24.94,49.69,4.161,0.987,83.5,409.66,398.55,11.11,279,255,24,915.58,15.83,0.08602
3108,Line_C,M16,Evening,L033,19.4,54.24,59.93,31.09,58.22,5.072,0.821,26.44,407.81,397.19,10.62,351,336,15,589.63,9.59,0.04274
3109,Line_A,M07,Morning,L019,39.0,38.96,41.31,30.54,57.43,5.344,1.035,50.58,432.11,420.25,11.86,273,270,3,123.58,1.89,0.01099
3110,Line_D,M14,Evening,L064,52.4,51.09,49.93,27.97,46.39,5.682,0.911,44.85,411.77,394.09,17.68,281,274,7,262.83,4.33,0.02491
3111,Line_B,M14,Evening,L034,8.9,48.02,48.57,30.83,42.42,5.166,0.928,43.05,448.34,400.96,47.39,299,288,11,474.11,6.77,0.03679
3112,Line_A,M15,Morning,L075,30.1,47.37,46.37,33.7,48.18,5.595,1.398,68.2,397.5,391.79,5.71,319,314,5,150.36,2.52,0.01567
3113,Line_C,M13,Morning,L076,19.9,47.2,52.51,33.03,47.66,5.158,1.278,16.9,369.33,320.62,48.71,280,258,22,905.74,8.39,0.07857
3114,Line_C,M01,Night,L081,12.3,49.57,51.5,27.48,41.41,4.87,0.855,52.38,415.81,399.83,15.97,381,351,30,1177.33,23.78,0.07874
3115,Line_B,M09,Night,L051,35.9,48.45,48.53,27.79,38.16,5.578,0.903,9.78,399.06,378.75,20.31,236,225,11,477.84,8.52,0.04661
3116,Line_C,M15,Morning,L085,23.3,51.8,53.6,25.58,61.51,4.485,1.197,29.4,448.0,443.4,4.6,223,210,13,488.47,7.14,0.0583
3117,Line_A,M13,Night,L009,12.4,45.19,46.43,22.13,61.39,5.872,0.814,111.48,440.5,427.8,12.69,341,314,27,1263.34,13.06,0.07918
3118,Line_C,M14,Evening,L006,25.0,50.02,54.49,29.94,49.64,5.139,0.456,18.9,432.58,410.83,21.76,323,309,14,707.32,7.63,0.04334
3119,Line_A,M13,Evening,L061,20.2,49.16,50.92,38.36,49.87,6.09,0.945,34.01,418.48,411.33,7.14,207,196,11,456.19,6.59,0.05314
3120,Line_A,M05,Night,L068,27.6,41.17,44.76,25.38,48.14,4.779,1.255,65.38,414.88,396.72,18.15,325,309,16,622.48,8.14,0.04923
3121,Line_A,M13,Night,L050,40.9,44.63,48.5,26.77,52.69,5.119,0.489,38.54,419.58,400.51,19.07,259,243,16,792.27,8.74,0.06178
3122,Line_B,M10,Night,L056,23.3,52.35,51.8,28.52,52.52,5.136,1.007,42.7,436.86,428.49,8.37,382,367,15,521.88,7.11,0.03927
3123,Line_B,M10,Morning,L119,34.0,50.81,51.25,28.91,58.75,5.261,0.549,30.55,431.73,392.29,39.44,226,223,3,143.22,1.86,0.01327
3124,Line_B,M03,Evening,L039,4.4,42.88,41.46,29.13,61.02,5.512,0.985,53.64,409.74,400.69,9.04,324,310,14,480.23,9.29,0.04321
3125,Line_A,M02,Morning,L053,3.9,47.9,48.85,31.23,57.35,5.299,1.212,25.35,429.15,417.34,11.81,290,274,16,733.52,11.81,0.05517
3126,Line_A,M07,Night,L042,21.3,44.33,43.36,38.24,66.83,5.46,0.498,21.39,387.6,373.74,13.86,396,376,20,693.15,12.33,0.05051
3127,Line_C,M04,Evening,L085,38.7,51.45,51.4,34.68,54.58,5.663,0.815,25.46,418.95,386.71,32.24,394,375,19,933.65,12.23,0.04822
3128,Line_A,M10,Night,L065,27.6,51.03,54.38,32.39,41.57,5.044,0.598,23.88,405.62,395.36,10.26,338,328,10,426.15,4.76,0.02959
3129,Line_C,M06,Night,L075,10.9,39.73,38.88,28.11,48.01,5.197,1.07,58.48,395.82,389.49,6.33,410,387,23,946.91,13.46,0.0561
3130,Line_D,M02,Morning,L026,11.5,49.26,51.87,29.44,41.24,5.288,0.927,70.05,451.98,433.04,18.94,303,297,6,216.16,3.51,0.0198
3131,Line_B,M01,Night,L068,40.1,46.39,48.08,31.63,40.47,5.385,0.851,147.68,391.44,380.63,10.81,419,376,43,1965.1,26.9,0.10263
3132,Line_D,M16,Evening,L017,13.6,48.03,48.44,36.95,57.42,5.464,1.244,78.3,399.59,379.89,19.7,394,352,42,2102.8,17.49,0.1066
3133,Line_A,M02,Night,L019,15.3,53.2,58.47,31.08,47.95,5.556,0.631,10.0,416.66,411.11,5.56,346,334,12,465.89,5.16,0.03468
3134,Line_A,M15,Morning,L019,15.6,48.8,44.36,27.77,53.62,5.16,0.787,11.95,408.27,405.7,2.57,289,283,6,253.81,3.79,0.02076
3135,Line_C,M09,Morning,L033,12.7,45.05,48.96,31.12,45.95,5.157,1.324,22.09,403.1,381.4,21.7,193,178,15,789.7,11.51,0.07772
3136,Line_C,M14,Evening,L101,46.8,48.96,48.28,32.92,48.03,5.437,0.726,15.03,398.55,385.98,12.57,329,319,10,432.79,7.04,0.0304
3137,Line_D,M15,Night,L021,25.8,52.91,51.96,37.91,58.3,4.734,0.864,31.74,417.42,409.93,7.49,206,192,14,594.29,6.58,0.06796
3138,Line_A,M03,Morning,L052,13.0,47.75,49.16,34.3,49.8,5.005,0.805,72.52,397.21,367.02,30.19,271,268,3,125.12,2.13,0.01107
3139,Line_C,M09,Evening,L069,20.0,45.27,40.8,27.52,53.23,5.492,0.74,3.85,441.29,426.26,15.03,222,210,12,488.48,8.39,0.05405
3140,Line_B,M11,Morning,L032,17.6,48.12,56.41,21.16,50.8,4.707,0.858,50.91,401.66,400.56,1.1,320,315,5,232.36,2.58,0.01562
3141,Line_B,M11,Morning,L040,38.6,40.01,42.1,30.12,54.15,5.568,1.163,53.97,423.51,418.53,4.98,299,289,10,421.57,5.6,0.03344
3142,Line_A,M15,Evening,L009,26.9,48.28,44.35,31.69,56.04,5.03,0.935,62.96,411.85,406.49,5.36,291,284,7,254.1,3.7,0.02405
3143,Line_D,M03,Morning,L083,10.0,46.05,45.39,29.72,60.19,4.769,0.96,35.16,387.14,384.56,2.58,374,361,13,490.98,8.32,0.03476
3144,Line_A,M03,Morning,L105,24.4,45.83,43.49,26.51,41.56,5.053,0.998,5.43,395.76,367.37,28.4,238,234,4,179.31,2.57,0.01681
3145,Line_D,M14,Evening,L031,23.8,44.52,48.12,31.27,54.6,4.351,1.331,30.19,389.29,375.02,14.27,369,346,23,757.46,10.01,0.06233
3146,Line_C,M11,Night,L114,6.0,42.79,40.04,23.19,47.82,5.574,0.906,24.3,403.48,395.73,7.75,282,262,20,600.0,10.71,0.07092
3147,Line_C,M15,Morning,L050,6.1,51.67,52.6,36.48,45.83,4.542,0.691,72.7,428.44,416.12,12.32,270,254,16,637.1,9.98,0.05926
3148,Line_C,M04,Morning,L090,11.5,43.95,46.16,33.56,43.71,5.747,1.124,27.88,435.81,395.16,40.65,412,390,22,895.66,6.24,0.0534
3149,Line_D,M01,Evening,L113,62.7,49.7,52.85,27.22,50.89,5.236,1.096,90.11,425.64,417.13,8.51,291,280,11,442.97,8.04,0.0378
3150,Line_A,M12,Night,L101,14.9,53.1,50.88,29.83,62.3,5.024,1.017,37.38,426.72,416.86,9.85,180,173,7,279.42,3.38,0.03889
3151,Line_A,M13,Evening,L063,11.7,36.29,36.07,30.06,54.83,5.76,1.166,21.6,427.33,417.12,10.21,247,238,9,418.61,5.09,0.03644
3152,Line_C,M11,Morning,L018,27.2,45.37,45.87,34.88,57.44,5.338,0.608,44.23,435.7,423.99,11.71,182,173,9,349.58,3.57,0.04945
3153,Line_B,M01,Morning,L051,21.6,52.89,51.72,34.05,35.83,4.608,1.182,16.98,416.4,401.16,15.25,260,238,22,818.64,10.18,0.08462
3154,Line_A,M14,Morning,L039,16.9,48.05,50.19,29.63,53.25,5.162,0.64,48.33,436.41,434.45,1.96,207,203,4,147.38,2.22,0.01932
3155,Line_A,M05,Evening,L036,26.7,48.92,51.69,28.82,61.01,4.816,0.895,63.7,425.18,421.07,4.11,380,371,9,356.96,3.66,0.02368
3156,Line_B,M08,Morning,L014,8.2,53.51,55.03,28.58,59.33,5.324,0.647,10.78,411.8,407.96,3.83,393,380,13,560.81,4.95,0.03308
3157,Line_A,M01,Evening,L074,15.4,44.92,46.85,34.04,58.3,5.004,0.705,34.31,430.72,407.6,23.13,343,336,7,344.81,5.17,0.02041
3158,Line_A,M13,Morning,L055,22.1,49.9,50.96,21.91,51.1,5.113,1.479,52.0,432.09,401.46,30.63,214,204,10,411.16,5.7,0.04673
3159,Line_D,M14,Morning,L024,44.0,46.27,46.58,28.1,61.74,5.491,0.636,13.56,410.36,404.26,6.1,187,182,5,243.9,2.13,0.02674
3160,Line_B,M04,Evening,L044,23.8,46.79,44.16,26.1,40.89,5.196,0.855,19.25,443.82,424.48,19.34,229,217,12,510.08,7.46,0.0524
3161,Line_D,M02,Night,L009,23.2,37.41,37.68,33.99,51.09,5.297,0.815,11.94,405.42,401.64,3.78,214,208,6,230.88,3.66,0.02804
3162,Line_D,M11,Night,L081,21.8,43.55,45.45,29.92,53.5,4.938,1.181,6.76,428.85,423.38,5.47,187,182,5,255.79,3.35,0.02674
3163,Line_A,M09,Evening,L075,30.9,42.78,44.5,34.06,61.48,4.872,1.09,28.27,425.69,390.09,35.6,393,385,8,330.13,4.02,0.02036
3164,Line_C,M15,Night,L071,32.1,49.09,50.58,26.16,73.21,5.357,0.484,29.35,418.57,397.98,20.59,181,166,15,474.15,9.12,0.08287
3165,Line_C,M05,Morning,L105,9.8,54.05,51.02,38.4,42.73,4.629,0.702,44.64,415.65,413.41,2.24,310,279,31,1392.52,27.9,0.1
3166,Line_C,M12,Evening,L098,74.5,49.89,49.65,42.66,44.42,4.763,0.886,11.0,421.39,418.25,3.14,214,196,18,698.82,9.93,0.08411
3167,Line_A,M14,Evening,L107,13.0,47.93,47.81,22.46,61.54,5.191,0.74,50.44,422.47,404.78,17.69,331,324,7,308.59,4.78,0.02115
3168,Line_A,M15,Evening,L094,13.7,53.83,56.36,31.6,46.17,4.616,1.415,73.87,437.98,419.92,18.05,202,190,12,506.92,8.53,0.05941
3169,Line_A,M02,Morning,L081,24.3,55.0,59.45,37.84,53.33,5.595,1.016,67.6,430.15,419.13,11.02,328,320,8,259.91,6.02,0.02439
3170,Line_C,M11,Morning,L026,14.4,44.21,49.52,24.79,43.32,5.22,0.86,21.85,407.07,399.76,7.31,374,352,22,921.43,8.77,0.05882
3171,Line_D,M06,Evening,L043,33.4,49.59,54.71,24.57,59.45,4.874,0.863,76.12,424.49,406.75,17.73,330,323,7,262.86,3.07,0.02121
3172,Line_C,M09,Evening,L065,33.5,46.64,46.97,32.95,46.11,5.564,0.878,44.08,422.77,414.3,8.46,212,202,10,439.65,6.16,0.04717
3173,Line_C,M11,Night,L027,19.6,46.25,48.71,27.81,53.65,4.973,0.708,27.4,429.25,427.94,1.31,321,297,24,1268.84,16.0,0.07477
3174,Line_D,M15,Evening,L025,23.0,49.0,51.38,34.0,61.74,5.914,0.899,18.11,400.77,396.49,4.28,194,189,5,247.06,3.3,0.02577
3175,Line_C,M08,Evening,L079,22.0,50.69,52.42,28.15,54.91,5.163,0.795,11.99,401.38,397.33,4.06,248,236,12,519.37,7.73,0.04839
3176,Line_A,M06,Morning,L089,16.7,57.93,52.5,30.04,47.21,4.596,0.936,33.84,434.54,433.5,1.04,277,271,6,221.26,3.98,0.02166
3177,Line_D,M04,Night,L066,32.5,52.97,51.2,30.58,46.67,4.971,1.067,23.78,413.53,409.03,4.5,371,348,23,1086.16,12.37,0.06199
3178,Line_B,M12,Evening,L010,17.6,45.83,50.82,30.31,65.91,5.077,0.892,76.73,374.39,364.0,10.39,311,295,16,865.09,5.32,0.05145
3179,Line_A,M06,Morning,L067,30.5,46.57,49.27,34.76,59.42,4.774,1.133,28.07,442.06,440.12,1.93,199,198,1,37.26,0.69,0.00503
3180,Line_B,M12,Morning,L106,53.3,48.42,51.97,34.51,56.47,4.816,0.851,7.67,405.25,391.77,13.49,390,387,3,133.17,1.71,0.00769
3181,Line_D,M05,Morning,L052,43.4,52.07,51.11,31.01,51.57,5.01,0.971,18.74,433.23,424.43,8.8,232,228,4,184.34,2.63,0.01724
3182,Line_A,M14,Morning,L033,25.5,46.83,45.87,29.53,43.84,5.303,0.924,68.66,417.53,402.24,15.28,295,291,4,162.33,2.87,0.01356
3183,Line_B,M11,Morning,L031,23.9,50.78,48.85,31.76,39.17,5.778,1.119,28.73,425.34,418.47,6.87,214,206,8,357.39,4.16,0.03738
3184,Line_A,M08,Night,L053,12.3,52.18,53.69,41.51,56.1,4.632,1.177,31.87,402.75,394.03,8.72,324,295,29,1198.22,7.32,0.08951
3185,Line_A,M16,Evening,L100,29.2,57.12,61.23,27.35,51.41,4.855,1.081,49.16,438.23,417.02,21.21,215,212,3,123.22,0.99,0.01395
3186,Line_A,M08,Evening,L088,14.5,49.93,50.01,31.97,36.78,4.596,0.953,51.73,385.76,376.99,8.77,319,300,19,696.58,5.34,0.05956
3187,Line_C,M09,Night,L112,22.3,48.75,54.9,35.47,38.58,5.512,0.8,43.69,429.33,403.21,26.12,300,273,27,995.64,12.38,0.09
3188,Line_D,M01,Evening,L081,37.5,45.81,46.49,30.94,47.1,5.704,0.919,43.55,429.11,418.12,10.99,408,402,6,278.29,4.45,0.01471
3189,Line_A,M11,Morning,L001,48.3,46.73,51.2,34.38,65.07,4.998,0.797,98.33,439.21,426.47,12.73,246,238,8,288.67,5.88,0.03252
3190,Line_B,M15,Morning,L058,32.5,53.55,48.83,30.16,58.97,4.865,0.655,9.23,433.39,426.26,7.13,280,275,5,237.44,3.79,0.01786
3191,Line_A,M10,Morning,L076,31.0,49.39,55.18,34.24,47.78,4.917,0.55,72.46,411.19,397.66,13.54,212,208,4,192.31,2.4,0.01887
3192,Line_A,M07,Morning,L114,46.0,48.52,48.91,33.92,49.06,5.21,0.827,25.29,455.25,442.74,12.51,349,349,0,0.0,0.0,0.0
3193,Line_C,M11,Night,L119,24.7,38.48,36.52,29.47,51.61,5.735,0.953,23.12,410.31,408.63,1.67,298,287,11,503.58,6.82,0.03691
3194,Line_C,M09,Evening,L083,8.6,40.04,42.91,34.61,63.97,5.227,1.247,50.57,421.86,413.63,8.22,254,224,30,1239.23,18.89,0.11811
3195,Line_C,M04,Evening,L090,21.8,47.24,49.05,29.25,65.46,5.549,0.717,19.54,413.56,408.11,5.45,252,238,14,600.65,4.22,0.05556
3196,Line_B,M04,Evening,L002,22.5,50.37,48.35,30.61,72.83,5.681,0.725,16.28,440.61,418.56,22.05,218,189,29,969.93,17.15,0.13303
3197,Line_C,M15,Evening,L080,16.4,52.19,49.91,33.13,29.12,4.753,0.578,60.5,414.94,412.51,2.43,263,248,15,626.05,8.67,0.05703
3198,Line_A,M10,Evening,L038,21.7,53.47,52.75,37.12,60.26,5.882,1.03,105.32,397.04,381.26,15.78,278,261,17,626.4,10.56,0.06115
3199,Line_A,M15,Evening,L096,30.9,48.22,47.91,23.52,56.75,5.144,0.798,34.47,398.07,384.87,13.19,280,276,4,156.79,1.96,0.01429
3200,Line_D,M06,Morning,L079,9.5,45.5,45.22,34.24,60.15,5.396,1.186,58.5,423.02,405.45,17.57,302,283,19,904.38,11.82,0.06291
3201,Line_C,M16,Morning,L064,33.2,43.68,43.49,35.64,49.71,5.379,0.622,141.24,406.95,392.78,14.17,318,295,23,941.29,11.8,0.07233
3202,Line_D,M10,Morning,L087,22.6,51.11,57.65,28.29,56.68,4.723,0.721,3.56,425.3,413.61,11.69,320,314,6,245.39,3.07,0.01875
3203,Line_D,M14,Evening,L018,42.1,49.37,42.65,31.06,44.7,5.376,0.769,30.76,453.99,452.22,1.77,236,230,6,278.35,2.72,0.02542
3204,Line_C,M12,Morning,L031,7.8,42.43,43.97,33.72,62.4,5.699,0.904,14.85,409.3,408.01,1.29,325,313,12,434.94,7.23,0.03692
3205,Line_D,M15,Morning,L082,21.4,44.83,46.13,33.32,52.73,5.702,1.414,26.21,444.79,426.12,18.67,258,246,12,469.77,5.32,0.04651
3206,Line_B,M10,Evening,L011,33.6,51.83,54.53,27.73,61.7,5.476,0.861,7.55,426.6,418.27,8.34,345,337,8,265.71,6.32,0.02319
3207,Line_A,M13,Night,L013,16.9,49.1,51.63,31.26,46.22,5.399,0.915,61.9,414.88,393.06,21.82,387,366,21,868.58,10.85,0.05426
3208,Line_A,M01,Morning,L046,18.7,54.04,54.17,29.29,46.58,5.015,0.772,17.63,374.45,360.23,14.22,411,396,15,517.65,8.11,0.0365
3209,Line_A,M09,Morning,L020,28.0,45.58,48.52,32.5,51.79,5.679,0.718,24.2,422.19,411.61,10.58,304,294,10,473.7,5.64,0.03289
3210,Line_A,M13,Evening,L046,30.7,48.07,54.22,33.14,55.01,5.529,1.108,20.96,409.27,363.0,46.27,306,288,18,705.98,15.13,0.05882
3211,Line_B,M14,Morning,L016,31.1,52.9,57.99,30.19,34.05,5.448,1.037,49.71,420.62,403.11,17.51,216,209,7,290.07,5.71,0.03241
3212,Line_C,M09,Morning,L059,47.4,44.26,42.43,30.16,35.15,5.327,0.776,7.27,404.65,393.38,11.26,186,169,17,681.74,8.57,0.0914
3213,Line_D,M16,Evening,L098,10.8,37.78,38.58,36.53,50.15,6.241,1.039,48.32,424.78,412.07,12.71,246,236,10,497.36,6.06,0.04065
3214,Line_C,M04,Night,L038,14.5,47.37,47.12,33.09,45.93,5.261,0.827,88.15,427.65,406.32,21.33,266,234,32,1768.79,15.56,0.1203
3215,Line_A,M13,Night,L052,11.6,47.04,49.44,31.07,35.84,5.736,0.832,7.51,383.23,364.67,18.55,275,262,13,595.18,8.5,0.04727
3216,Line_C,M06,Evening,L060,17.5,44.45,46.61,26.88,59.19,5.234,0.977,33.22,438.7,433.78,4.93,278,267,11,393.26,3.94,0.03957
3217,Line_B,M05,Night,L061,17.6,46.6,50.18,26.67,76.75,5.442,1.027,27.46,416.53,405.09,11.44,222,208,14,623.52,8.94,0.06306
3218,Line_A,M13,Evening,L073,18.3,50.71,55.61,28.33,51.01,5.657,0.876,112.48,423.12,393.93,29.2,350,330,20,850.99,14.71,0.05714
3219,Line_B,M13,Evening,L079,4.7,45.91,44.68,27.77,54.25,5.152,0.702,13.49,425.07,392.44,32.63,346,325,21,995.32,9.53,0.06069
3220,Line_B,M15,Evening,L009,21.3,54.84,52.33,35.02,54.48,4.843,0.853,8.03,411.24,410.6,0.64,400,392,8,315.23,5.09,0.02
3221,Line_A,M07,Evening,L040,9.1,45.99,48.85,29.77,35.25,5.209,1.077,53.92,421.73,405.18,16.55,385,377,8,278.08,2.52,0.02078
3222,Line_D,M14,Evening,L039,14.6,45.32,43.94,25.74,38.53,4.856,0.841,22.0,409.74,403.15,6.59,408,398,10,484.42,3.41,0.02451
3223,Line_C,M13,Night,L033,14.4,44.59,47.4,30.77,53.58,4.428,0.748,62.75,459.75,430.64,29.12,248,220,28,886.97,13.6,0.1129
3224,Line_C,M15,Night,L093,21.2,49.07,46.87,28.58,56.24,4.934,0.798,21.62,445.49,441.99,3.49,324,305,19,682.36,14.83,0.05864
3225,Line_A,M06,Evening,L056,30.2,47.44,45.77,34.84,57.03,5.064,0.599,25.19,396.0,389.42,6.57,222,221,1,39.12,0.39,0.0045
3226,Line_D,M08,Morning,L074,24.2,47.68,47.71,33.62,44.39,5.002,1.126,43.47,424.68,415.95,8.73,239,236,3,137.93,1.66,0.01255
3227,Line_C,M12,Evening,L100,70.3,47.37,49.01,29.31,52.08,5.814,1.048,38.46,402.21,382.89,19.32,305,297,8,331.96,5.24,0.02623
3228,Line_A,M07,Morning,L014,11.0,49.21,52.81,26.9,68.28,6.04,1.357,26.3,417.69,406.12,11.58,231,222,9,445.1,4.84,0.03896
3229,Line_C,M16,Morning,L022,35.4,37.78,42.96,35.19,46.59,5.158,0.844,38.94,455.27,441.22,14.05,399,384,15,589.78,7.0,0.03759
3230,Line_B,M14,Evening,L047,42.8,45.74,45.2,39.55,46.04,4.939,0.847,35.84,426.63,423.1,3.53,376,347,29,912.28,8.44,0.07713
3231,Line_B,M01,Night,L073,33.9,51.97,52.7,27.63,49.29,5.704,1.024,79.71,427.36,407.45,19.91,296,278,18,710.66,7.76,0.06081
3232,Line_A,M07,Night,L102,28.1,44.72,42.34,24.97,63.3,5.328,0.715,4.75,404.28,395.37,8.91,417,401,16,696.38,9.53,0.03837
3233,Line_B,M09,Evening,L001,38.7,41.54,43.75,34.76,54.7,5.174,1.083,73.74,422.59,403.96,18.63,204,197,7,351.82,4.17,0.03431
3234,Line_A,M12,Night,L050,20.0,41.6,42.6,31.51,36.46,5.67,1.012,49.9,413.56,407.54,6.02,308,296,12,541.81,4.68,0.03896
3235,Line_A,M09,Morning,L030,44.5,43.33,47.56,31.59,38.82,4.892,1.118,81.66,422.64,407.0,15.64,351,335,16,810.92,6.76,0.04558
3236,Line_A,M10,Evening,L001,10.8,50.53,52.19,23.24,55.24,4.544,0.956,49.53,444.37,438.33,6.04,277,268,9,361.94,5.37,0.03249
3237,Line_D,M10,Morning,L094,29.1,41.79,43.23,27.41,43.46,6.353,0.802,52.6,426.49,424.2,2.28,373,361,12,360.0,5.87,0.03217
3238,Line_B,M03,Morning,L062,27.9,47.14,45.3,31.55,43.95,4.198,0.997,88.38,392.84,373.09,19.76,264,243,21,813.03,13.51,0.07955
3239,Line_B,M06,Morning,L044,29.5,48.56,51.95,32.05,59.71,5.564,0.536,8.13,407.44,378.62,28.81,286,285,1,36.38,0.4,0.0035
3240,Line_B,M05,Night,L021,38.9,45.66,48.51,40.15,41.34,5.31,0.666,32.38,404.5,387.6,16.91,250,242,8,265.0,3.47,0.032
3241,Line_D,M06,Night,L114,48.4,45.5,45.43,36.39,56.31,5.299,0.602,15.07,430.08,424.63,5.44,353,336,17,589.82,12.63,0.04816
3242,Line_C,M04,Evening,L095,32.8,44.23,48.81,34.22,48.23,5.167,0.742,20.32,419.78,402.29,17.5,182,167,15,747.77,7.91,0.08242
3243,Line_D,M16,Morning,L027,32.1,54.93,55.51,22.92,50.19,5.681,0.426,81.3,425.77,414.51,11.26,238,230,8,333.37,5.65,0.03361
3244,Line_B,M03,Evening,L093,18.7,46.84,49.7,34.55,55.85,4.856,1.162,64.46,437.39,435.07,2.32,416,403,13,441.32,6.63,0.03125
3245,Line_A,M06,Morning,L064,15.9,50.31,47.76,30.55,57.54,5.444,0.607,7.83,387.9,380.84,7.06,315,307,8,347.69,4.28,0.0254
3246,Line_C,M07,Night,L063,23.7,50.95,51.59,30.87,56.78,5.35,0.973,56.1,417.71,402.34,15.37,226,209,17,655.98,6.14,0.07522
3247,Line_B,M10,Night,L106,31.5,49.18,59.02,37.15,68.12,5.541,0.659,71.27,427.07,419.9,7.17,221,203,18,767.41,12.47,0.08145
3248,Line_D,M04,Evening,L092,29.6,52.96,59.94,30.95,49.44,5.199,1.231,87.93,434.05,398.74,35.3,332,308,24,743.19,10.48,0.07229
3249,Line_D,M12,Evening,L007,4.1,46.65,54.34,30.72,66.86,4.844,0.924,37.79,432.32,395.76,36.56,385,367,18,733.1,9.79,0.04675
3250,Line_B,M02,Night,L026,28.0,43.08,40.54,27.16,59.08,4.88,0.817,21.37,410.03,401.26,8.78,351,336,15,729.12,7.68,0.04274
3251,Line_D,M01,Night,L016,22.3,45.9,42.69,34.58,47.74,5.083,0.995,26.14,421.74,413.61,8.13,343,331,12,522.85,4.62,0.03499
3252,Line_C,M04,Morning,L085,28.7,44.76,41.49,31.98,25.0,5.676,0.902,38.84,401.25,382.55,18.7,320,304,16,506.04,12.97,0.05
3253,Line_A,M04,Night,L112,14.9,50.61,50.45,34.45,79.12,5.627,1.134,11.69,422.67,389.68,32.99,354,319,35,1511.77,16.82,0.09887
3254,Line_B,M10,Evening,L098,59.2,56.54,52.51,26.74,50.48,4.949,0.618,16.95,434.21,433.06,1.16,318,312,6,258.32,3.46,0.01887
3255,Line_A,M13,Morning,L096,37.1,55.37,62.99,37.33,47.39,4.938,0.442,20.44,412.46,385.14,27.32,242,225,17,669.64,12.07,0.07025
3256,Line_D,M13,Morning,L115,20.2,46.35,52.23,34.51,69.12,4.332,0.965,88.42,384.14,351.74,32.4,269,255,14,643.68,6.84,0.05204
3257,Line_A,M03,Morning,L027,18.6,47.37,51.29,30.2,52.66,5.397,1.119,16.6,401.73,368.61,33.12,193,191,2,86.29,1.36,0.01036
3258,Line_B,M08,Morning,L023,31.2,47.91,50.94,33.41,56.16,4.786,0.605,65.08,408.05,389.89,18.16,362,356,6,216.52,2.28,0.01657
3259,Line_C,M03,Morning,L026,22.5,47.39,47.61,33.79,42.3,5.447,0.858,116.15,436.81,432.74,4.07,412,388,24,1037.18,11.05,0.05825
3260,Line_A,M10,Morning,L043,36.7,40.94,40.8,37.28,33.95,6.113,0.621,40.33,461.84,448.61,13.22,359,354,5,190.93,2.38,0.01393
3261,Line_A,M05,Morning,L017,23.6,50.46,51.91,30.05,58.19,5.027,1.096,73.77,438.09,427.42,10.66,245,238,7,301.06,1.81,0.02857
3262,Line_C,M11,Evening,L076,35.6,44.98,41.78,30.13,50.89,5.522,1.08,53.8,393.66,380.94,12.71,318,300,18,779.63,10.32,0.0566
3263,Line_A,M13,Evening,L042,33.8,41.9,41.52,27.1,53.53,4.982,0.529,24.28,426.1,401.28,24.82,261,255,6,347.98,1.91,0.02299
3264,Line_B,M11,Evening,L087,22.9,50.12,49.43,39.33,60.79,4.806,0.98,83.27,460.12,433.99,26.13,198,185,13,558.37,5.29,0.06566
3265,Line_B,M01,Morning,L043,12.6,56.11,51.46,27.29,57.26,5.779,1.005,12.07,438.62,425.26,13.36,377,364,13,649.58,5.82,0.03448
3266,Line_A,M16,Morning,L013,4.8,50.47,50.86,30.72,62.84,4.947,1.071,77.86,420.19,396.83,23.36,410,401,9,416.36,4.84,0.02195
3267,Line_A,M08,Evening,L062,35.3,51.41,55.45,31.86,62.19,4.848,0.947,80.68,431.72,418.18,13.53,366,363,3,116.36,2.09,0.0082
3268,Line_C,M10,Night,L117,11.2,49.67,49.8,26.74,39.26,4.622,1.039,19.51,412.03,410.83,1.21,364,329,35,1534.99,18.75,0.09615
3269,Line_D,M11,Evening,L067,20.1,47.08,44.86,36.27,53.9,4.964,1.136,37.18,410.04,409.69,0.35,246,235,11,430.28,4.9,0.04472
3270,Line_A,M09,Evening,L005,25.9,56.07,58.38,44.38,41.25,5.575,1.039,53.54,441.35,423.58,17.77,333,304,29,1110.53,16.6,0.08709
3271,Line_D,M16,Evening,L023,38.9,44.65,46.42,27.85,31.87,4.858,0.728,10.25,419.5,404.32,15.18,330,328,2,69.83,1.17,0.00606
3272,Line_C,M14,Evening,L101,15.0,48.25,51.0,29.06,54.37,5.977,1.35,62.94,433.8,422.14,11.66,237,221,16,815.96,4.18,0.06751
3273,Line_C,M11,Evening,L021,36.4,45.5,39.37,38.86,49.64,4.865,0.815,35.74,435.77,427.32,8.45,265,246,19,798.26,16.04,0.0717
3274,Line_C,M10,Morning,L054,26.3,43.36,42.68,28.3,50.23,5.095,0.743,8.83,437.87,435.85,2.01,207,197,10,300.0,5.14,0.04831
3275,Line_C,M06,Night,L079,8.8,56.31,62.95,24.51,65.45,4.678,0.766,27.24,428.89,418.86,10.03,224,203,21,888.73,12.08,0.09375
3276,Line_D,M08,Morning,L059,24.6,36.18,39.44,29.36,37.38,6.06,0.699,63.83,413.72,402.11,11.61,272,267,5,237.47,3.62,0.01838
3277,Line_B,M01,Morning,L119,12.6,45.66,44.99,33.53,61.63,5.467,0.852,9.62,405.99,404.82,1.18,304,295,9,398.14,4.07,0.02961
3278,Line_C,M12,Night,L086,7.4,51.0,50.69,28.33,51.7,4.9,1.111,32.83,408.24,401.89,6.36,374,353,21,910.4,14.34,0.05615
3279,Line_B,M03,Night,L012,38.0,51.39,53.29,23.58,54.14,5.344,1.148,52.57,420.14,409.46,10.68,382,368,14,420.0,6.41,0.03665
3280,Line_A,M04,Morning,L025,10.4,55.49,53.26,32.46,39.65,5.336,0.847,29.99,397.1,370.2,26.9,325,313,12,503.76,7.29,0.03692
3281,Line_C,M10,Evening,L093,15.5,51.74,51.8,34.81,58.54,5.073,1.031,33.35,435.12,434.1,1.02,181,176,5,240.79,2.51,0.02762
3282,Line_A,M11,Evening,L063,38.8,48.39,43.72,28.58,53.17,4.646,0.888,70.35,435.26,425.44,9.81,362,347,15,581.29,9.12,0.04144
3283,Line_A,M01,Evening,L081,31.4,55.58,59.0,30.19,54.82,5.355,0.842,15.0,421.28,420.89,0.4,216,210,6,233.41,2.67,0.02778
3284,Line_A,M13,Night,L034,18.6,44.71,44.73,33.06,63.9,4.859,0.69,20.57,415.62,402.8,12.82,372,354,18,881.22,8.78,0.04839
3285,Line_A,M03,Night,L091,19.2,38.94,36.43,28.61,40.97,4.826,0.703,24.84,392.65,382.0,10.65,409,398,11,497.07,6.03,0.02689
3286,Line_C,M11,Evening,L024,23.0,51.88,48.71,27.0,58.36,6.137,1.263,2.38,441.5,435.93,5.57,243,227,16,746.11,9.15,0.06584
3287,Line_C,M13,Evening,L061,8.9,45.92,42.55,23.64,52.45,4.528,0.859,25.86,406.62,403.21,3.41,209,191,18,777.66,13.44,0.08612
3288,Line_B,M04,Night,L057,6.3,41.02,44.81,29.58,56.48,5.69,0.566,23.44,426.53,415.52,11.01,310,285,25,1098.97,13.16,0.08065
3289,Line_A,M07,Evening,L033,24.2,43.74,38.26,28.73,47.45,4.467,1.223,29.12,422.66,407.32,15.33,316,301,15,668.61,8.3,0.04747
3290,Line_B,M09,Morning,L012,31.6,51.91,59.11,33.51,53.63,5.421,1.026,17.41,397.62,365.85,31.78,256,244,12,571.54,6.55,0.04688
3291,Line_B,M09,Night,L108,10.7,44.9,46.89,27.66,62.95,5.363,1.225,33.57,426.74,391.04,35.69,410,371,39,1669.39,26.92,0.09512
3292,Line_C,M13,Evening,L057,20.1,48.17,53.21,31.69,51.11,4.615,0.811,17.28,435.99,424.03,11.96,199,181,18,591.97,7.83,0.09045
3293,Line_C,M16,Night,L028,37.2,46.91,43.43,32.81,49.7,5.01,0.663,34.82,418.9,408.89,10.01,309,292,17,724.68,12.8,0.05502
3294,Line_B,M07,Evening,L083,22.8,46.79,45.47,28.56,43.14,5.155,1.034,18.88,447.27,430.74,16.54,214,210,4,174.69,2.08,0.01869
3295,Line_B,M10,Morning,L052,32.0,50.81,50.71,32.69,60.98,5.313,1.284,22.05,409.15,406.87,2.28,247,240,7,287.5,4.06,0.02834
3296,Line_D,M15,Evening,L013,16.0,43.27,39.38,33.64,59.94,5.936,0.737,20.79,427.96,426.12,1.84,262,255,7,282.95,4.76,0.02672
3297,Line_C,M10,Night,L035,25.1,41.47,43.3,30.01,54.97,4.633,0.734,10.63,408.29,395.19,13.09,249,237,12,602.56,8.04,0.04819
3298,Line_B,M01,Morning,L097,43.9,49.33,49.53,30.27,51.26,5.022,0.998,9.23,415.43,408.05,7.38,218,213,5,249.79,3.04,0.02294
3299,Line_B,M05,Morning,L048,15.7,46.44,48.62,33.41,60.44,5.865,1.053,29.31,398.96,383.26,15.69,180,176,4,163.44,2.74,0.02222
3300,Line_A,M11,Morning,L073,15.1,45.83,48.2,34.11,56.76,5.606,0.991,54.65,388.64,385.28,3.35,372,366,6,229.77,2.76,0.01613
3301,Line_D,M16,Morning,L042,17.2,53.34,55.98,33.59,53.57,5.431,0.768,24.96,448.46,439.69,8.76,314,310,4,166.21,2.08,0.01274
3302,Line_B,M04,Evening,L004,12.6,47.89,49.89,32.81,50.1,5.327,0.737,6.38,465.31,456.23,9.08,222,214,8,334.8,4.7,0.03604
3303,Line_A,M04,Morning,L080,19.7,49.71,48.24,28.78,50.41,4.371,1.164,32.16,413.5,383.06,30.44,311,293,18,613.14,9.45,0.05788
3304,Line_D,M11,Night,L096,22.4,50.18,51.98,39.62,50.07,5.118,0.825,53.58,413.23,410.28,2.95,285,272,13,528.1,8.65,0.04561
3305,Line_C,M02,Morning,L017,33.2,48.88,49.34,27.05,54.23,4.555,1.022,59.52,459.03,452.92,6.11,331,305,26,930.46,15.31,0.07855
3306,Line_A,M16,Morning,L009,21.4,45.35,44.84,29.68,56.17,5.117,1.242,57.76,440.14,430.85,9.28,385,375,10,377.75,4.89,0.02597
3307,Line_A,M15,Morning,L031,23.2,49.43,46.51,29.12,51.43,5.398,0.81,36.79,414.26,405.48,8.78,391,385,6,241.93,1.96,0.01535
3308,Line_A,M10,Evening,L114,25.0,46.62,52.11,32.59,50.6,5.198,0.955,23.52,420.57,413.14,7.42,364,358,6,235.13,4.05,0.01648
3309,Line_C,M06,Night,L069,16.3,40.18,40.26,35.19,66.47,5.55,0.946,102.04,404.33,396.81,7.52,371,342,29,973.32,18.11,0.07817
3310,Line_A,M07,Evening,L029,23.7,49.73,48.81,27.95,61.15,5.494,0.611,52.27,413.4,400.7,12.7,311,308,3,133.93,2.2,0.00965
3311,Line_D,M09,Night,L017,10.0,43.99,46.25,29.58,51.86,5.167,1.289,86.44,423.49,403.28,20.21,306,268,38,1373.53,22.85,0.12418
3312,Line_D,M14,Evening,L017,57.2,46.28,45.63,30.14,52.49,5.881,1.028,17.06,415.33,407.51,7.82,416,396,20,890.75,7.45,0.04808
3313,Line_C,M12,Morning,L107,28.4,43.91,45.04,38.25,54.24,5.514,0.981,38.46,457.67,452.9,4.77,318,306,12,482.95,7.44,0.03774
3314,Line_C,M08,Night,L032,32.4,50.03,49.22,29.51,39.15,5.434,1.772,27.34,422.01,406.27,15.74,407,382,25,1168.4,8.68,0.06143
3315,Line_B,M11,Evening,L042,20.0,57.18,51.57,27.78,46.23,5.499,0.912,59.8,427.91,426.06,1.84,227,219,8,359.95,3.3,0.03524
3316,Line_A,M10,Evening,L062,10.5,43.22,38.52,34.91,37.38,5.554,0.615,77.57,401.3,383.19,18.11,292,282,10,447.0,5.55,0.03425
3317,Line_C,M02,Evening,L024,48.6,47.35,50.16,30.12,52.36,5.501,0.602,70.02,417.23,400.28,16.95,402,385,17,687.01,9.36,0.04229
3318,Line_A,M05,Morning,L092,20.6,52.69,50.54,32.6,57.88,5.165,1.097,7.14,465.55,450.51,15.04,406,402,4,181.36,1.43,0.00985
3319,Line_A,M04,Evening,L091,19.1,50.3,52.99,29.78,57.04,5.125,0.779,37.18,405.34,378.43,26.91,293,281,12,506.5,5.19,0.04096
3320,Line_B,M09,Morning,L105,7.9,51.81,56.52,23.7,42.32,5.407,0.754,22.81,414.73,393.38,21.35,290,273,17,778.49,11.26,0.05862
3321,Line_A,M16,Morning,L085,20.4,46.14,50.03,31.16,30.31,5.141,0.795,50.3,401.82,389.3,12.52,335,330,5,237.66,3.0,0.01493
3322,Line_B,M12,Morning,L059,38.5,45.65,45.59,33.47,55.99,4.877,0.632,33.96,454.97,447.17,7.79,345,336,9,410.09,3.05,0.02609
3323,Line_C,M11,Evening,L033,14.4,39.36,38.79,28.59,61.07,5.008,1.005,55.62,420.08,411.91,8.18,367,351,16,503.0,7.92,0.0436
3324,Line_D,M09,Night,L086,13.8,42.12,40.34,31.2,51.93,5.505,0.821,28.08,436.23,423.19,13.04,207,201,6,264.22,2.87,0.02899
3325,Line_C,M06,Night,L020,22.4,49.02,50.32,30.64,48.74,5.177,0.837,13.41,437.27,433.08,4.19,332,314,18,781.18,9.23,0.05422
3326,Line_D,M04,Morning,L102,20.0,36.84,35.3,29.54,42.9,4.712,0.276,51.85,411.65,389.92,21.73,390,374,16,736.53,8.85,0.04103
3327,Line_B,M15,Night,L089,18.3,53.17,47.31,32.96,65.97,5.585,1.156,32.97,415.62,414.12,1.5,385,362,23,930.49,11.05,0.05974
3328,Line_D,M01,Morning,L049,14.5,39.02,43.28,30.35,46.21,5.768,0.883,64.91,436.03,419.17,16.85,206,201,5,212.87,3.09,0.02427
3329,Line_B,M15,Evening,L060,19.8,51.95,47.25,36.34,63.98,4.992,1.155,42.45,408.85,401.25,7.6,398,388,10,381.0,6.85,0.02513
3330,Line_A,M04,Morning,L068,30.8,42.64,41.77,35.5,42.04,5.302,0.653,37.0,429.73,409.24,20.49,412,387,25,1077.87,13.8,0.06068
3331,Line_D,M13,Morning,L089,8.2,50.57,48.47,37.55,44.76,5.131,1.099,19.02,411.43,378.3,33.13,326,310,16,592.78,9.16,0.04908
3332,Line_A,M14,Night,L038,39.1,52.02,50.25,35.78,58.67,5.169,1.063,35.58,419.9,411.56,8.35,318,310,8,383.96,5.08,0.02516
3333,Line_A,M15,Evening,L103,35.0,48.8,52.45,34.85,47.3,5.787,0.751,78.94,407.77,401.88,5.89,301,282,19,876.85,7.22,0.06312
3334,Line_A,M16,Morning,L112,18.0,49.52,49.26,27.64,44.08,4.817,1.358,88.36,411.86,404.62,7.24,180,177,3,132.21,1.46,0.01667
3335,Line_B,M09,Night,L041,33.6,48.07,49.62,33.72,52.02,5.161,0.894,10.23,418.08,397.75,20.33,227,213,14,629.44,6.03,0.06167
3336,Line_B,M09,Night,L022,16.8,45.12,52.88,33.67,66.8,5.118,0.973,7.48,427.48,376.67,50.8,287,260,27,1219.12,17.94,0.09408
3337,Line_C,M01,Evening,L046,39.2,47.31,54.09,30.64,56.94,5.647,1.366,43.59,424.28,408.05,16.22,277,252,25,937.26,11.74,0.09025
3338,Line_D,M14,Morning,L052,17.4,47.48,49.71,28.84,49.82,5.616,0.485,75.99,434.61,431.49,3.11,335,326,9,347.29,5.02,0.02687
3339,Line_B,M10,Morning,L051,17.1,58.92,60.33,32.56,44.52,5.834,0.865,14.3,408.53,397.09,11.44,326,318,8,300.52,3.9,0.02454
3340,Line_C,M01,Evening,L075,4.9,47.74,50.93,27.14,48.05,5.526,0.762,18.17,450.07,435.04,15.03,250,239,11,332.59,6.25,0.044
3341,Line_B,M06,Morning,L031,16.6,50.66,49.14,37.25,59.88,4.512,0.579,12.27,429.9,425.81,4.08,342,318,24,962.13,11.12,0.07018
3342,Line_D,M14,Evening,L043,14.7,46.93,46.38,24.69,45.48,4.971,1.008,58.26,431.33,430.15,1.18,263,253,10,451.31,4.83,0.03802
3343,Line_A,M07,Night,L044,27.4,55.05,51.63,24.33,59.33,5.131,0.505,48.12,437.65,434.74,2.91,223,212,11,590.75,7.04,0.04933
3344,Line_A,M05,Night,L006,21.7,47.11,45.82,26.01,39.27,5.605,0.46,33.99,404.61,402.56,2.06,280,270,10,485.2,5.69,0.03571
3345,Line_B,M05,Evening,L019,20.3,39.64,40.29,32.26,45.34,4.58,1.099,51.77,418.85,415.04,3.81,238,221,17,667.22,8.26,0.07143
3346,Line_C,M03,Night,L066,21.9,43.23,41.33,27.91,49.47,5.131,0.577,15.21,425.04,423.47,1.56,412,391,21,798.97,6.97,0.05097
3347,Line_D,M09,Evening,L047,49.7,49.75,52.55,31.69,66.04,5.489,1.063,57.81,423.26,396.99,26.28,262,248,14,516.76,8.58,0.05344
3348,Line_C,M05,Evening,L078,13.9,45.57,41.17,29.67,69.2,5.193,0.725,56.7,420.49,417.91,2.57,274,258,16,636.06,8.02,0.05839
3349,Line_C,M10,Morning,L095,6.7,41.5,44.48,28.61,30.41,5.198,1.242,69.49,404.56,372.84,31.72,192,180,12,558.43,4.27,0.0625
3350,Line_B,M08,Morning,L058,19.7,47.25,47.97,34.02,50.15,4.911,1.047,83.83,407.57,388.67,18.9,282,271,11,436.77,7.1,0.03901
3351,Line_A,M11,Evening,L022,26.5,45.36,48.13,34.06,57.78,5.23,0.77,97.69,438.59,431.95,6.64,304,295,9,387.73,3.51,0.02961
3352,Line_A,M10,Night,L012,10.3,46.87,53.54,35.41,56.66,5.111,1.069,45.17,434.11,427.58,6.53,369,355,14,590.91,9.37,0.03794
3353,Line_A,M01,Evening,L018,67.9,52.26,55.59,38.29,51.76,5.973,0.955,34.21,427.93,396.51,31.42,215,210,5,228.66,3.0,0.02326
3354,Line_B,M01,Evening,L009,47.3,50.26,48.7,24.73,62.01,5.058,1.193,50.36,413.35,410.37,2.98,205,199,6,255.29,3.66,0.02927
3355,Line_B,M05,Morning,L052,36.6,51.29,59.45,29.67,61.33,5.181,0.929,27.07,428.45,404.12,24.33,389,381,8,300.01,3.97,0.02057
3356,Line_B,M06,Night,L087,19.8,48.67,48.62,32.13,53.81,5.186,0.746,19.3,367.49,344.8,22.7,181,169,12,568.1,8.75,0.0663
3357,Line_C,M08,Evening,L116,46.0,41.63,46.99,24.36,45.2,4.655,1.138,33.61,403.39,394.01,9.38,419,392,27,955.06,13.66,0.06444
3358,Line_B,M12,Night,L030,18.4,42.12,44.55,25.67,53.09,4.681,0.798,28.52,439.03,406.5,32.53,197,192,5,188.2,3.03,0.02538
3359,Line_C,M16,Night,L039,7.2,47.22,46.73,34.43,56.12,5.561,0.814,37.28,432.11,421.22,10.89,225,215,10,362.24,5.05,0.04444
3360,Line_C,M13,Evening,L020,23.2,41.38,39.61,42.63,48.57,5.424,0.9,26.54,412.27,388.79,23.48,345,311,34,1498.54,12.95,0.09855
3361,Line_B,M06,Evening,L046,37.1,48.17,49.41,32.38,50.92,5.464,1.061,37.22,444.49,438.4,6.09,213,199,14,623.33,7.74,0.06573
3362,Line_B,M04,Morning,L097,15.6,47.01,45.41,34.78,52.82,5.086,0.958,15.37,434.56,422.0,12.56,314,294,20,814.94,16.96,0.06369
3363,Line_C,M06,Evening,L062,31.0,42.1,43.4,31.67,50.42,5.094,0.989,23.9,406.45,403.36,3.08,235,229,6,231.13,3.28,0.02553
3364,Line_C,M04,Evening,L061,16.4,47.05,44.59,30.07,49.86,6.441,0.4,75.41,449.86,434.31,15.55,295,283,12,519.63,4.81,0.04068
3365,Line_B,M09,Morning,L028,24.2,48.71,51.19,27.21,47.71,4.842,1.101,39.62,450.54,427.31,23.22,207,192,15,741.07,9.51,0.07246
3366,Line_B,M11,Night,L064,7.3,45.33,46.18,33.82,44.89,5.69,1.11,31.23,414.68,407.35,7.33,203,198,5,227.76,2.05,0.02463
3367,Line_C,M05,Evening,L018,10.3,46.12,50.17,28.85,52.97,5.241,1.348,39.41,400.33,397.46,2.87,231,219,12,572.69,5.12,0.05195
3368,Line_C,M10,Night,L018,17.7,53.26,51.04,30.67,44.48,5.971,0.591,75.68,429.5,418.29,11.22,198,182,16,643.36,9.83,0.08081
3369,Line_A,M06,Night,L088,38.3,48.85,51.11,31.21,48.88,5.422,0.744,18.95,429.41,422.59,6.82,315,301,14,471.3,9.56,0.04444
3370,Line_B,M08,Morning,L102,9.6,43.16,45.99,30.05,32.85,5.612,0.788,53.19,421.5,405.21,16.28,204,195,9,483.96,5.8,0.04412
3371,Line_D,M04,Morning,L072,12.3,39.66,42.7,26.85,55.24,4.855,1.278,68.21,445.35,413.7,31.66,251,242,9,396.67,5.78,0.03586
3372,Line_A,M09,Morning,L079,18.2,59.13,67.91,32.74,42.52,5.915,0.906,22.62,391.33,359.51,31.82,263,258,5,214.22,1.53,0.01901
3373,Line_D,M02,Morning,L090,17.0,52.53,59.69,31.58,57.99,4.403,0.679,18.89,395.57,379.1,16.47,241,230,11,505.77,5.56,0.04564
3374,Line_A,M08,Morning,L077,34.0,51.53,52.56,31.33,47.38,5.105,0.917,36.02,425.29,417.06,8.23,367,365,2,96.37,1.26,0.00545
3375,Line_B,M08,Morning,L014,36.1,49.24,46.49,30.97,49.85,5.094,0.97,43.68,459.59,451.28,8.3,410,397,13,498.7,7.86,0.03171
3376,Line_B,M07,Evening,L028,27.8,36.79,36.5,31.62,48.92,5.216,0.915,97.44,429.6,420.54,9.06,340,318,22,936.2,13.89,0.06471
3377,Line_A,M15,Evening,L072,34.8,49.66,51.63,24.5,58.01,4.99,0.71,25.98,403.77,400.98,2.79,313,308,5,188.8,2.58,0.01597
3378,Line_D,M13,Night,L025,18.0,44.55,46.94,29.68,66.8,4.903,0.916,27.05,421.29,408.01,13.29,257,238,19,826.87,13.88,0.07393
3379,Line_B,M10,Night,L018,34.5,44.53,47.63,36.11,64.8,5.522,1.085,32.95,429.13,424.65,4.49,355,329,26,1448.18,10.26,0.07324
3380,Line_D,M15,Morning,L100,20.3,46.97,46.4,32.31,55.79,5.637,1.329,43.15,412.56,410.24,2.33,369,355,14,671.63,9.36,0.03794
3381,Line_B,M11,Night,L002,3.3,53.16,57.45,19.76,57.17,3.953,1.225,31.07,406.8,397.67,9.13,398,357,41,1540.26,28.31,0.10302
3382,Line_D,M11,Evening,L011,31.5,54.36,55.85,25.75,60.87,5.559,1.423,64.74,388.7,375.28,13.42,328,315,13,511.87,5.22,0.03963
3383,Line_D,M08,Evening,L034,22.8,49.77,53.59,34.05,68.17,5.458,1.056,63.83,431.04,427.98,3.06,417,402,15,651.95,6.99,0.03597
3384,Line_C,M05,Morning,L063,6.0,52.8,51.03,32.84,67.49,5.983,0.984,81.61,420.11,405.12,14.99,243,229,14,699.59,9.6,0.05761
3385,Line_A,M05,Evening,L020,27.1,49.13,52.73,27.78,46.38,5.676,0.639,43.21,410.22,407.58,2.64,189,186,3,145.12,1.85,0.01587
3386,Line_C,M16,Morning,L073,31.6,50.95,53.08,27.61,66.01,5.279,0.894,58.61,442.18,417.02,25.16,243,231,12,505.63,5.65,0.04938
3387,Line_C,M11,Evening,L087,35.9,48.98,54.34,23.01,63.01,5.498,0.968,74.61,425.93,411.24,14.69,335,324,11,528.24,5.85,0.03284
3388,Line_D,M02,Evening,L114,8.9,48.69,49.78,30.56,43.7,5.143,1.062,59.45,425.11,422.38,2.73,279,269,10,354.87,3.34,0.03584
3389,Line_B,M04,Morning,L090,18.2,40.16,40.51,28.06,65.31,5.219,0.72,28.53,422.74,388.76,33.98,328,317,11,330.0,6.24,0.03354
3390,Line_A,M16,Morning,L025,30.5,56.06,57.28,26.81,46.67,5.097,0.846,6.78,394.54,370.46,24.08,281,278,3,133.51,1.63,0.01068
3391,Line_A,M04,Night,L048,22.0,44.4,48.25,28.06,50.2,5.617,0.579,42.26,433.24,410.43,22.81,361,343,18,549.82,12.32,0.04986
3392,Line_C,M09,Morning,L001,39.3,49.93,48.82,29.38,53.75,5.329,0.801,29.65,455.35,430.66,24.69,375,352,23,1218.07,11.04,0.06133
3393,Line_D,M06,Night,L098,9.7,45.1,48.75,27.91,52.92,4.829,0.833,111.5,422.97,410.51,12.46,214,201,13,473.11,5.73,0.06075
3394,Line_A,M12,Evening,L050,11.9,47.59,46.81,29.49,51.49,4.924,1.025,35.44,452.63,429.05,23.58,348,338,10,422.55,4.58,0.02874
3395,Line_C,M14,Night,L082,19.5,41.22,42.3,29.24,57.52,5.125,0.937,48.06,429.7,414.91,14.79,194,185,9,380.96,5.3,0.04639
3396,Line_D,M07,Evening,L037,4.9,46.52,47.55,33.92,49.0,5.295,0.706,4.05,388.61,385.2,3.41,337,323,14,559.45,9.03,0.04154
3397,Line_A,M01,Night,L097,5.1,46.72,44.67,34.52,46.01,5.564,0.897,25.31,399.06,380.89,18.17,264,256,8,369.09,4.18,0.0303
3398,Line_A,M06,Morning,L045,20.7,53.35,54.16,28.65,59.38,5.351,0.896,42.58,426.48,421.24,5.24,223,221,2,83.31,0.96,0.00897
3399,Line_C,M01,Morning,L044,27.4,53.27,49.76,28.23,58.07,4.982,1.065,29.25,410.0,388.8,21.19,215,207,8,363.36,2.56,0.03721
3400,Line_C,M04,Morning,L082,14.2,47.77,52.12,30.85,61.42,4.837,1.2,65.35,405.58,374.5,31.08,281,254,27,1147.73,12.34,0.09609
3401,Line_A,M07,Night,L026,40.0,43.54,39.57,35.12,46.25,5.358,0.775,8.91,419.41,418.75,0.65,255,248,7,324.71,5.94,0.02745
3402,Line_D,M02,Night,L114,11.5,51.33,49.97,32.69,53.45,5.117,0.365,30.81,436.57,433.53,3.03,226,219,7,323.56,2.66,0.03097
3403,Line_C,M01,Morning,L097,41.1,47.45,43.18,32.13,33.98,5.288,0.672,21.48,453.83,452.13,1.7,203,197,6,261.07,4.46,0.02956
3404,Line_D,M06,Morning,L106,28.0,56.4,49.3,27.14,52.5,4.99,1.017,39.24,426.24,416.49,9.74,254,249,5,241.89,2.13,0.01969
3405,Line_D,M01,Night,L119,45.4,48.99,52.14,26.95,60.27,5.024,0.721,6.99,428.27,406.72,21.55,347,334,13,554.85,7.53,0.03746
3406,Line_D,M05,Night,L094,21.6,49.3,47.16,21.51,52.38,5.685,1.065,21.56,411.77,405.47,6.3,334,312,22,894.05,9.6,0.06587
3407,Line_B,M02,Morning,L089,18.6,44.9,48.72,30.34,64.33,5.058,1.005,91.78,412.27,394.26,18.01,272,261,11,363.06,4.64,0.04044
3408,Line_A,M09,Morning,L108,22.9,45.58,47.23,28.44,61.63,5.017,0.956,105.35,416.31,374.68,41.64,209,196,13,563.93,8.96,0.0622
3409,Line_B,M13,Night,L093,11.9,45.99,50.59,22.96,51.36,5.809,0.906,44.64,422.1,416.17,5.93,367,343,24,991.66,13.6,0.0654
3410,Line_A,M14,Evening,L038,35.9,43.25,46.66,35.83,49.79,5.685,1.394,93.13,401.7,391.9,9.8,259,251,8,385.71,4.62,0.03089
3411,Line_C,M10,Morning,L079,24.9,55.32,57.03,27.39,48.24,5.374,0.715,9.06,393.92,385.46,8.45,400,392,8,389.87,3.77,0.02
3412,Line_A,M02,Night,L006,19.4,47.19,49.2,30.87,47.84,5.249,0.823,41.52,417.09,411.18,5.91,361,350,11,493.48,5.99,0.03047
3413,Line_B,M02,Night,L082,42.1,38.72,40.55,36.96,45.75,5.308,1.128,13.85,432.71,411.45,21.25,184,168,16,711.37,5.41,0.08696
3414,Line_A,M12,Morning,L071,20.4,41.15,39.36,30.45,62.69,5.098,1.125,12.54,431.0,417.01,13.99,314,307,7,301.73,4.23,0.02229
3415,Line_B,M12,Evening,L028,13.3,46.8,49.04,36.94,36.46,5.746,0.727,48.23,432.13,428.18,3.95,194,183,11,468.86,6.31,0.0567
3416,Line_A,M05,Evening,L040,15.3,49.79,48.06,30.57,35.26,4.918,0.741,58.23,430.86,422.19,8.67,207,202,5,238.5,2.75,0.02415
3417,Line_C,M16,Evening,L064,12.3,47.32,52.62,36.3,48.63,5.157,1.057,42.13,421.38,415.91,5.47,290,274,16,555.0,5.0,0.05517
3418,Line_D,M11,Evening,L020,50.7,50.06,50.6,31.46,56.77,5.731,0.652,112.38,417.8,396.8,21.0,409,388,21,929.81,11.87,0.05134
3419,Line_A,M08,Morning,L003,34.5,46.83,46.22,29.57,48.32,5.258,1.167,36.6,424.97,422.18,2.79,320,314,6,282.87,3.26,0.01875
3420,Line_D,M11,Evening,L096,18.6,51.21,50.89,32.87,58.42,3.879,0.923,55.51,433.32,427.12,6.2,311,298,13,423.42,6.1,0.0418
3421,Line_D,M01,Evening,L088,16.9,46.5,48.16,27.93,51.29,5.18,0.844,7.29,395.45,364.97,30.48,294,275,19,1049.06,13.05,0.06463
3422,Line_B,M12,Evening,L106,35.1,46.83,48.89,30.01,50.52,5.473,0.612,77.47,406.4,396.08,10.32,416,402,14,585.58,7.14,0.03365
3423,Line_C,M04,Morning,L010,13.6,53.4,48.78,34.65,59.54,5.266,0.756,27.46,405.45,397.58,7.86,189,179,10,343.06,5.2,0.05291
3424,Line_B,M01,Night,L119,17.8,49.57,47.96,30.9,62.05,4.625,1.121,32.14,447.01,445.21,1.79,272,258,14,540.93,6.5,0.05147
3425,Line_A,M11,Evening,L120,54.5,51.53,51.83,28.49,52.96,5.337,0.87,53.67,429.28,423.05,6.23,330,330,0,0.0,0.0,0.0
3426,Line_C,M01,Night,L046,9.6,51.69,51.67,30.51,50.15,4.906,1.107,17.21,418.14,406.38,11.75,269,249,20,902.99,12.58,0.07435
3427,Line_A,M01,Evening,L120,16.0,50.36,49.34,30.57,36.99,5.113,0.714,31.61,399.15,388.04,11.11,400,384,16,703.99,11.7,0.04
3428,Line_D,M03,Night,L004,15.6,48.47,50.02,23.89,50.97,4.913,0.862,35.6,467.4,457.14,10.26,391,373,18,581.87,8.78,0.04604
3429,Line_D,M16,Morning,L007,17.1,42.15,44.73,28.96,50.99,4.796,0.653,75.76,408.94,398.84,10.09,231,229,2,72.74,0.66,0.00866
3430,Line_D,M16,Night,L067,13.9,40.94,40.92,23.49,50.84,5.705,1.111,5.5,403.62,399.43,4.19,269,259,10,431.59,3.99,0.03717
3431,Line_C,M07,Night,L024,12.4,51.71,50.64,31.02,40.52,5.118,1.259,82.25,428.85,401.27,27.58,239,217,22,893.45,10.91,0.09205
3432,Line_C,M06,Evening,L092,21.3,50.63,48.57,30.31,53.49,5.301,0.938,18.4,408.35,400.93,7.42,257,242,15,618.68,7.7,0.05837
3433,Line_D,M07,Morning,L071,27.3,48.46,51.79,33.61,50.66,5.193,0.819,6.59,439.47,427.99,11.48,284,272,12,437.03,3.93,0.04225
3434,Line_A,M11,Night,L054,56.1,46.27,45.5,25.04,35.27,5.142,0.942,14.36,447.07,443.81,3.26,201,191,10,478.1,5.2,0.04975
3435,Line_A,M10,Evening,L026,8.5,48.15,49.03,32.74,37.44,5.19,0.989,33.38,395.63,367.5,28.13,212,210,2,98.1,0.94,0.00943
3436,Line_C,M05,Evening,L019,23.1,44.81,49.08,34.49,48.67,4.51,0.871,96.66,435.04,418.97,16.07,397,361,36,1439.15,24.05,0.09068
3437,Line_B,M05,Evening,L037,27.8,44.01,43.27,37.13,63.1,5.223,0.55,100.88,414.11,398.12,15.99,264,246,18,831.11,9.24,0.06818
3438,Line_B,M08,Morning,L082,8.1,46.59,54.94,38.62,47.52,5.581,1.116,8.51,409.78,400.84,8.94,260,252,8,389.29,6.05,0.03077
3439,Line_A,M05,Morning,L119,29.7,48.71,48.15,32.33,53.07,5.465,0.538,18.57,461.32,453.72,7.6,283,281,2,75.3,0.51,0.00707
3440,Line_C,M08,Night,L060,24.2,48.53,43.91,27.91,58.89,5.527,0.873,70.98,430.79,420.67,10.11,210,203,7,244.73,4.36,0.03333
3441,Line_A,M01,Morning,L086,15.3,53.21,53.55,33.56,51.68,5.577,0.758,49.45,419.76,417.98,1.78,276,272,4,171.99,1.74,0.01449
3442,Line_A,M04,Evening,L076,31.4,48.56,46.68,32.07,48.49,5.324,0.816,12.98,424.47,380.67,43.81,411,399,12,456.9,6.52,0.0292
3443,Line_A,M16,Evening,L027,54.0,48.77,52.43,32.49,49.47,5.142,1.02,58.2,414.76,409.02,5.74,300,296,4,176.1,2.52,0.01333
3444,Line_B,M06,Night,L083,10.2,39.61,39.39,32.04,55.41,5.269,0.766,124.68,409.62,401.13,8.5,367,344,23,885.32,12.98,0.06267
3445,Line_D,M07,Morning,L084,12.1,49.43,49.71,30.85,56.2,4.397,0.881,21.73,401.87,395.43,6.44,246,238,8,316.09,4.83,0.03252
3446,Line_B,M04,Night,L035,17.8,45.24,45.0,36.31,56.0,5.158,0.805,104.48,412.7,387.45,25.25,240,213,27,1228.42,15.01,0.1125
3447,Line_C,M14,Morning,L097,21.7,41.07,41.9,29.66,55.31,4.902,0.687,24.31,390.84,377.94,12.9,277,271,6,291.2,3.78,0.02166
3448,Line_C,M05,Night,L040,30.8,40.08,39.94,37.46,71.45,5.551,0.931,23.5,403.04,402.69,0.35,344,312,32,1342.25,14.08,0.09302
3449,Line_B,M05,Night,L071,5.5,52.04,53.97,23.85,62.83,4.801,0.817,75.12,412.29,372.21,40.08,206,196,10,358.46,7.05,0.04854
3450,Line_D,M07,Night,L074,42.4,52.49,50.78,31.49,46.76,4.387,0.608,32.95,420.25,412.43,7.81,400,377,23,899.32,15.03,0.0575
3451,Line_C,M13,Morning,L051,35.7,50.68,49.89,27.39,54.9,5.352,1.118,22.26,432.61,413.64,18.98,340,321,19,755.61,14.47,0.05588
3452,Line_C,M13,Evening,L061,39.4,43.96,45.74,31.33,54.16,4.8,1.152,31.03,416.16,399.4,16.77,228,213,15,596.7,7.77,0.06579
3453,Line_A,M03,Night,L056,27.7,45.47,45.9,28.22,49.94,4.812,0.713,70.37,417.49,413.26,4.22,197,187,10,446.99,5.98,0.05076
3454,Line_A,M04,Night,L090,21.7,47.05,50.0,29.82,62.01,5.942,0.625,65.17,425.85,416.62,9.24,393,375,18,898.39,8.05,0.0458
3455,Line_D,M05,Night,L080,19.8,49.29,49.72,34.95,55.05,5.472,0.593,17.46,404.67,395.21,9.47,355,338,17,833.29,8.35,0.04789
3456,Line_D,M04,Night,L019,9.5,50.7,51.97,33.87,62.5,4.996,1.023,17.61,421.79,413.5,8.28,397,373,24,838.58,16.0,0.06045
3457,Line_D,M09,Night,L084,24.6,56.2,52.49,26.23,46.43,5.282,0.753,94.56,431.4,416.2,15.2,412,385,27,1137.44,17.35,0.06553
3458,Line_D,M04,Morning,L108,12.8,48.21,51.0,27.58,51.73,5.525,0.729,67.3,404.75,392.69,12.07,313,294,19,751.92,10.36,0.0607
3459,Line_A,M02,Morning,L004,5.9,57.58,60.44,30.71,58.82,5.288,0.759,134.68,414.86,409.02,5.84,410,390,20,843.9,12.88,0.04878
3460,Line_D,M13,Night,L008,27.4,48.37,44.91,33.12,62.9,5.177,0.791,53.26,405.63,393.98,11.65,261,244,17,758.03,9.82,0.06513
3461,Line_B,M06,Night,L037,16.0,45.78,47.32,27.43,64.45,5.287,0.671,15.45,432.91,429.41,3.5,240,230,10,483.53,4.4,0.04167
3462,Line_D,M04,Morning,L065,49.5,48.09,52.87,30.29,59.32,5.495,0.895,83.57,420.36,398.22,22.13,200,189,11,479.86,5.28,0.055
3463,Line_A,M03,Night,L093,27.7,42.66,43.75,29.83,28.02,4.56,0.804,32.77,395.95,391.87,4.08,291,273,18,621.2,9.3,0.06186
3464,Line_B,M14,Morning,L105,18.7,37.6,45.39,28.56,50.93,5.108,0.939,55.8,395.36,392.57,2.78,270,264,6,265.1,4.42,0.02222
3465,Line_C,M10,Evening,L083,39.3,41.36,40.28,31.42,47.27,5.329,0.585,102.85,404.76,395.02,9.75,270,249,21,823.26,13.18,0.07778
3466,Line_D,M06,Evening,L082,31.0,52.64,55.49,36.29,44.97,5.125,0.769,7.31,451.97,445.34,6.63,240,229,11,494.97,5.27,0.04583
3467,Line_C,M14,Night,L118,8.5,45.26,47.61,30.69,44.72,5.65,1.124,3.62,415.2,406.78,8.43,320,303,17,725.99,11.46,0.05312
3468,Line_B,M05,Evening,L021,9.6,40.75,39.94,36.19,47.82,5.283,1.354,45.4,406.66,402.06,4.6,315,287,28,1011.78,11.81,0.08889
3469,Line_B,M04,Morning,L087,30.2,50.65,49.19,27.62,53.03,4.486,1.29,39.09,396.35,386.25,10.1,394,362,32,1253.4,15.39,0.08122
3470,Line_D,M07,Night,L037,18.1,45.5,50.45,31.51,39.09,4.96,1.044,69.33,424.29,418.72,5.57,261,252,9,364.43,4.38,0.03448
3471,Line_B,M01,Night,L068,47.3,46.76,45.35,27.08,54.94,5.475,0.596,4.96,410.65,397.84,12.81,313,302,11,355.87,4.95,0.03514
3472,Line_B,M08,Evening,L064,29.3,47.15,48.59,31.06,50.37,5.315,0.927,27.73,414.12,404.92,9.2,292,283,9,399.69,4.03,0.03082
3473,Line_C,M13,Night,L090,14.6,47.51,48.49,30.58,57.62,5.184,1.081,30.18,416.7,370.25,46.45,269,256,13,654.87,5.24,0.04833
3474,Line_B,M07,Morning,L046,13.3,43.64,45.17,26.04,58.7,5.351,1.351,28.06,415.09,406.39,8.69,405,380,25,946.75,12.54,0.06173
3475,Line_C,M10,Evening,L054,36.5,45.99,53.25,26.89,58.9,4.912,0.854,40.92,390.64,381.82,8.83,180,171,9,300.2,5.36,0.05
3476,Line_B,M07,Evening,L017,8.3,40.72,42.45,32.7,53.14,5.415,0.578,48.37,430.53,400.63,29.91,280,261,19,758.9,6.58,0.06786
3477,Line_D,M14,Night,L071,27.5,50.63,54.33,27.04,44.32,6.118,1.024,23.32,423.66,419.14,4.52,282,273,9,442.88,3.41,0.03191
3478,Line_D,M16,Morning,L088,31.4,46.73,48.45,26.15,68.14,5.094,0.82,83.88,408.45,404.89,3.56,221,203,18,700.72,7.22,0.08145
3479,Line_D,M09,Morning,L062,9.7,52.86,52.33,25.85,45.67,5.969,0.958,36.88,424.2,416.65,7.55,241,231,10,485.68,5.66,0.04149
3480,Line_C,M12,Evening,L097,10.0,57.07,56.72,33.3,53.09,5.337,0.99,42.87,411.4,410.16,1.24,320,303,17,720.11,9.51,0.05312
3481,Line_B,M10,Evening,L084,32.3,60.21,52.83,33.73,35.54,6.273,1.125,8.83,435.4,433.93,1.47,198,189,9,352.09,4.11,0.04545
3482,Line_C,M15,Evening,L070,23.7,44.68,44.28,28.02,50.78,5.612,0.881,43.21,412.8,404.13,8.67,322,317,5,237.7,3.01,0.01553
3483,Line_D,M15,Night,L090,30.8,48.45,53.36,31.72,59.66,4.369,0.456,15.4,396.85,394.75,2.1,183,174,9,384.79,5.48,0.04918
3484,Line_C,M15,Night,L075,16.6,50.27,50.52,32.64,55.94,5.426,0.975,20.86,409.3,408.66,0.63,268,250,18,570.71,13.31,0.06716
3485,Line_C,M02,Night,L076,14.4,52.36,49.58,31.31,55.95,4.817,0.85,24.53,429.84,417.56,12.28,345,318,27,1325.09,10.28,0.07826
3486,Line_C,M07,Morning,L097,36.2,45.85,45.78,35.23,54.12,5.962,0.368,68.01,439.89,429.34,10.55,180,173,7,257.53,3.95,0.03889
3487,Line_C,M09,Night,L016,40.0,49.23,49.81,37.37,56.51,5.272,0.533,44.58,447.51,439.29,8.21,337,307,30,1246.23,12.5,0.08902
3488,Line_C,M13,Evening,L003,31.3,42.77,43.91,26.53,44.07,4.913,1.104,47.52,415.31,392.27,23.04,323,304,19,761.57,8.87,0.05882
3489,Line_A,M10,Night,L105,30.2,48.93,53.7,32.26,56.18,4.765,0.74,19.29,406.11,403.38,2.73,350,338,12,415.73,6.26,0.03429
3490,Line_B,M08,Evening,L029,6.9,47.09,43.46,36.52,56.06,4.739,1.192,8.32,396.49,365.51,30.99,359,338,21,941.98,11.41,0.0585
3491,Line_C,M09,Morning,L073,21.3,43.93,45.19,32.19,55.18,4.815,0.855,13.5,397.46,389.3,8.16,213,208,5,204.2,3.35,0.02347
3492,Line_A,M10,Evening,L084,18.0,48.95,50.18,28.17,43.6,4.779,0.679,18.03,431.92,424.68,7.24,309,298,11,458.09,7.09,0.0356
3493,Line_D,M10,Morning,L057,30.0,45.52,47.07,27.91,54.95,6.056,0.838,29.15,412.94,394.6,18.34,184,182,2,92.14,1.45,0.01087
3494,Line_C,M12,Night,L019,15.9,48.67,48.96,29.97,52.13,5.624,1.693,27.4,405.76,398.67,7.1,213,196,17,834.35,8.24,0.07981
3495,Line_A,M07,Evening,L065,58.2,54.33,52.43,31.87,57.03,5.804,0.596,11.57,407.01,404.25,2.76,197,194,3,155.15,1.99,0.01523
3496,Line_D,M10,Evening,L056,11.6,36.69,37.08,31.88,51.67,5.634,1.079,55.37,415.45,404.94,10.5,362,354,8,355.74,3.29,0.0221
3497,Line_C,M02,Morning,L094,19.3,51.66,52.69,34.61,61.29,5.422,0.614,13.07,412.12,406.02,6.09,267,250,17,669.7,9.25,0.06367
3498,Line_C,M09,Morning,L075,9.7,53.6,56.36,27.93,40.77,5.631,0.505,12.79,414.61,392.13,22.48,416,388,28,1154.71,14.07,0.06731
3499,Line_B,M06,Morning,L070,10.0,54.94,52.86,32.7,68.04,5.806,0.884,12.24,430.35,417.47,12.88,183,173,10,428.61,3.28,0.05464
3500,Line_D,M01,Morning,L032,17.5,44.57,39.39,31.31,45.81,5.476,0.89,62.37,404.35,400.21,4.14,291,287,4,198.66,2.37,0.01375
3501,Line_B,M04,Morning,L062,36.9,42.6,41.72,35.29,61.17,6.085,0.822,31.3,414.66,402.92,11.75,339,321,18,797.86,7.4,0.0531
3502,Line_C,M16,Evening,L112,37.4,49.75,52.41,31.28,62.79,5.233,0.956,31.54,391.69,387.39,4.3,246,231,15,680.8,8.73,0.06098
3503,Line_A,M09,Morning,L115,24.6,48.15,44.98,27.66,28.81,5.935,0.833,39.86,445.64,427.84,17.8,201,194,7,277.88,3.16,0.03483
3504,Line_C,M01,Evening,L044,22.5,48.76,49.78,32.16,45.55,5.551,1.207,21.89,410.5,410.08,0.42,302,288,14,649.44,5.78,0.04636
3505,Line_C,M15,Evening,L013,38.7,60.47,63.94,29.01,52.39,5.613,0.965,115.37,413.86,398.92,14.93,375,353,22,967.3,14.18,0.05867
3506,Line_C,M02,Morning,L049,28.1,51.76,55.87,30.39,54.28,4.205,1.021,64.52,437.2,423.95,13.24,292,271,21,999.77,11.78,0.07192
3507,Line_B,M10,Night,L109,17.0,38.1,35.6,31.01,49.14,5.205,0.785,37.25,413.69,403.81,9.88,275,261,14,615.53,10.07,0.05091
3508,Line_D,M01,Evening,L064,14.0,48.62,53.08,33.65,39.22,5.538,0.727,66.27,430.12,408.93,21.19,358,355,3,115.79,1.96,0.00838
3509,Line_C,M14,Night,L014,13.9,48.58,44.88,29.03,60.35,5.506,1.384,19.81,417.71,407.01,10.69,267,245,22,965.01,16.5,0.0824
3510,Line_A,M11,Morning,L058,28.4,41.04,38.46,34.65,56.33,5.73,1.076,52.87,423.97,421.61,2.36,186,182,4,141.71,2.31,0.02151
3511,Line_D,M14,Morning,L058,24.7,46.2,44.99,39.84,54.04,4.619,0.938,11.01,414.72,403.23,11.49,189,174,15,584.79,8.78,0.07937
3512,Line_C,M05,Morning,L052,27.0,51.25,51.47,30.92,47.5,4.513,0.8,11.65,445.48,440.11,5.37,206,195,11,432.57,4.45,0.0534
3513,Line_D,M15,Morning,L098,14.7,52.2,55.04,31.85,78.17,5.036,0.719,46.18,447.21,427.64,19.57,302,279,23,853.62,12.24,0.07616
3514,Line_D,M15,Morning,L016,3.3,52.4,52.96,30.66,51.77,5.473,0.884,12.33,434.6,427.43,7.17,206,197,9,403.52,3.78,0.04369
3515,Line_D,M08,Morning,L114,8.3,55.91,53.64,25.37,54.88,4.666,0.826,85.44,440.19,432.67,7.52,296,280,16,834.84,5.7,0.05405
3516,Line_C,M10,Morning,L083,22.0,45.44,45.28,29.2,52.14,4.192,0.692,15.73,427.25,423.95,3.3,258,239,19,772.83,12.63,0.07364
3517,Line_C,M07,Morning,L066,12.5,53.14,53.37,32.56,61.7,5.639,0.664,71.83,427.29,416.14,11.15,293,284,9,348.44,5.04,0.03072
3518,Line_A,M13,Night,L083,19.4,47.93,51.49,37.85,52.9,5.071,1.344,17.59,432.3,396.07,36.24,327,292,35,1576.49,26.16,0.10703
3519,Line_C,M11,Morning,L031,12.7,49.45,50.35,25.49,64.03,5.144,1.367,46.56,379.24,368.68,10.57,323,307,16,800.15,10.22,0.04954
3520,Line_C,M03,Night,L065,21.5,46.37,50.59,27.31,42.95,5.634,0.955,43.71,451.32,424.03,27.3,384,357,27,1052.22,8.56,0.07031
3521,Line_C,M07,Night,L045,26.9,55.43,59.33,26.94,68.44,5.333,0.879,42.95,420.07,409.69,10.38,404,378,26,1039.87,15.1,0.06436
3522,Line_D,M07,Night,L013,34.1,50.85,52.26,40.58,64.68,4.874,0.685,30.04,415.0,408.37,6.62,330,316,14,453.05,6.08,0.04242
3523,Line_A,M07,Evening,L051,25.6,48.8,54.61,37.21,63.11,5.514,0.805,59.41,397.03,389.74,7.29,188,182,6,229.73,3.48,0.03191
3524,Line_B,M10,Morning,L106,17.7,48.1,47.53,33.9,44.49,5.706,0.982,53.98,412.87,408.43,4.44,252,247,5,210.61,2.48,0.01984
3525,Line_B,M05,Night,L117,14.6,46.98,52.81,31.2,60.13,4.951,0.83,16.55,406.22,383.2,23.02,200,193,7,300.86,4.42,0.035
3526,Line_B,M04,Night,L115,22.2,51.67,54.28,33.72,50.28,5.294,1.034,55.11,424.86,389.94,34.92,187,176,11,395.14,5.64,0.05882
3527,Line_A,M08,Night,L095,41.8,45.27,44.74,31.78,69.28,5.537,0.711,37.94,437.49,427.92,9.57,366,344,22,849.45,15.82,0.06011
3528,Line_A,M07,Evening,L012,26.6,50.02,52.11,26.17,34.93,4.984,0.572,25.5,420.95,412.24,8.71,221,216,5,187.43,3.02,0.02262
3529,Line_D,M15,Morning,L034,29.6,55.07,51.57,29.05,57.11,4.14,0.462,53.99,414.46,410.81,3.65,387,373,14,486.79,10.31,0.03618
3530,Line_B,M13,Evening,L021,20.2,50.64,53.85,26.72,53.9,5.313,0.741,20.8,435.24,416.56,18.68,387,368,19,856.38,7.25,0.0491
3531,Line_A,M04,Morning,L033,23.3,51.2,55.58,29.6,65.65,5.178,0.848,51.58,410.75,385.12,25.63,411,391,20,656.27,8.72,0.04866
3532,Line_A,M11,Morning,L069,26.0,47.42,49.01,32.25,57.73,4.628,0.949,44.92,409.36,394.2,15.15,288,278,10,446.47,8.56,0.03472
3533,Line_B,M10,Evening,L083,7.3,46.45,42.06,28.13,41.18,4.936,0.845,15.04,418.64,417.33,1.31,381,361,20,862.96,13.76,0.05249
3534,Line_A,M15,Evening,L066,23.0,48.04,47.89,33.22,50.58,4.992,0.739,63.05,404.64,393.15,11.49,419,409,10,408.87,4.5,0.02387
3535,Line_C,M12,Evening,L100,5.0,54.39,50.53,27.55,53.43,4.734,0.782,68.68,400.5,383.97,16.53,204,192,12,537.16,7.29,0.05882
3536,Line_D,M09,Evening,L013,39.1,50.34,52.22,31.7,47.51,5.032,0.753,33.12,403.78,396.55,7.24,226,217,9,378.83,4.95,0.03982
3537,Line_A,M05,Morning,L031,37.0,48.06,50.68,31.08,55.81,5.999,1.144,46.58,394.76,376.98,17.77,203,203,0,0.0,0.0,0.0
3538,Line_C,M04,Evening,L054,28.5,46.06,48.73,28.46,55.84,5.561,0.952,16.46,430.14,407.79,22.35,319,294,25,1345.35,18.59,0.07837
3539,Line_A,M06,Morning,L028,12.9,49.28,51.29,27.2,69.24,5.933,0.848,58.35,420.74,406.66,14.08,195,191,4,159.91,1.84,0.02051
3540,Line_B,M15,Evening,L033,32.6,44.45,40.7,29.9,30.76,5.562,0.881,61.09,437.98,408.53,29.45,253,249,4,170.23,3.27,0.01581
3541,Line_D,M15,Evening,L093,29.4,44.62,47.78,34.1,46.42,5.182,0.767,65.88,425.16,407.49,17.68,271,266,5,227.0,3.03,0.01845
3542,Line_C,M16,Evening,L101,40.4,42.53,48.33,34.15,56.8,5.23,0.743,128.4,393.84,372.26,21.58,326,308,18,1029.04,7.38,0.05521
3543,Line_D,M16,Night,L036,27.4,39.26,41.79,22.54,48.85,5.286,0.555,82.82,412.02,409.73,2.3,278,263,15,864.48,13.36,0.05396
3544,Line_A,M08,Night,L034,34.6,43.48,46.04,27.86,68.63,5.776,0.838,70.06,408.03,387.95,20.07,215,204,11,476.76,5.17,0.05116
3545,Line_B,M10,Night,L027,24.5,44.45,43.39,30.4,46.67,5.172,0.98,61.14,424.3,414.53,9.76,245,234,11,424.79,5.68,0.0449
3546,Line_B,M02,Evening,L035,12.4,55.46,55.12,33.72,48.81,5.116,1.195,84.54,409.77,403.51,6.26,401,376,25,1181.08,12.42,0.06234
3547,Line_B,M03,Night,L004,26.8,49.81,55.26,33.16,40.07,5.085,0.879,24.38,418.77,414.73,4.04,198,191,7,305.88,3.44,0.03535
3548,Line_D,M05,Evening,L096,27.8,55.55,67.0,25.63,51.55,5.317,1.067,48.17,411.75,390.69,21.06,283,277,6,244.43,3.12,0.0212
3549,Line_A,M03,Morning,L115,27.0,55.22,64.24,33.8,60.6,5.498,1.115,14.97,418.1,398.15,19.95,344,340,4,153.55,2.62,0.01163
3550,Line_D,M13,Evening,L041,11.9,49.42,50.19,37.28,63.15,5.94,0.728,13.14,401.39,383.42,17.97,337,314,23,1083.21,13.82,0.06825
3551,Line_D,M14,Evening,L100,36.7,47.89,46.51,22.04,54.84,4.786,1.119,38.78,427.03,422.76,4.27,337,332,5,228.11,2.04,0.01484
3552,Line_C,M01,Night,L023,28.4,47.02,44.8,36.09,51.06,5.256,1.026,63.92,405.4,398.25,7.15,319,294,25,1181.59,13.6,0.07837
3553,Line_B,M11,Evening,L103,22.9,56.49,54.89,27.73,56.07,5.244,0.618,33.03,458.13,438.74,19.39,353,338,15,576.61,10.07,0.04249
3554,Line_B,M05,Morning,L051,5.8,41.11,40.67,37.96,41.98,5.036,0.736,58.88,469.84,462.74,7.1,324,311,13,544.9,8.18,0.04012
3555,Line_B,M08,Evening,L048,23.0,42.56,44.52,24.15,57.65,5.202,0.682,31.84,392.68,376.06,16.61,216,204,12,471.69,4.35,0.05556
3556,Line_D,M06,Evening,L056,26.2,50.57,56.24,27.76,39.7,5.224,0.732,49.2,386.07,382.61,3.46,254,250,4,171.7,2.21,0.01575
3557,Line_B,M03,Evening,L019,34.3,51.2,49.55,28.34,47.53,5.12,1.088,6.05,395.02,392.41,2.61,330,321,9,375.86,4.21,0.02727
3558,Line_D,M13,Morning,L030,46.4,42.2,45.48,31.79,54.19,5.69,1.065,22.75,431.07,416.77,14.3,313,306,7,301.07,3.23,0.02236
3559,Line_C,M05,Morning,L090,25.2,55.65,57.28,34.95,46.56,5.063,0.734,36.45,432.63,417.98,14.65,298,285,13,468.93,8.23,0.04362
3560,Line_B,M07,Night,L101,7.9,46.88,50.46,30.53,56.31,5.404,0.731,95.63,419.93,399.08,20.85,345,319,26,1420.83,14.67,0.07536
3561,Line_C,M10,Evening,L082,22.0,44.72,46.58,23.71,53.14,5.073,0.637,39.52,400.64,388.45,12.19,321,314,7,227.02,4.06,0.02181
3562,Line_B,M09,Night,L050,34.9,47.87,46.58,35.25,51.1,5.489,0.529,44.13,422.82,415.05,7.77,400,371,29,1239.44,19.91,0.0725
3563,Line_D,M03,Night,L022,54.0,52.42,56.38,27.35,47.68,5.08,1.289,11.21,410.06,402.05,8.02,277,257,20,886.83,6.74,0.0722
3564,Line_A,M11,Night,L011,8.9,55.51,58.53,33.05,44.77,5.533,1.488,27.65,437.24,432.48,4.76,212,205,7,273.41,3.11,0.03302
3565,Line_D,M03,Evening,L011,17.1,47.58,43.19,29.43,41.11,5.425,0.893,56.92,423.14,422.67,0.48,394,385,9,402.89,4.22,0.02284
3566,Line_D,M13,Morning,L105,31.8,43.6,44.8,27.86,51.85,4.224,0.871,24.94,439.97,421.84,18.13,375,361,14,559.54,4.3,0.03733
3567,Line_D,M11,Night,L026,28.8,44.63,45.22,26.85,53.77,4.358,0.991,33.32,400.71,390.26,10.45,261,250,11,520.24,5.17,0.04215
3568,Line_B,M06,Evening,L063,27.4,48.94,46.77,33.46,47.81,4.636,0.684,47.53,401.12,383.54,17.57,401,373,28,1261.34,14.49,0.06983
3569,Line_D,M06,Morning,L028,25.5,56.41,57.31,33.31,61.31,4.921,0.994,3.14,420.02,418.31,1.72,389,379,10,457.35,4.01,0.02571
3570,Line_B,M03,Night,L005,18.0,41.19,41.41,31.07,52.19,4.738,1.104,15.83,451.99,446.51,5.48,361,345,16,697.34,12.07,0.04432
3571,Line_C,M08,Evening,L069,30.2,43.29,42.31,23.0,53.49,5.734,0.873,11.35,421.5,412.11,9.39,303,287,16,817.77,11.16,0.05281
3572,Line_A,M03,Night,L099,28.3,47.77,47.43,24.73,53.45,4.562,1.103,17.84,402.79,401.26,1.53,381,366,15,566.57,12.17,0.03937
3573,Line_B,M09,Evening,L028,31.9,43.3,40.48,32.49,49.4,5.471,0.951,49.13,422.01,405.58,16.43,246,239,7,255.88,5.04,0.02846
3574,Line_B,M03,Evening,L010,24.7,38.56,45.31,33.4,48.37,4.826,0.973,62.96,437.35,428.7,8.65,399,383,16,678.18,4.42,0.0401
3575,Line_B,M15,Evening,L038,59.2,39.41,39.35,24.58,46.24,4.631,0.928,30.19,409.12,405.93,3.19,217,209,8,338.83,4.96,0.03687
3576,Line_B,M02,Morning,L099,10.7,51.68,50.31,37.91,52.63,5.278,0.828,24.3,411.46,393.23,18.23,298,282,16,742.61,9.96,0.05369
3577,Line_D,M12,Night,L102,13.3,51.12,53.84,34.78,50.78,5.051,0.996,5.1,406.48,402.84,3.64,386,358,28,1056.86,14.99,0.07254
3578,Line_A,M08,Evening,L103,21.0,50.04,51.91,31.57,48.42,4.97,0.986,32.22,430.07,411.39,18.68,280,272,8,349.7,5.33,0.02857
3579,Line_C,M06,Evening,L023,16.6,42.85,45.33,27.06,44.18,4.781,0.706,10.42,435.24,424.12,11.13,311,294,17,650.3,8.76,0.05466
3580,Line_A,M03,Morning,L101,35.5,51.62,54.51,38.15,25.0,5.147,0.892,9.05,407.17,396.55,10.62,326,317,9,442.62,4.25,0.02761
3581,Line_C,M11,Night,L006,13.4,49.48,48.86,34.68,55.5,4.817,1.216,24.27,433.04,425.57,7.47,320,304,16,591.59,6.7,0.05
3582,Line_D,M13,Night,L080,9.6,56.87,62.3,28.16,37.91,5.392,0.739,9.62,394.04,375.34,18.7,205,195,10,385.63,6.6,0.04878
3583,Line_B,M11,Morning,L058,20.7,52.47,52.45,33.47,39.35,5.67,0.787,15.3,413.07,407.46,5.62,330,327,3,156.77,1.93,0.00909
3584,Line_C,M01,Evening,L074,8.4,49.47,48.61,35.56,63.07,5.669,0.952,122.71,410.98,404.6,6.39,230,213,17,676.4,9.39,0.07391
3585,Line_D,M14,Morning,L027,29.4,46.87,44.7,26.97,42.59,5.179,1.204,20.48,407.1,405.84,1.26,201,197,4,129.25,1.48,0.0199
3586,Line_D,M16,Morning,L046,33.9,46.77,46.69,34.47,55.54,5.273,0.603,11.99,416.29,392.82,23.48,335,320,15,652.47,9.18,0.04478
3587,Line_B,M12,Morning,L028,17.3,42.72,41.46,29.21,52.63,4.487,0.609,20.18,450.79,443.96,6.83,328,316,12,537.19,5.23,0.03659
3588,Line_B,M01,Morning,L100,31.9,43.02,40.96,35.22,60.92,4.67,0.747,55.68,432.89,426.13,6.76,416,398,18,765.26,7.99,0.04327
3589,Line_C,M09,Evening,L078,36.4,45.17,44.84,28.09,48.23,5.492,0.728,28.08,441.97,420.3,21.67,195,182,13,562.97,6.19,0.06667
3590,Line_B,M06,Morning,L010,39.3,45.38,46.35,28.52,47.75,5.693,1.085,47.85,420.09,402.71,17.38,290,287,3,121.56,1.19,0.01034
3591,Line_D,M11,Morning,L050,5.3,52.91,51.38,27.07,45.96,5.264,0.905,99.26,430.91,423.34,7.57,200,189,11,450.28,3.66,0.055
3592,Line_B,M13,Evening,L065,29.1,41.58,45.53,34.94,62.27,5.281,0.538,49.22,432.24,376.78,55.46,236,228,8,278.14,2.88,0.0339
3593,Line_D,M15,Night,L036,26.5,46.02,52.0,21.57,50.14,5.651,1.236,7.53,422.14,416.21,5.93,350,334,16,666.61,5.35,0.04571
3594,Line_A,M14,Evening,L034,26.9,45.51,44.81,30.71,36.99,5.259,0.514,5.48,425.9,418.39,7.51,372,365,7,303.01,2.08,0.01882
3595,Line_A,M16,Morning,L009,39.4,55.65,61.53,27.71,31.83,5.123,0.854,80.23,405.96,394.09,11.86,225,221,4,223.47,1.26,0.01778
3596,Line_D,M02,Evening,L008,46.4,51.75,51.06,23.96,39.96,5.787,0.899,62.54,401.52,399.95,1.57,403,395,8,348.47,2.87,0.01985
3597,Line_D,M02,Night,L036,26.0,50.8,44.03,35.39,52.85,5.686,0.862,30.73,450.42,447.64,2.77,391,373,18,778.35,10.22,0.04604
3598,Line_D,M13,Evening,L083,19.7,46.78,45.45,33.5,47.91,5.448,0.82,26.5,439.19,414.4,24.79,221,213,8,370.11,3.69,0.0362
3599,Line_D,M12,Night,L032,34.9,57.73,58.63,28.26,51.65,4.47,1.177,18.33,411.61,405.64,5.97,277,261,16,725.13,8.73,0.05776
3600,Line_B,M13,Morning,L112,32.2,50.87,50.68,34.44,37.7,5.641,1.294,98.43,387.09,365.48,21.61,369,332,37,1377.71,21.36,0.10027
3601,Line_B,M04,Morning,L068,22.2,51.34,48.97,29.55,55.65,5.312,0.59,17.13,420.84,411.33,9.51,314,299,15,564.56,3.96,0.04777
3602,Line_A,M08,Evening,L008,21.2,43.3,45.06,31.55,70.02,4.675,0.819,29.44,427.88,418.41,9.47,369,349,20,670.64,12.31,0.0542
3603,Line_B,M11,Evening,L072,18.5,50.38,47.14,31.05,54.52,5.411,0.841,41.93,384.06,376.8,7.26,304,298,6,243.22,3.26,0.01974
3604,Line_A,M11,Morning,L078,15.8,42.46,51.27,30.08,48.34,6.037,0.66,45.89,412.28,408.17,4.11,366,360,6,284.82,2.17,0.01639
3605,Line_D,M14,Night,L057,15.3,41.74,45.14,23.71,49.19,5.428,0.95,71.62,429.59,417.42,12.17,255,245,10,438.69,5.83,0.03922
3606,Line_A,M06,Evening,L114,24.4,46.3,44.06,32.54,56.75,5.905,1.332,13.78,425.28,421.87,3.41,414,397,17,858.68,7.72,0.04106
3607,Line_A,M14,Night,L065,19.0,48.07,48.29,33.4,57.47,5.703,0.853,43.95,411.26,399.39,11.87,271,260,11,395.19,6.51,0.04059
3608,Line_A,M05,Night,L019,23.0,47.39,44.48,23.89,58.71,5.456,0.962,31.34,421.8,413.8,8.0,376,368,8,294.88,2.08,0.02128
3609,Line_A,M13,Morning,L064,14.1,49.4,49.69,29.59,41.45,5.461,1.176,33.63,425.4,416.33,9.06,384,364,20,850.94,12.88,0.05208
3610,Line_A,M01,Night,L088,25.9,49.81,49.42,35.46,65.2,4.909,1.04,67.02,453.66,446.37,7.29,290,269,21,847.23,7.05,0.07241
3611,Line_C,M04,Night,L112,29.5,52.74,57.32,37.56,43.46,5.276,1.014,28.31,401.59,360.9,40.69,348,314,34,1252.15,19.72,0.0977
3612,Line_B,M01,Night,L086,30.1,51.1,54.43,26.61,53.91,5.801,0.71,47.72,416.67,410.52,6.15,407,389,18,735.05,7.94,0.04423
3613,Line_C,M04,Morning,L023,12.9,42.69,43.04,33.84,48.38,4.602,0.854,5.61,436.35,424.57,11.78,328,308,20,803.72,13.42,0.06098
3614,Line_D,M09,Morning,L116,24.0,52.9,52.39,38.31,52.54,5.667,0.686,48.81,417.05,408.46,8.59,189,178,11,426.95,6.76,0.0582
3615,Line_C,M14,Evening,L016,22.9,43.36,46.36,31.63,51.69,5.213,1.054,8.95,410.77,405.25,5.52,354,342,12,505.26,6.96,0.0339
3616,Line_C,M01,Morning,L038,19.9,43.43,46.89,31.32,58.83,5.257,1.081,43.09,450.45,444.36,6.09,232,221,11,490.36,8.16,0.04741
3617,Line_B,M10,Night,L090,21.5,50.99,54.46,28.97,56.38,5.278,0.766,18.79,415.49,408.14,7.35,259,249,10,440.59,7.21,0.03861
3618,Line_A,M02,Night,L093,28.2,46.19,42.69,34.61,42.9,4.781,0.976,28.79,382.39,379.78,2.61,201,190,11,506.17,5.7,0.05473
3619,Line_B,M03,Night,L117,29.4,48.21,45.41,29.87,58.69,4.587,0.712,61.3,428.64,424.79,3.85,233,212,21,804.91,9.13,0.09013
3620,Line_D,M02,Morning,L018,29.7,50.65,54.01,29.76,50.46,5.234,1.3,38.04,386.07,356.98,29.09,378,361,17,638.44,14.09,0.04497
3621,Line_C,M10,Evening,L097,14.0,49.67,51.12,31.08,53.74,5.514,0.771,39.3,398.02,389.19,8.83,195,189,6,188.86,5.27,0.03077
3622,Line_A,M11,Morning,L048,45.0,48.57,46.95,31.16,39.68,5.373,0.568,25.16,414.64,413.9,0.74,269,268,1,38.51,0.62,0.00372
3623,Line_B,M05,Morning,L031,33.7,43.19,48.27,32.61,57.02,4.896,0.602,15.81,434.8,419.84,14.96,193,187,6,270.99,3.32,0.03109
3624,Line_D,M11,Morning,L052,12.7,60.96,57.43,30.87,66.27,5.103,1.188,11.83,424.74,419.2,5.54,352,336,16,607.09,8.85,0.04545
3625,Line_C,M07,Evening,L041,13.9,53.96,53.22,29.04,57.43,5.603,1.154,30.91,423.26,419.48,3.78,253,236,17,862.62,10.8,0.06719
3626,Line_C,M13,Morning,L092,17.0,42.62,39.79,24.92,56.33,5.307,0.908,90.14,432.86,404.3,28.56,270,256,14,615.93,7.76,0.05185
3627,Line_D,M09,Morning,L087,30.0,50.9,54.32,29.72,42.38,5.03,1.323,1.49,406.2,379.78,26.43,215,201,14,617.9,7.24,0.06512
3628,Line_C,M16,Morning,L033,2.9,37.48,38.26,19.6,43.56,4.887,0.989,56.5,440.77,433.61,7.15,217,208,9,282.95,4.14,0.04147
3629,Line_C,M11,Morning,L006,16.1,51.57,49.8,23.08,56.78,5.483,0.616,36.96,434.66,427.27,7.39,182,168,14,615.97,7.92,0.07692
3630,Line_A,M16,Morning,L006,7.1,42.26,38.19,27.5,40.73,4.956,0.894,48.1,403.08,386.82,16.25,377,373,4,158.78,2.51,0.01061
3631,Line_A,M15,Evening,L072,40.1,45.47,45.33,30.61,53.24,4.818,0.521,15.7,442.45,435.29,7.16,380,375,5,202.5,1.88,0.01316
3632,Line_D,M04,Evening,L016,15.7,46.66,48.86,30.74,40.35,5.208,0.73,45.71,421.84,411.96,9.88,279,264,15,680.51,7.31,0.05376
3633,Line_C,M06,Night,L041,42.9,51.71,50.94,20.06,40.93,5.421,0.916,40.28,410.45,401.05,9.4,278,264,14,733.62,7.27,0.05036
3634,Line_B,M06,Morning,L084,34.1,43.53,47.02,26.0,41.16,4.592,0.743,44.49,438.94,424.07,14.87,215,207,8,323.08,4.64,0.03721
3635,Line_C,M10,Morning,L055,52.2,46.13,46.06,38.64,61.88,5.085,0.882,54.24,432.04,423.16,8.88,301,288,13,515.22,8.52,0.04319
3636,Line_A,M09,Night,L071,28.4,45.3,48.99,28.51,58.16,4.552,0.685,95.16,425.66,411.2,14.46,338,310,28,1125.09,18.03,0.08284
3637,Line_D,M08,Evening,L032,18.7,51.42,53.89,34.25,63.8,5.244,0.429,19.49,392.69,384.66,8.03,289,283,6,263.63,3.62,0.02076
3638,Line_A,M01,Night,L064,28.2,46.72,44.85,32.3,53.05,4.355,0.954,73.41,392.44,383.62,8.82,306,279,27,1343.31,9.84,0.08824
3639,Line_D,M08,Evening,L021,47.3,54.29,50.51,27.24,50.93,5.196,0.896,8.85,432.45,427.6,4.85,267,262,5,240.13,3.06,0.01873
3640,Line_C,M04,Night,L095,17.1,44.4,44.31,27.13,42.88,5.079,0.437,35.3,390.6,373.61,16.99,383,357,26,899.3,17.51,0.06789
3641,Line_A,M16,Morning,L112,23.3,52.69,56.16,35.36,84.43,5.155,0.701,35.5,401.27,395.18,6.09,219,198,21,856.17,12.04,0.09589
3642,Line_A,M14,Night,L066,17.6,42.6,48.88,41.56,44.99,5.614,0.861,30.22,417.11,408.46,8.65,205,194,11,387.13,6.12,0.05366
3643,Line_D,M03,Evening,L119,29.1,41.03,44.53,34.66,35.96,6.33,0.771,35.98,397.47,392.72,4.75,238,234,4,160.02,2.04,0.01681
3644,Line_A,M07,Night,L104,14.0,44.05,48.34,31.66,60.7,5.552,0.616,21.31,421.52,415.57,5.95,192,185,7,238.63,5.91,0.03646
3645,Line_A,M11,Morning,L106,17.7,42.41,42.44,32.76,59.52,5.253,0.559,17.59,419.77,410.12,9.65,191,189,2,102.59,0.94,0.01047
3646,Line_C,M08,Morning,L001,12.2,36.51,39.28,28.1,48.94,5.891,0.584,41.67,400.81,378.65,22.15,215,209,6,202.22,4.6,0.02791
3647,Line_B,M03,Evening,L007,42.6,49.28,45.28,27.22,55.83,5.174,0.973,34.45,396.69,381.92,14.77,367,360,7,306.76,4.22,0.01907
3648,Line_B,M12,Morning,L078,55.8,51.38,53.18,25.3,55.12,5.335,1.166,39.94,405.42,399.78,5.63,366,360,6,230.06,3.9,0.01639
3649,Line_A,M15,Evening,L057,34.1,47.28,45.74,33.93,59.8,5.29,1.368,89.28,422.91,406.74,16.18,391,377,14,684.04,8.07,0.03581
3650,Line_D,M13,Morning,L089,33.1,47.07,48.15,33.72,55.5,5.028,1.036,41.37,425.2,396.86,28.34,209,199,10,430.6,4.79,0.04785
3651,Line_B,M06,Evening,L050,19.1,51.2,48.55,31.13,63.87,4.928,1.023,46.53,439.59,429.13,10.45,389,379,10,361.04,7.55,0.02571
3652,Line_A,M14,Night,L109,11.4,50.38,48.18,36.23,45.35,4.524,0.634,32.13,401.07,400.48,0.59,342,326,16,666.43,7.63,0.04678
3653,Line_B,M15,Evening,L022,9.3,54.7,53.21,36.85,56.23,4.785,0.908,10.45,464.47,453.92,10.55,348,335,13,548.91,8.67,0.03736
3654,Line_A,M15,Night,L085,50.5,52.26,59.35,33.96,48.07,4.604,0.89,42.79,404.36,392.63,11.73,361,345,16,608.23,6.32,0.04432
3655,Line_B,M14,Morning,L019,19.4,46.6,50.85,26.62,72.73,4.974,0.866,36.92,411.06,389.84,21.22,308,300,8,294.85,4.95,0.02597
3656,Line_A,M05,Night,L084,24.5,39.32,37.9,28.32,48.99,5.05,0.872,42.53,402.0,383.84,18.16,296,294,2,74.68,1.18,0.00676
3657,Line_A,M09,Evening,L076,29.1,53.49,57.89,32.94,61.0,5.316,1.02,72.95,434.27,407.72,26.55,413,386,27,1164.09,18.77,0.06538
3658,Line_B,M11,Evening,L097,29.2,42.4,37.6,35.08,41.61,5.097,0.77,22.49,419.97,419.15,0.82,390,381,9,387.79,4.72,0.02308
3659,Line_D,M14,Evening,L113,28.5,48.36,49.49,32.46,30.62,4.916,0.733,38.15,440.57,422.72,17.85,191,187,4,136.9,1.35,0.02094
3660,Line_A,M02,Evening,L008,18.6,37.54,40.09,32.14,48.47,5.216,0.583,33.42,386.98,380.26,6.72,309,304,5,214.06,4.2,0.01618
3661,Line_A,M02,Evening,L003,32.7,42.01,43.59,32.62,45.39,5.066,0.855,9.44,428.94,419.91,9.04,403,396,7,312.41,4.0,0.01737
3662,Line_D,M16,Morning,L117,22.9,46.96,55.54,30.77,44.76,4.205,0.836,24.92,416.42,414.82,1.6,373,359,14,491.98,9.62,0.03753
3663,Line_D,M12,Evening,L082,26.2,53.46,56.76,29.95,47.81,5.253,0.817,51.54,424.69,419.03,5.66,385,378,7,335.25,4.65,0.01818
3664,Line_C,M05,Morning,L104,11.7,48.87,56.45,27.88,28.9,5.006,1.105,33.53,428.2,425.24,2.96,368,357,11,433.15,7.94,0.02989
3665,Line_A,M16,Morning,L065,19.4,38.44,37.97,42.42,53.87,5.25,0.792,51.22,463.77,442.45,21.32,363,344,19,748.32,7.87,0.05234
3666,Line_B,M07,Morning,L062,14.0,47.37,49.32,36.11,50.88,5.211,0.615,75.47,440.37,426.49,13.88,377,368,9,429.01,4.53,0.02387
3667,Line_A,M11,Night,L024,9.6,51.5,51.69,29.3,58.15,5.625,0.828,55.57,447.9,443.22,4.68,243,236,7,365.6,2.66,0.02881
3668,Line_A,M15,Night,L095,18.5,47.08,52.26,31.73,50.85,5.31,0.788,45.91,441.57,417.52,24.05,236,228,8,384.29,3.98,0.0339
3669,Line_B,M14,Night,L032,21.5,45.95,50.7,29.86,53.06,5.28,0.922,29.22,429.37,419.11,10.26,287,279,8,292.63,6.05,0.02787
3670,Line_C,M11,Evening,L084,11.3,48.42,51.23,27.36,44.88,5.078,0.909,52.06,439.95,423.1,16.85,419,401,18,796.51,8.77,0.04296
3671,Line_B,M09,Morning,L108,20.7,49.16,51.74,24.42,56.03,4.962,1.351,61.44,458.63,431.26,27.36,241,223,18,703.22,14.12,0.07469
3672,Line_C,M05,Night,L105,26.6,51.57,56.32,27.72,45.21,4.535,1.259,8.18,439.6,428.29,11.3,302,268,34,1732.5,21.62,0.11258
3673,Line_B,M03,Evening,L052,5.5,41.91,40.27,32.71,49.09,4.99,0.76,14.66,414.3,400.68,13.61,231,223,8,341.58,5.48,0.03463
3674,Line_B,M02,Night,L036,25.3,45.63,45.19,36.94,69.09,5.218,0.462,11.17,412.29,401.58,10.71,295,285,10,464.95,7.37,0.0339
3675,Line_D,M01,Morning,L049,20.9,52.29,48.55,30.53,58.55,5.362,0.993,28.23,413.48,410.44,3.03,338,332,6,236.58,3.09,0.01775
3676,Line_D,M08,Night,L097,10.2,49.78,53.51,25.83,60.43,4.728,0.854,17.1,399.57,395.78,3.79,181,172,9,350.61,3.19,0.04972
3677,Line_B,M06,Night,L042,37.3,49.0,49.9,20.8,41.58,5.112,0.833,30.27,415.58,391.58,23.99,281,267,14,667.38,5.83,0.04982
3678,Line_C,M10,Evening,L037,31.6,52.54,54.11,27.94,58.78,5.25,0.955,14.6,445.33,434.02,11.31,399,382,17,742.08,7.42,0.04261
3679,Line_A,M09,Morning,L080,8.0,43.73,45.33,27.56,51.37,5.395,0.647,53.15,422.61,404.19,18.42,288,268,20,890.88,9.39,0.06944
3680,Line_A,M11,Night,L034,25.9,48.49,47.4,28.49,50.64,5.59,1.021,20.76,436.67,432.48,4.19,359,351,8,304.98,3.88,0.02228
3681,Line_C,M04,Evening,L104,41.5,43.67,43.59,35.61,58.0,5.444,1.002,30.68,411.1,378.32,32.78,265,241,24,1022.18,14.98,0.09057
3682,Line_A,M03,Night,L042,21.9,52.01,53.05,34.89,40.04,5.337,1.149,21.3,418.04,395.51,22.53,268,257,11,509.41,4.9,0.04104
3683,Line_B,M03,Evening,L042,16.6,49.25,46.34,32.07,46.97,4.987,0.969,24.0,408.68,378.22,30.46,277,270,7,284.8,3.57,0.02527
3684,Line_B,M12,Morning,L013,24.2,46.53,49.57,35.6,58.92,5.901,0.547,45.79,430.3,426.4,3.9,376,362,14,622.57,7.32,0.03723
3685,Line_A,M15,Evening,L090,19.1,43.95,48.86,32.29,46.95,5.182,0.861,30.79,402.76,379.51,23.26,412,405,7,275.21,3.56,0.01699
3686,Line_A,M06,Evening,L041,21.4,52.84,54.25,31.14,32.9,5.369,1.067,12.19,434.61,429.2,5.42,386,379,7,288.42,3.46,0.01813
3687,Line_B,M03,Night,L029,8.9,42.98,44.54,29.78,48.27,5.952,0.612,53.99,426.52,410.63,15.9,268,258,10,483.77,6.23,0.03731
3688,Line_D,M16,Night,L073,20.4,49.38,49.08,35.13,48.41,4.99,0.782,42.97,437.67,431.1,6.56,195,186,9,378.8,5.17,0.04615
3689,Line_C,M04,Morning,L014,24.0,39.59,39.42,27.3,61.65,5.434,1.092,13.98,444.05,411.27,32.77,412,387,25,820.12,14.99,0.06068
3690,Line_B,M11,Evening,L048,24.0,42.47,40.07,30.9,61.47,5.321,1.017,33.94,447.86,443.53,4.32,192,190,2,94.32,0.88,0.01042
3691,Line_A,M15,Evening,L063,67.9,43.23,46.47,24.94,34.97,5.048,0.818,39.95,422.72,421.97,0.75,418,414,4,172.82,1.99,0.00957
3692,Line_C,M15,Evening,L064,12.3,46.34,45.71,29.7,52.4,4.948,0.841,70.79,419.81,415.22,4.59,215,207,8,319.73,5.06,0.03721
3693,Line_A,M04,Evening,L004,28.7,51.61,60.48,34.13,58.78,5.259,0.784,22.48,423.06,388.68,34.38,213,207,6,291.57,3.44,0.02817
3694,Line_C,M01,Evening,L081,10.3,50.53,49.66,33.47,38.46,5.819,0.745,74.53,416.48,414.7,1.77,372,349,23,989.54,13.24,0.06183
3695,Line_C,M07,Night,L052,11.5,44.38,44.37,32.95,52.15,4.62,0.994,59.11,421.81,406.91,14.91,401,372,29,1103.51,16.73,0.07232
3696,Line_B,M15,Night,L094,20.8,51.08,52.27,29.18,38.13,5.485,0.964,78.24,417.29,407.99,9.3,244,234,10,387.75,6.0,0.04098
3697,Line_B,M08,Morning,L015,37.0,46.99,55.41,27.95,59.28,5.369,0.954,6.12,428.21,413.0,15.21,410,399,11,522.34,8.16,0.02683
3698,Line_A,M15,Morning,L079,15.8,48.32,46.89,30.51,42.67,4.541,1.149,34.17,419.32,405.09,14.23,340,331,9,406.11,5.45,0.02647
3699,Line_A,M14,Evening,L060,13.9,51.44,46.87,27.05,57.56,6.024,0.912,38.56,417.43,405.0,12.43,182,177,5,194.24,3.41,0.02747
3700,Line_B,M09,Night,L079,21.0,52.56,49.83,23.14,61.29,5.718,0.699,48.97,405.38,397.88,7.51,202,190,12,446.73,8.99,0.05941
3701,Line_D,M14,Night,L042,21.7,49.21,54.01,30.1,39.02,5.47,1.089,68.08,414.36,384.47,29.88,185,174,11,394.72,5.29,0.05946
3702,Line_A,M16,Morning,L009,46.4,50.12,51.36,26.29,55.55,5.267,0.721,36.99,428.17,424.65,3.52,280,278,2,80.31,1.34,0.00714
3703,Line_C,M11,Evening,L038,20.2,45.46,45.5,37.13,37.89,5.293,1.018,29.74,454.51,444.31,10.2,277,258,19,872.02,5.99,0.06859
3704,Line_C,M12,Night,L001,9.6,54.7,48.51,35.53,52.17,4.847,0.935,26.19,417.56,412.95,4.61,308,283,25,1161.17,10.77,0.08117
3705,Line_A,M08,Morning,L001,25.1,52.13,51.38,31.83,45.01,5.911,0.615,41.33,420.01,406.21,13.8,213,213,0,0.0,0.0,0.0
3706,Line_A,M16,Morning,L046,8.9,39.84,37.81,28.25,52.27,4.983,0.743,50.12,435.38,427.36,8.02,401,384,17,739.45,9.96,0.04239
3707,Line_B,M06,Night,L089,37.2,43.57,47.44,27.05,44.04,4.868,0.748,22.51,446.12,430.55,15.57,187,180,7,380.27,5.08,0.03743
3708,Line_C,M13,Morning,L042,25.6,41.73,48.44,28.7,37.99,5.922,0.807,68.3,401.64,381.35,20.28,216,198,18,722.08,10.46,0.08333
3709,Line_B,M16,Night,L020,42.1,50.22,47.18,34.08,56.57,4.879,0.826,9.88,393.35,388.38,4.97,356,329,27,1213.98,9.75,0.07584
3710,Line_C,M15,Morning,L099,23.8,51.12,51.97,33.83,54.32,6.192,0.754,16.24,439.32,432.74,6.59,250,240,10,529.92,5.59,0.04
3711,Line_D,M15,Evening,L025,12.5,47.19,44.99,33.14,41.34,5.237,0.844,31.82,408.7,404.93,3.77,406,396,10,510.14,5.78,0.02463
3712,Line_C,M04,Night,L021,41.5,49.03,53.3,34.41,51.89,5.88,0.917,41.3,442.28,412.24,30.04,403,379,24,1158.07,11.55,0.05955
3713,Line_D,M16,Morning,L030,10.8,43.77,47.58,35.61,39.73,5.663,0.955,80.27,433.42,419.98,13.43,311,306,5,156.53,3.41,0.01608
3714,Line_C,M04,Evening,L101,32.7,52.31,48.34,28.79,48.55,5.094,0.929,54.08,412.0,397.12,14.88,362,338,24,1315.7,14.95,0.0663
3715,Line_D,M04,Evening,L019,6.0,51.5,50.9,25.44,41.22,5.384,1.0,38.3,415.85,396.26,19.59,408,382,26,1106.71,14.29,0.06373
3716,Line_D,M09,Evening,L025,14.6,50.08,53.03,26.67,58.27,4.556,0.932,29.72,451.88,442.82,9.06,188,179,9,407.19,3.16,0.04787
3717,Line_C,M03,Evening,L062,40.8,54.38,58.12,38.68,41.67,5.15,0.853,28.92,381.88,375.38,6.5,377,349,28,1027.25,21.41,0.07427
3718,Line_D,M12,Evening,L053,50.7,58.97,61.29,39.34,63.83,5.085,0.86,53.85,384.29,363.84,20.45,403,387,16,772.65,9.99,0.0397
3719,Line_D,M15,Evening,L013,22.0,53.85,61.86,31.95,46.87,5.61,0.872,27.59,414.2,394.38,19.82,281,270,11,398.61,6.73,0.03915
3720,Line_B,M05,Morning,L058,10.4,47.13,45.2,34.86,52.34,5.23,0.902,20.13,428.25,422.73,5.52,184,177,7,281.72,2.59,0.03804
3721,Line_C,M06,Evening,L105,34.8,51.32,51.12,32.93,40.92,5.08,0.764,19.49,388.62,364.04,24.58,274,257,17,769.76,11.85,0.06204
3722,Line_B,M07,Morning,L113,30.0,46.94,46.17,25.08,45.03,4.884,0.879,9.4,430.58,424.5,6.08,304,300,4,177.73,2.41,0.01316
3723,Line_D,M02,Morning,L045,17.0,50.5,52.16,26.31,57.8,4.951,0.363,6.86,430.84,422.5,8.34,341,329,12,603.04,6.17,0.03519
3724,Line_B,M03,Morning,L011,31.8,49.38,49.89,28.46,57.37,5.196,0.918,28.24,441.63,439.19,2.44,223,221,2,85.52,0.67,0.00897
3725,Line_D,M16,Night,L077,16.0,42.56,44.83,30.4,57.44,5.344,0.874,24.88,415.29,402.21,13.07,249,236,13,557.94,7.86,0.05221
3726,Line_D,M15,Evening,L105,10.6,45.09,49.13,25.59,44.32,5.517,0.58,42.55,431.88,418.97,12.91,241,234,7,343.36,5.39,0.02905
3727,Line_D,M09,Morning,L038,25.4,46.18,51.01,32.01,50.52,6.115,0.748,57.26,414.71,392.46,22.25,418,408,10,389.27,4.48,0.02392
3728,Line_A,M12,Evening,L042,25.7,48.93,49.8,31.25,51.28,5.32,1.12,16.91,410.31,404.03,6.28,335,328,7,268.82,4.54,0.0209
3729,Line_C,M01,Evening,L055,24.1,45.56,43.29,28.19,47.03,5.344,0.918,55.07,398.08,393.01,5.08,194,187,7,269.89,3.83,0.03608
3730,Line_C,M01,Evening,L022,34.9,42.91,40.59,31.09,50.03,5.567,0.891,104.35,432.58,421.69,10.88,262,247,15,733.29,8.18,0.05725
3731,Line_D,M15,Evening,L056,37.7,49.59,52.01,33.05,57.62,4.953,0.795,10.98,418.8,397.86,20.93,266,261,5,244.9,2.24,0.0188
3732,Line_D,M01,Morning,L113,27.5,51.98,52.81,33.83,46.11,5.819,0.908,6.53,432.32,422.75,9.57,263,253,10,407.05,4.81,0.03802
3733,Line_C,M12,Night,L032,8.4,53.38,51.55,30.89,38.86,4.871,0.864,36.66,431.34,430.24,1.1,331,310,21,978.12,11.58,0.06344
3734,Line_C,M16,Morning,L067,10.0,46.6,49.96,29.12,48.39,4.88,0.997,75.69,404.91,379.6,25.31,324,304,20,872.38,9.59,0.06173
3735,Line_A,M13,Morning,L007,15.5,47.99,47.71,32.02,49.18,5.582,1.173,45.26,422.98,418.98,4.0,182,179,3,110.97,1.49,0.01648
3736,Line_D,M07,Evening,L090,22.6,51.33,55.58,24.89,41.37,4.875,0.923,102.15,400.15,393.5,6.65,286,272,14,599.85,9.55,0.04895
3737,Line_A,M09,Evening,L007,36.3,46.76,51.02,29.42,57.03,5.404,0.939,9.22,401.76,380.01,21.74,405,392,13,554.41,5.9,0.0321
3738,Line_C,M10,Evening,L088,37.0,47.09,49.73,24.44,57.27,4.92,0.863,46.96,446.8,445.65,1.15,350,324,26,1161.54,16.9,0.07429
3739,Line_D,M08,Evening,L089,12.5,53.2,56.32,30.74,59.69,5.005,1.004,31.32,413.89,408.63,5.26,281,271,10,458.48,4.48,0.03559
3740,Line_B,M16,Night,L008,23.4,54.19,59.21,29.14,57.72,4.771,1.313,54.89,443.36,428.96,14.4,395,375,20,813.15,14.11,0.05063
3741,Line_A,M01,Morning,L002,21.0,41.13,42.11,32.19,53.84,5.284,0.814,36.97,449.73,434.6,15.14,395,393,2,65.7,0.87,0.00506
3742,Line_A,M16,Morning,L092,21.2,53.71,55.95,28.32,75.06,4.87,0.718,86.64,396.45,382.24,14.21,327,305,22,906.14,9.74,0.06728
3743,Line_D,M14,Morning,L024,11.6,46.97,50.59,33.97,58.06,5.782,1.137,107.03,420.79,396.52,24.27,303,290,13,481.81,8.36,0.0429
3744,Line_B,M02,Evening,L062,23.6,44.79,43.91,29.75,51.31,5.803,0.746,27.52,396.31,387.74,8.57,240,233,7,290.3,5.55,0.02917
3745,Line_A,M10,Night,L024,15.0,42.79,42.75,35.02,54.5,5.152,0.805,44.0,424.79,400.09,24.7,297,287,10,407.12,4.28,0.03367
3746,Line_C,M11,Morning,L110,30.7,48.65,45.71,33.69,55.27,4.823,1.274,15.11,391.7,379.73,11.97,259,241,18,592.25,10.96,0.0695
3747,Line_A,M16,Evening,L110,11.6,47.49,47.78,30.21,50.85,4.382,0.644,26.3,413.69,405.87,7.81,409,397,12,489.4,6.9,0.02934
3748,Line_D,M16,Morning,L007,22.0,51.28,57.75,25.27,50.88,5.626,0.999,46.19,436.08,407.6,28.48,319,314,5,214.24,3.35,0.01567
3749,Line_B,M08,Evening,L009,17.1,35.05,37.84,32.59,51.52,5.206,0.527,28.28,405.66,401.68,3.98,330,318,12,524.78,7.7,0.03636
3750,Line_A,M03,Evening,L010,32.3,49.78,48.97,33.17,36.65,4.046,1.029,99.9,411.44,404.26,7.19,298,288,10,331.14,4.99,0.03356
3751,Line_A,M13,Morning,L075,18.9,40.56,41.74,22.45,67.64,5.502,1.201,38.14,442.24,427.16,15.07,283,272,11,479.74,7.22,0.03887
3752,Line_B,M11,Morning,L016,25.6,51.98,50.87,23.4,57.81,4.522,1.003,25.78,427.87,425.19,2.68,256,244,12,503.28,6.13,0.04688
3753,Line_B,M09,Night,L093,14.7,43.84,49.13,28.88,54.27,5.084,0.838,35.83,441.59,419.59,22.01,342,315,27,1179.05,12.85,0.07895
3754,Line_C,M13,Night,L061,29.6,53.16,57.77,22.0,57.8,4.781,0.799,53.68,456.64,443.7,12.94,402,370,32,1421.47,23.26,0.0796
3755,Line_B,M02,Morning,L066,20.5,46.38,48.99,35.42,58.05,5.409,0.997,24.65,419.9,412.41,7.49,184,181,3,113.9,1.7,0.0163
3756,Line_B,M02,Evening,L025,47.5,57.14,53.65,28.1,44.76,5.227,1.047,62.92,419.07,415.59,3.48,304,295,9,424.02,5.42,0.02961
3757,Line_A,M08,Evening,L086,25.6,45.47,44.34,27.53,48.74,5.182,0.48,15.14,425.69,422.61,3.07,307,303,4,211.32,2.57,0.01303
3758,Line_A,M07,Evening,L046,21.5,50.23,52.07,26.42,47.95,5.096,0.5,64.93,425.9,411.82,14.08,399,385,14,623.45,6.94,0.03509
3759,Line_D,M03,Night,L026,24.9,47.49,52.5,29.02,54.92,5.267,0.75,45.67,419.93,399.87,20.06,202,195,7,277.09,4.71,0.03465
3760,Line_A,M04,Evening,L086,26.1,45.83,45.88,31.09,57.12,5.108,1.124,5.94,415.14,398.56,16.57,259,251,8,315.16,3.17,0.03089
3761,Line_D,M08,Night,L051,10.4,49.62,51.8,31.46,42.89,5.241,0.577,16.43,425.93,411.03,14.91,259,249,10,332.72,7.63,0.03861
3762,Line_B,M01,Evening,L011,17.2,49.9,45.37,28.75,48.74,5.413,1.227,29.44,423.08,414.38,8.7,185,172,13,545.07,5.68,0.07027
3763,Line_A,M12,Morning,L102,15.5,48.03,50.9,31.38,47.86,5.315,0.818,24.8,432.97,410.56,22.41,243,242,1,47.12,0.57,0.00412
3764,Line_A,M02,Morning,L014,50.6,47.67,50.22,20.49,47.06,5.191,0.906,36.71,448.39,445.38,3.01,328,326,2,81.04,1.26,0.0061
3765,Line_A,M11,Evening,L010,3.8,46.58,46.94,34.93,40.08,5.397,1.167,126.57,411.46,395.74,15.72,349,327,22,753.21,12.9,0.06304
3766,Line_D,M06,Evening,L011,9.8,50.85,50.04,34.55,59.92,5.817,1.201,32.27,412.01,397.85,14.15,282,269,13,502.88,6.06,0.0461
3767,Line_B,M03,Evening,L073,21.1,49.07,50.82,29.84,51.27,5.031,0.957,15.5,404.07,389.51,14.55,184,182,2,78.73,0.66,0.01087
3768,Line_B,M10,Night,L058,21.1,54.04,55.07,32.68,51.88,4.634,0.7,98.4,415.47,399.21,16.26,303,279,24,944.68,11.06,0.07921
3769,Line_C,M11,Evening,L028,25.3,53.35,49.93,27.37,54.61,5.671,0.808,27.11,436.91,430.75,6.16,278,264,14,682.57,6.97,0.05036
3770,Line_C,M16,Night,L030,27.8,55.04,57.07,32.32,49.31,4.541,0.796,13.27,399.02,388.65,10.38,276,260,16,740.55,8.36,0.05797
3771,Line_D,M07,Morning,L026,19.2,46.8,46.27,28.19,66.74,6.012,0.782,26.73,427.99,420.7,7.29,208,202,6,234.52,3.96,0.02885
3772,Line_D,M15,Night,L091,12.7,44.45,49.22,32.37,42.33,4.601,1.081,21.17,402.89,388.76,14.12,359,336,23,856.63,8.79,0.06407
3773,Line_C,M08,Evening,L049,32.0,41.25,40.98,29.05,57.16,4.573,1.325,46.31,439.62,419.86,19.75,198,181,17,660.23,9.87,0.08586
3774,Line_D,M14,Night,L014,10.5,46.83,43.71,34.21,64.56,5.616,0.819,39.0,407.62,382.4,25.22,223,216,7,245.2,4.89,0.03139
3775,Line_D,M05,Evening,L062,19.9,51.35,55.95,28.81,53.01,5.059,1.159,23.69,378.03,369.31,8.72,365,353,12,495.44,7.72,0.03288
3776,Line_B,M13,Morning,L077,20.7,44.51,49.72,30.86,39.84,5.728,0.963,21.8,415.53,411.04,4.49,274,266,8,336.4,4.32,0.0292
3777,Line_C,M04,Evening,L116,25.8,45.85,45.9,29.81,47.41,5.096,0.877,48.24,423.52,394.65,28.87,370,350,20,843.21,11.18,0.05405
3778,Line_A,M01,Morning,L097,13.6,49.85,57.39,31.06,51.67,5.239,0.557,93.9,416.77,394.11,22.66,248,240,8,386.64,3.83,0.03226
3779,Line_C,M03,Morning,L046,34.5,56.83,52.26,29.12,61.04,4.848,1.082,36.29,440.25,435.04,5.2,269,246,23,1111.9,17.51,0.0855
3780,Line_D,M07,Morning,L103,28.6,42.44,41.03,31.1,56.6,4.839,1.017,36.17,407.16,404.57,2.59,263,253,10,313.86,7.31,0.03802
3781,Line_A,M03,Evening,L095,26.5,44.38,46.37,31.93,49.66,4.64,1.274,41.28,439.83,433.81,6.02,240,227,13,438.92,6.92,0.05417
3782,Line_D,M13,Morning,L011,14.4,49.03,49.51,35.94,61.31,5.307,0.551,83.79,414.41,397.84,16.57,394,367,27,899.37,14.78,0.06853
3783,Line_D,M02,Night,L101,9.2,56.08,59.74,29.63,36.13,5.008,0.642,34.05,430.59,413.56,17.03,360,348,12,458.12,6.08,0.03333
3784,Line_A,M16,Morning,L038,28.0,41.57,44.32,30.44,44.47,5.442,0.973,11.67,401.77,398.75,3.03,344,338,6,302.59,3.12,0.01744
3785,Line_C,M06,Night,L030,54.0,47.5,45.52,30.5,59.02,5.084,0.978,6.95,433.67,411.84,21.83,182,172,10,406.28,4.25,0.05495
3786,Line_D,M08,Evening,L079,23.3,40.14,39.26,33.95,50.55,5.051,0.976,31.16,412.02,400.69,11.33,287,281,6,348.0,3.42,0.02091
3787,Line_D,M12,Night,L034,64.2,47.69,46.24,24.19,47.07,4.464,0.655,46.61,403.62,398.08,5.54,252,241,11,455.72,4.98,0.04365
3788,Line_A,M12,Night,L016,10.1,38.28,41.01,33.98,43.09,5.24,1.137,28.62,435.94,405.99,29.96,353,346,7,318.33,3.38,0.01983
3789,Line_B,M14,Evening,L092,23.4,51.35,52.97,35.62,56.28,5.479,1.287,22.39,438.54,434.1,4.45,394,377,17,752.53,7.56,0.04315
3790,Line_C,M16,Evening,L111,5.2,42.32,42.48,28.78,63.99,5.211,0.864,76.63,405.52,391.72,13.79,228,206,22,1124.03,14.17,0.09649
3791,Line_A,M05,Evening,L087,12.8,47.77,46.7,34.06,43.59,5.463,0.608,54.28,419.04,415.4,3.65,346,337,9,388.64,5.86,0.02601
3792,Line_B,M10,Night,L096,33.2,54.55,60.1,30.69,55.67,4.971,1.013,24.64,405.57,393.37,12.2,383,378,5,198.77,2.05,0.01305
3793,Line_A,M11,Morning,L069,5.4,46.4,44.39,29.97,44.54,5.716,0.55,10.9,438.04,434.92,3.12,305,300,5,178.29,3.13,0.01639
3794,Line_A,M13,Evening,L087,28.1,48.43,49.5,32.7,34.19,5.524,0.673,32.25,410.88,401.78,9.1,328,319,9,400.77,4.45,0.02744
3795,Line_C,M05,Evening,L074,29.7,45.33,45.57,27.55,43.59,5.554,1.243,53.77,430.04,427.12,2.92,337,313,24,1109.61,14.54,0.07122
3796,Line_C,M16,Night,L022,11.9,46.88,48.1,25.78,40.01,5.868,0.885,70.48,440.31,427.6,12.71,389,359,30,1123.69,19.79,0.07712
3797,Line_C,M04,Morning,L024,22.4,46.98,50.04,30.44,47.67,5.669,0.897,50.04,415.7,394.35,21.35,408,377,31,1312.52,18.84,0.07598
3798,Line_C,M12,Evening,L090,13.5,55.09,56.43,27.51,73.92,5.968,0.929,26.02,445.15,438.39,6.76,301,288,13,539.9,8.64,0.04319
3799,Line_B,M15,Morning,L081,31.9,49.2,45.23,40.06,55.25,5.154,0.771,151.36,442.91,422.88,20.03,238,221,17,726.28,10.41,0.07143
3800,Line_A,M03,Night,L096,37.6,47.85,53.63,30.96,58.37,4.478,1.041,12.35,438.49,415.05,23.44,244,235,9,479.85,6.19,0.03689
3801,Line_A,M09,Morning,L076,16.2,45.97,49.74,26.18,56.54,5.309,1.083,24.7,427.15,403.78,23.37,241,231,10,400.71,7.51,0.04149
3802,Line_A,M16,Night,L112,17.4,56.31,53.86,28.2,70.8,4.91,0.671,67.51,443.79,429.16,14.63,217,197,20,1061.09,12.43,0.09217
3803,Line_B,M03,Morning,L013,16.0,52.53,52.35,31.35,54.64,5.472,1.073,43.68,407.38,404.27,3.11,328,311,17,766.41,8.52,0.05183
3804,Line_A,M13,Night,L009,18.3,49.75,55.04,33.21,58.53,5.304,0.933,13.58,443.21,430.93,12.28,346,334,12,450.62,4.62,0.03468
3805,Line_A,M14,Evening,L102,13.2,45.92,48.34,28.96,41.2,5.65,1.108,43.65,419.35,415.27,4.07,356,346,10,461.43,5.5,0.02809
3806,Line_A,M05,Night,L111,22.8,57.4,55.41,31.75,53.36,5.49,0.937,78.6,439.54,416.75,22.79,385,367,18,612.93,13.07,0.04675
3807,Line_C,M12,Morning,L105,16.1,56.2,59.23,26.53,37.58,5.407,1.297,46.92,423.48,417.68,5.8,416,391,25,996.63,12.86,0.0601
3808,Line_C,M16,Night,L077,33.0,47.06,51.8,28.57,74.74,4.987,1.152,11.09,415.04,400.33,14.71,389,337,52,2672.2,31.46,0.13368
3809,Line_D,M07,Evening,L082,18.9,54.88,58.87,36.31,68.36,4.987,0.454,34.58,421.1,403.75,17.35,214,203,11,508.56,5.76,0.0514
3810,Line_D,M02,Morning,L080,47.9,46.28,44.54,31.45,54.24,4.811,1.339,44.21,414.28,401.29,12.98,186,179,7,266.69,3.87,0.03763
3811,Line_C,M05,Night,L094,38.2,48.32,49.35,22.98,58.71,4.814,0.908,19.17,408.63,386.93,21.7,241,231,10,479.61,7.23,0.04149
3812,Line_A,M16,Morning,L005,35.9,41.98,39.84,31.88,45.17,4.535,0.803,38.49,405.2,393.35,11.85,381,363,18,764.5,8.68,0.04724
3813,Line_C,M15,Morning,L012,8.7,46.59,46.71,33.49,48.7,5.073,0.713,39.76,422.25,415.36,6.89,397,385,12,561.97,5.85,0.03023
3814,Line_A,M14,Morning,L104,29.3,44.45,44.68,32.67,51.37,4.396,0.862,7.2,388.28,382.12,6.16,330,317,13,478.85,7.14,0.03939
3815,Line_B,M10,Evening,L032,31.2,45.91,48.79,33.37,65.05,6.014,0.705,13.51,407.77,393.79,13.98,263,257,6,290.38,4.71,0.02281
3816,Line_B,M05,Evening,L031,7.7,41.77,42.99,27.15,49.69,4.619,1.068,21.15,443.09,432.66,10.43,275,266,9,354.59,4.67,0.03273
3817,Line_B,M10,Morning,L036,31.9,49.95,50.72,35.03,61.3,4.94,0.842,35.95,429.76,425.12,4.64,360,349,11,418.38,6.32,0.03056
3818,Line_A,M14,Evening,L053,17.4,44.27,40.68,31.02,61.77,5.608,0.845,38.99,427.33,425.0,2.33,344,339,5,192.7,2.86,0.01453
3819,Line_C,M14,Night,L029,13.4,45.43,46.73,27.38,46.62,5.532,0.527,67.12,394.82,385.47,9.35,343,316,27,1355.75,12.58,0.07872
3820,Line_D,M01,Evening,L035,16.8,44.58,40.45,29.78,48.92,5.337,0.493,25.01,438.91,431.82,7.09,258,250,8,377.84,6.76,0.03101
3821,Line_C,M12,Night,L100,24.7,46.52,43.76,33.8,76.15,5.576,0.802,34.19,437.77,421.93,15.84,227,208,19,807.84,9.32,0.0837
3822,Line_C,M16,Morning,L022,5.9,43.63,44.54,31.23,48.02,5.943,0.905,38.55,425.34,423.2,2.14,185,178,7,314.91,3.57,0.03784
3823,Line_C,M03,Night,L044,17.3,48.44,49.31,34.28,51.75,4.953,0.774,33.46,432.94,424.03,8.91,256,234,22,770.96,15.7,0.08594
3824,Line_A,M10,Night,L009,16.8,45.9,44.38,29.75,59.5,4.817,0.746,18.16,453.37,451.34,2.03,314,304,10,411.24,5.46,0.03185
3825,Line_C,M10,Evening,L013,45.1,47.02,48.39,28.94,56.49,5.606,0.788,26.03,423.49,415.28,8.2,377,365,12,464.74,6.94,0.03183
3826,Line_C,M09,Morning,L106,21.4,47.06,43.96,27.73,40.93,4.964,0.894,31.64,398.09,390.98,7.11,302,282,20,876.57,12.05,0.06623
3827,Line_A,M13,Evening,L102,66.1,47.52,48.72,26.7,45.54,5.434,0.62,56.68,423.05,406.11,16.94,235,226,9,342.18,4.48,0.0383
3828,Line_B,M16,Morning,L067,28.5,49.0,54.57,32.16,49.02,4.861,0.794,97.56,409.81,392.55,17.26,311,300,11,470.33,5.73,0.03537
3829,Line_D,M11,Morning,L071,15.4,54.56,55.34,31.52,52.45,5.84,0.764,12.88,407.37,404.59,2.78,367,357,10,376.72,4.15,0.02725
3830,Line_C,M01,Evening,L014,30.3,48.87,48.62,32.76,53.21,5.091,1.619,62.96,460.22,446.33,13.88,327,295,32,1693.15,12.1,0.09786
3831,Line_B,M09,Evening,L088,26.6,46.38,49.05,29.79,49.94,4.961,0.822,29.41,403.17,385.72,17.45,313,290,23,972.29,10.58,0.07348
3832,Line_C,M09,Night,L113,39.1,51.36,54.43,28.37,50.79,5.654,0.9,61.54,420.16,415.49,4.67,328,308,20,784.82,10.77,0.06098
3833,Line_B,M05,Morning,L117,18.0,51.0,50.41,30.07,49.0,5.435,0.751,17.41,405.38,404.06,1.32,202,197,5,211.85,2.63,0.02475
3834,Line_B,M12,Night,L106,24.0,45.11,45.42,27.95,64.48,4.897,0.981,24.12,387.31,381.95,5.36,280,274,6,184.24,3.74,0.02143
3835,Line_B,M10,Evening,L058,17.8,39.3,39.8,29.72,50.23,5.223,0.816,50.71,394.82,386.26,8.57,277,265,12,612.56,9.12,0.04332
3836,Line_B,M02,Evening,L106,27.3,50.3,48.15,30.39,58.8,5.008,0.738,55.73,417.51,415.36,2.15,278,271,7,218.79,3.73,0.02518
3837,Line_C,M13,Morning,L085,17.4,42.06,44.98,28.89,43.57,5.125,0.872,41.84,445.16,412.92,32.24,404,381,23,885.13,9.97,0.05693
3838,Line_A,M01,Night,L074,16.4,47.01,48.44,33.46,59.67,5.669,0.905,25.79,428.86,422.57,6.29,362,350,12,550.18,7.86,0.03315
3839,Line_D,M14,Evening,L069,9.1,48.79,52.53,38.72,48.01,5.37,0.818,17.99,412.2,398.54,13.67,203,193,10,399.38,7.53,0.04926
3840,Line_B,M10,Morning,L051,29.8,41.42,44.89,32.9,27.55,5.591,0.742,29.79,404.19,402.73,1.47,277,274,3,140.01,1.65,0.01083
3841,Line_C,M16,Evening,L087,28.7,43.93,48.8,28.78,59.7,5.296,1.045,42.81,414.75,386.76,28.0,288,279,9,392.73,2.25,0.03125
3842,Line_C,M06,Evening,L024,19.4,44.52,47.83,36.79,59.67,6.207,1.074,20.67,439.31,414.04,25.27,241,218,23,1016.91,13.0,0.09544
3843,Line_C,M04,Night,L065,39.7,53.8,59.28,31.37,58.11,5.028,1.047,42.37,414.2,395.32,18.88,277,254,23,800.2,17.47,0.08303
3844,Line_C,M08,Night,L115,47.5,45.83,45.19,34.66,56.85,4.879,0.976,5.63,438.14,419.01,19.13,280,270,10,428.93,4.05,0.03571
3845,Line_D,M13,Evening,L119,15.7,50.2,48.73,32.49,50.22,5.083,1.199,29.25,419.2,411.6,7.6,275,262,13,591.61,10.42,0.04727
3846,Line_B,M10,Evening,L017,42.6,52.07,53.17,31.15,54.64,5.031,0.984,91.02,444.29,424.69,19.6,333,313,20,940.43,13.87,0.06006
3847,Line_C,M08,Evening,L042,30.1,48.07,49.53,29.83,36.78,4.275,1.15,13.17,399.7,375.67,24.02,261,240,21,835.94,14.88,0.08046
3848,Line_C,M07,Morning,L040,11.6,40.13,39.28,38.39,29.45,5.322,0.56,43.74,427.6,417.99,9.6,216,203,13,539.53,6.57,0.06019
3849,Line_A,M13,Night,L086,23.3,49.12,54.57,29.62,58.4,4.985,1.331,8.39,445.01,411.32,33.69,196,191,5,187.87,3.02,0.02551
3850,Line_B,M04,Evening,L064,19.6,47.36,43.91,29.62,58.89,5.465,1.089,28.95,431.95,422.51,9.44,409,383,26,1118.51,9.86,0.06357
3851,Line_B,M01,Evening,L010,49.7,43.77,47.3,30.15,41.72,5.517,0.879,74.96,433.74,415.42,18.32,310,303,7,287.61,3.15,0.02258
3852,Line_A,M04,Morning,L077,31.9,52.5,53.83,21.68,43.96,5.13,0.933,12.51,417.44,391.45,25.99,321,308,13,551.23,5.52,0.0405
3853,Line_B,M04,Morning,L098,20.9,43.87,45.1,34.06,40.62,4.728,0.567,26.77,437.69,426.29,11.4,374,356,18,735.79,9.67,0.04813
3854,Line_B,M03,Morning,L073,20.3,45.48,47.71,24.42,46.29,4.892,0.637,19.84,428.58,423.66,4.92,402,392,10,338.43,4.05,0.02488
3855,Line_C,M05,Evening,L068,20.1,46.52,42.07,33.23,35.42,5.44,0.802,12.01,433.91,431.61,2.3,278,263,15,683.01,7.78,0.05396
3856,Line_A,M12,Evening,L029,25.5,46.83,48.42,33.58,32.78,4.887,0.879,18.61,438.3,431.04,7.27,380,372,8,359.81,4.37,0.02105
3857,Line_D,M04,Night,L109,53.8,55.76,62.65,32.68,42.95,5.254,0.462,116.23,418.26,378.43,39.84,371,333,38,1758.95,32.13,0.10243
3858,Line_B,M03,Night,L114,24.6,43.6,46.27,28.88,58.5,5.185,0.651,7.53,412.54,395.66,16.87,391,374,17,798.57,10.84,0.04348
3859,Line_C,M07,Evening,L119,11.5,42.14,44.52,30.76,60.21,5.516,1.153,7.02,421.16,417.93,3.23,273,256,17,578.52,8.26,0.06227
3860,Line_A,M16,Morning,L011,16.7,46.08,43.27,27.23,59.14,5.123,0.87,36.06,444.1,435.66,8.44,185,183,2,80.06,0.7,0.01081
3861,Line_B,M16,Evening,L068,7.6,50.7,57.36,27.7,48.42,4.919,0.893,22.19,393.16,389.77,3.39,373,357,16,688.62,8.29,0.0429
3862,Line_A,M01,Night,L038,30.9,54.81,56.44,33.05,73.74,5.005,1.089,67.2,393.47,379.7,13.77,342,321,21,899.45,11.78,0.0614
3863,Line_C,M01,Evening,L026,18.8,45.78,44.32,35.03,64.11,4.776,0.863,18.01,431.43,429.48,1.95,389,375,14,485.07,5.16,0.03599
3864,Line_B,M05,Evening,L051,13.3,52.05,56.61,37.94,59.65,5.524,1.032,22.34,425.16,418.44,6.72,404,382,22,1153.4,10.16,0.05446
3865,Line_D,M03,Morning,L108,33.4,48.52,46.93,23.26,39.14,4.965,1.05,56.06,430.94,421.98,8.96,258,253,5,200.48,3.38,0.01938
3866,Line_B,M13,Morning,L060,19.1,55.23,54.42,29.22,44.18,5.074,1.106,12.61,410.33,396.16,14.16,270,253,17,673.21,6.5,0.06296
3867,Line_C,M03,Evening,L052,10.6,44.09,42.19,36.81,69.46,4.791,0.96,58.08,401.63,383.33,18.3,418,386,32,1227.04,21.47,0.07656
3868,Line_A,M02,Night,L104,14.7,45.23,44.4,31.53,60.69,4.98,1.008,30.32,423.01,415.56,7.45,288,281,7,290.55,2.62,0.02431
3869,Line_C,M04,Night,L097,11.1,56.08,59.94,29.69,47.0,5.09,1.212,67.67,437.49,404.15,33.34,389,350,39,1531.08,16.45,0.10026
3870,Line_B,M10,Night,L119,35.3,54.2,58.69,31.47,34.99,5.473,0.77,81.05,394.53,380.2,14.33,402,382,20,863.11,14.21,0.04975
3871,Line_B,M03,Night,L060,18.8,48.61,50.7,24.44,58.9,4.908,1.328,39.73,423.12,419.14,3.98,182,175,7,234.14,4.11,0.03846
3872,Line_A,M05,Evening,L068,23.4,52.45,52.37,30.99,52.62,5.19,0.676,40.73,420.87,412.19,8.68,360,351,9,393.08,3.96,0.025
3873,Line_A,M09,Evening,L049,6.4,51.82,49.31,30.78,40.74,5.272,0.941,58.32,394.5,374.18,20.32,229,221,8,275.87,4.32,0.03493
3874,Line_A,M16,Morning,L067,11.7,53.52,50.28,30.01,54.58,5.382,1.226,34.04,429.29,424.52,4.77,331,321,10,412.45,5.38,0.03021
3875,Line_D,M14,Night,L050,10.4,51.61,54.51,28.54,51.26,5.504,0.39,70.41,415.99,401.7,14.29,272,259,13,395.7,6.47,0.04779
3876,Line_B,M04,Evening,L001,17.2,47.34,46.85,35.46,44.83,4.474,0.931,19.35,426.97,412.24,14.73,317,297,20,1005.77,7.06,0.06309
3877,Line_A,M05,Evening,L098,6.1,47.83,49.19,31.64,51.68,6.12,1.03,23.63,423.78,419.53,4.25,353,345,8,390.03,3.72,0.02266
3878,Line_D,M02,Night,L036,6.9,48.12,50.75,30.13,39.39,5.126,1.329,54.78,439.01,428.99,10.02,282,274,8,295.3,2.46,0.02837
3879,Line_A,M05,Morning,L081,26.3,51.12,51.1,22.55,47.67,5.317,0.669,36.79,431.02,425.46,5.55,291,289,2,96.13,0.94,0.00687
3880,Line_B,M10,Evening,L079,15.3,44.5,41.19,25.34,48.4,5.392,1.166,25.5,433.39,425.09,8.3,227,225,2,75.82,1.58,0.00881
3881,Line_C,M09,Morning,L094,30.8,49.41,50.21,30.43,43.82,5.393,0.644,67.54,400.31,377.12,23.19,187,173,14,684.06,7.11,0.07487
3882,Line_D,M07,Morning,L023,18.1,44.81,44.02,32.86,40.34,4.666,0.747,55.73,453.33,448.61,4.72,182,175,7,291.92,4.22,0.03846
3883,Line_C,M01,Night,L032,17.6,55.88,58.82,37.02,40.23,4.252,1.0,66.78,430.01,406.41,23.59,190,173,17,705.27,10.6,0.08947
3884,Line_B,M15,Morning,L076,15.2,49.82,53.8,38.61,78.51,5.105,0.933,88.24,416.38,392.03,24.36,268,239,29,1317.56,18.6,0.10821
3885,Line_D,M07,Night,L080,6.3,49.11,44.06,24.34,45.24,4.642,0.665,13.86,418.53,415.51,3.02,330,320,10,375.51,5.76,0.0303
3886,Line_A,M15,Evening,L066,19.3,49.32,49.85,33.41,44.66,5.77,0.733,11.28,455.83,452.96,2.87,194,188,6,316.52,3.21,0.03093
3887,Line_D,M12,Evening,L069,31.1,49.2,48.15,35.22,63.73,4.802,0.539,45.7,470.0,464.97,5.03,355,344,11,506.24,5.61,0.03099
3888,Line_D,M13,Night,L061,52.1,39.62,39.22,32.28,47.72,5.794,1.078,35.37,408.07,394.19,13.87,310,293,17,729.36,5.02,0.05484
3889,Line_D,M07,Evening,L021,19.3,45.0,44.4,34.29,55.96,4.623,0.811,10.81,432.52,415.93,16.59,412,397,15,628.75,8.29,0.03641
3890,Line_A,M03,Morning,L065,7.3,46.69,45.91,28.86,58.69,5.095,1.153,46.37,405.9,387.88,18.02,386,380,6,244.59,3.49,0.01554
3891,Line_A,M04,Evening,L088,47.7,49.81,50.07,32.08,40.77,5.508,0.782,77.25,443.47,427.36,16.11,312,294,18,949.02,11.24,0.05769
3892,Line_C,M11,Evening,L027,40.5,44.81,43.75,36.57,44.49,5.018,1.033,24.33,442.69,441.08,1.61,389,371,18,872.64,10.65,0.04627
3893,Line_B,M10,Evening,L109,17.4,45.32,43.28,31.75,55.52,4.789,0.768,15.14,425.3,421.03,4.27,203,193,10,409.74,6.29,0.04926
3894,Line_C,M02,Night,L056,32.8,44.65,44.39,29.47,64.29,5.211,0.749,41.2,417.2,413.96,3.25,302,284,18,722.3,8.4,0.0596
3895,Line_D,M14,Night,L120,31.3,48.91,51.44,33.46,42.61,5.004,0.664,26.13,394.76,376.94,17.82,194,188,6,214.74,2.97,0.03093
3896,Line_C,M01,Evening,L084,23.0,47.2,44.32,32.24,48.34,5.999,0.895,23.35,404.95,397.87,7.08,407,384,23,1126.99,9.57,0.05651
3897,Line_B,M08,Morning,L032,23.3,46.79,45.39,36.97,66.64,5.583,0.906,79.21,399.56,382.66,16.9,189,182,7,254.55,3.29,0.03704
3898,Line_B,M04,Morning,L046,21.9,41.16,40.01,29.63,51.26,5.909,0.823,15.27,432.05,420.74,11.31,280,260,20,771.56,11.18,0.07143
3899,Line_A,M03,Morning,L120,9.5,47.14,48.91,33.87,43.22,5.118,0.649,22.29,448.52,438.66,9.86,249,243,6,260.09,3.68,0.0241
3900,Line_A,M08,Night,L023,31.3,57.6,59.79,37.71,64.22,4.59,0.885,9.97,408.23,407.55,0.68,363,339,24,1003.84,19.53,0.06612
3901,Line_A,M06,Morning,L031,35.7,45.05,47.41,32.98,64.08,4.841,0.995,55.73,401.88,381.6,20.28,256,251,5,206.31,3.19,0.01953
3902,Line_D,M08,Night,L066,42.5,44.94,48.56,24.72,61.47,4.762,0.716,3.17,463.81,448.84,14.97,197,192,5,235.96,2.52,0.02538
3903,Line_C,M16,Evening,L073,11.8,42.09,44.54,28.45,58.56,5.541,0.921,44.34,388.2,370.58,17.62,235,225,10,358.74,6.55,0.04255
3904,Line_C,M13,Evening,L071,18.3,45.3,48.05,31.66,47.18,5.93,0.937,54.83,408.92,398.05,10.87,306,277,29,1283.8,19.75,0.09477
3905,Line_B,M06,Night,L094,10.5,44.15,46.51,35.23,45.88,5.178,0.579,32.58,413.82,396.01,17.81,325,308,17,699.11,11.32,0.05231
3906,Line_C,M09,Morning,L106,20.5,44.53,46.59,33.93,49.43,4.621,0.897,24.97,410.02,387.26,22.76,215,196,19,805.62,15.13,0.08837
3907,Line_D,M06,Morning,L067,17.4,42.94,41.64,29.01,57.4,6.164,0.896,56.34,430.63,422.28,8.36,412,404,8,344.0,4.73,0.01942
3908,Line_D,M05,Morning,L105,28.9,52.39,51.26,31.27,50.18,5.08,1.018,66.87,433.69,427.84,5.85,325,317,8,354.16,4.79,0.02462
3909,Line_C,M08,Night,L063,35.5,51.23,50.54,31.25,58.16,5.157,1.113,34.7,402.95,388.04,14.92,252,233,19,873.69,5.81,0.0754
3910,Line_D,M03,Evening,L113,5.4,42.44,42.51,30.1,61.9,5.069,0.167,53.08,447.92,440.77,7.15,323,314,9,356.9,4.17,0.02786
3911,Line_B,M04,Evening,L088,35.6,42.88,45.69,26.63,71.33,6.235,0.831,154.34,428.15,391.75,36.4,246,214,32,1464.31,18.16,0.13008
3912,Line_B,M10,Night,L112,36.3,51.47,52.02,32.31,56.19,5.472,0.883,24.4,431.84,414.49,17.35,184,180,4,190.55,1.66,0.02174
3913,Line_D,M12,Evening,L099,17.9,50.77,51.93,32.05,64.56,3.798,1.068,21.78,399.72,392.9,6.82,383,366,17,688.6,7.67,0.04439
3914,Line_B,M11,Evening,L067,14.6,55.29,60.04,27.52,55.0,4.374,0.486,46.93,440.33,430.66,9.68,232,230,2,78.6,1.21,0.00862
3915,Line_B,M16,Night,L008,33.5,51.63,52.28,26.04,51.52,5.01,0.816,24.89,390.79,387.25,3.54,359,346,13,493.29,9.41,0.03621
3916,Line_B,M04,Evening,L114,7.4,45.53,46.02,38.27,45.7,6.146,1.161,36.53,421.15,405.4,15.74,287,270,17,716.73,9.58,0.05923
3917,Line_B,M02,Evening,L001,12.8,48.97,43.43,24.78,42.93,5.521,0.807,55.08,434.12,431.8,2.33,358,348,10,387.58,6.34,0.02793
3918,Line_C,M11,Evening,L003,14.7,57.86,61.47,31.25,40.18,5.215,1.281,54.57,386.78,382.74,4.03,213,194,19,829.8,9.95,0.0892
3919,Line_C,M10,Morning,L006,26.9,47.54,50.72,31.22,48.18,4.983,1.049,55.3,414.46,382.81,31.65,349,340,9,403.64,4.75,0.02579
3920,Line_B,M14,Night,L112,28.1,51.01,51.66,32.9,41.09,5.3,0.654,83.43,418.02,405.32,12.7,330,313,17,770.39,8.53,0.05152
3921,Line_A,M03,Morning,L018,27.9,52.25,49.38,28.85,59.91,4.985,0.948,26.89,439.05,437.64,1.41,348,339,9,365.05,3.59,0.02586
3922,Line_D,M04,Morning,L063,19.0,43.44,39.48,33.14,52.58,5.718,1.37,51.01,442.68,428.56,14.12,249,226,23,992.64,10.31,0.09237
3923,Line_B,M07,Morning,L008,34.0,44.71,46.53,28.37,57.51,4.955,0.905,26.59,394.12,361.24,32.88,326,317,9,348.45,5.03,0.02761
3924,Line_D,M14,Night,L028,63.1,55.18,54.71,28.5,59.31,5.096,0.745,58.48,404.22,395.11,9.11,255,248,7,287.57,3.8,0.02745
3925,Line_A,M04,Evening,L099,16.1,51.95,47.87,31.57,57.99,5.809,0.743,46.17,423.26,409.37,13.88,384,367,17,689.17,9.87,0.04427
3926,Line_C,M16,Evening,L091,51.0,45.72,47.26,32.06,53.0,4.876,1.007,6.77,436.67,425.13,11.55,231,222,9,407.0,6.01,0.03896
3927,Line_C,M02,Morning,L049,31.4,43.08,48.21,27.21,63.55,5.181,1.328,33.22,383.55,370.72,12.83,255,244,11,499.35,6.32,0.04314
3928,Line_D,M15,Morning,L012,30.1,47.35,47.0,27.5,53.86,5.777,0.743,7.39,411.57,406.27,5.3,261,255,6,238.45,2.62,0.02299
3929,Line_A,M11,Morning,L031,20.4,48.26,49.77,40.21,59.12,5.589,0.705,15.04,414.21,411.04,3.17,303,287,16,658.32,7.72,0.05281
3930,Line_D,M03,Morning,L073,23.6,45.94,45.16,31.31,33.22,4.772,0.653,15.49,392.38,383.06,9.32,337,330,7,272.33,3.26,0.02077
3931,Line_C,M16,Evening,L078,23.1,43.29,43.55,33.92,64.96,4.867,0.96,61.25,434.65,428.65,6.0,248,239,9,416.89,4.0,0.03629
3932,Line_C,M01,Morning,L030,57.1,55.67,55.2,27.67,54.18,5.514,0.728,25.67,404.44,396.1,8.34,394,380,14,520.38,11.15,0.03553
3933,Line_B,M07,Night,L073,16.6,48.03,48.24,33.47,46.0,4.869,0.986,19.61,416.82,410.87,5.95,230,222,8,287.19,4.49,0.03478
3934,Line_A,M12,Morning,L072,13.5,55.18,54.16,27.95,49.7,5.714,1.106,47.2,427.51,402.88,24.64,255,253,2,60.0,1.11,0.00784
3935,Line_B,M06,Night,L115,14.8,49.68,53.8,30.7,61.59,4.527,0.987,38.72,431.1,422.07,9.03,302,288,14,565.12,5.88,0.04636
3936,Line_A,M07,Night,L028,22.1,45.0,47.56,32.99,55.89,4.692,0.658,35.86,386.77,371.64,15.13,229,220,9,302.54,5.77,0.0393
3937,Line_B,M05,Morning,L066,23.9,49.72,50.95,35.58,49.03,5.305,0.916,35.24,423.96,399.43,24.53,339,329,10,429.9,4.83,0.0295
3938,Line_C,M03,Morning,L017,13.2,49.12,47.63,27.17,55.44,5.352,1.05,33.26,459.51,435.09,24.42,254,235,19,602.09,11.6,0.0748
3939,Line_B,M10,Night,L114,49.1,47.89,50.11,29.32,47.54,5.727,1.227,53.48,404.5,400.63,3.86,398,378,20,953.07,12.73,0.05025
3940,Line_A,M08,Night,L008,13.8,44.23,42.45,31.44,55.52,5.382,0.971,13.75,398.67,393.54,5.12,224,219,5,227.49,4.08,0.02232
3941,Line_A,M13,Evening,L097,16.6,50.7,46.02,33.13,52.9,5.324,0.826,15.9,418.17,406.01,12.16,345,331,14,607.04,8.66,0.04058
3942,Line_A,M09,Evening,L053,24.7,37.73,35.82,34.52,68.44,4.656,0.83,13.33,448.68,437.16,11.52,188,178,10,362.33,6.4,0.05319
3943,Line_A,M09,Morning,L050,29.2,50.83,51.24,28.84,65.14,5.714,1.012,91.79,426.58,406.32,20.26,400,379,21,966.79,14.56,0.0525
3944,Line_C,M03,Night,L051,9.4,52.63,54.7,27.03,55.44,5.336,0.735,51.89,435.47,434.87,0.6,298,275,23,933.48,14.62,0.07718
3945,Line_A,M05,Morning,L048,53.0,48.98,52.46,28.86,53.41,5.932,0.883,23.47,394.64,386.43,8.21,277,275,2,97.09,1.04,0.00722
3946,Line_D,M01,Morning,L031,20.0,45.97,46.02,33.63,49.68,5.116,1.101,48.25,436.15,430.3,5.85,306,300,6,248.91,2.43,0.01961
3947,Line_A,M16,Morning,L016,44.4,45.62,51.6,32.63,65.33,4.927,1.189,10.44,407.64,383.51,24.13,276,273,3,149.5,0.93,0.01087
3948,Line_A,M13,Evening,L070,25.0,53.33,53.58,33.25,48.37,5.103,1.46,9.76,444.16,428.06,16.1,229,215,14,491.63,8.39,0.06114
3949,Line_D,M05,Evening,L018,16.0,50.55,54.34,32.51,69.12,5.187,1.073,57.94,421.38,392.67,28.71,268,257,11,485.89,6.92,0.04104
3950,Line_B,M08,Night,L002,29.4,40.34,43.81,31.93,62.09,4.974,1.048,43.65,440.57,418.6,21.97,242,234,8,314.6,4.39,0.03306
3951,Line_B,M09,Morning,L072,45.0,43.29,38.77,27.21,69.68,5.047,1.327,30.94,443.08,428.03,15.05,181,175,6,261.55,3.81,0.03315
3952,Line_D,M04,Evening,L058,33.2,48.02,47.17,28.73,56.67,5.236,0.926,94.21,404.66,383.66,20.99,257,241,16,655.47,7.79,0.06226
3953,Line_D,M03,Night,L113,34.1,43.58,45.3,32.65,57.72,5.794,1.056,5.14,406.43,396.1,10.33,280,272,8,256.73,4.8,0.02857
3954,Line_C,M16,Night,L020,15.4,54.47,61.2,36.95,59.3,5.227,0.818,43.05,396.99,383.99,13.0,211,202,9,474.71,7.02,0.04265
3955,Line_A,M06,Morning,L015,9.4,46.72,46.02,31.49,56.59,5.485,0.795,19.02,442.61,436.24,6.38,348,341,7,294.29,4.15,0.02011
3956,Line_C,M13,Evening,L044,25.4,46.21,49.03,29.12,51.6,5.538,0.807,41.08,424.89,400.71,24.18,378,346,32,1291.64,18.53,0.08466
3957,Line_D,M11,Night,L106,10.6,47.87,51.61,24.75,50.92,5.469,0.828,142.04,414.16,380.33,33.83,198,179,19,841.42,9.09,0.09596
3958,Line_D,M07,Night,L024,27.4,53.38,50.34,33.89,41.94,4.803,0.681,12.59,438.24,433.79,4.45,336,320,16,670.76,8.15,0.04762
3959,Line_A,M10,Night,L046,22.1,51.54,51.73,28.32,59.97,5.073,0.719,46.39,441.06,429.78,11.29,278,263,15,581.49,10.96,0.05396
3960,Line_B,M05,Night,L081,23.1,38.83,36.03,32.4,47.97,5.23,0.876,42.57,374.71,371.27,3.44,309,298,11,494.04,5.52,0.0356
3961,Line_B,M05,Morning,L072,20.1,46.09,47.75,30.26,56.61,5.231,0.79,43.47,421.15,414.39,6.76,227,219,8,273.71,3.58,0.03524
3962,Line_A,M12,Morning,L108,19.3,39.61,41.15,33.09,46.66,5.869,0.945,59.38,439.53,433.43,6.1,238,236,2,88.33,0.63,0.0084
3963,Line_C,M13,Night,L082,13.2,44.13,44.03,25.17,56.7,5.128,0.68,70.64,433.55,410.8,22.75,314,290,24,1091.03,18.87,0.07643
3964,Line_A,M12,Night,L036,17.7,51.07,49.97,30.88,38.76,4.882,1.063,20.11,413.56,399.88,13.68,201,192,9,413.75,3.92,0.04478
3965,Line_B,M12,Morning,L016,38.7,52.42,58.36,36.77,41.75,5.151,1.07,57.39,396.28,375.95,20.34,324,318,6,232.34,5.1,0.01852
3966,Line_A,M15,Night,L055,18.7,47.89,47.09,36.27,51.53,5.458,0.639,59.56,438.29,434.04,4.26,392,382,10,382.81,5.52,0.02551
3967,Line_B,M05,Morning,L089,22.9,49.3,46.59,26.35,68.65,5.12,0.704,31.76,420.4,416.95,3.45,216,213,3,100.53,1.78,0.01389
3968,Line_A,M01,Night,L003,15.5,55.48,56.3,23.5,50.6,5.794,0.915,38.48,420.92,409.14,11.79,405,391,14,663.76,8.98,0.03457
3969,Line_B,M05,Morning,L120,28.7,48.6,51.47,27.04,56.98,5.375,0.95,70.13,394.23,389.28,4.95,244,236,8,330.54,4.17,0.03279
3970,Line_A,M11,Evening,L043,16.0,47.83,41.69,28.62,61.46,4.958,1.118,24.47,435.66,433.9,1.76,268,267,1,47.15,0.3,0.00373
3971,Line_D,M10,Night,L009,36.9,47.83,48.85,31.6,51.65,5.465,0.802,56.69,435.79,430.91,4.88,257,251,6,229.76,2.96,0.02335
3972,Line_A,M05,Evening,L094,15.5,49.92,49.95,32.74,60.76,5.216,0.835,6.84,409.27,404.88,4.39,375,366,9,468.59,4.79,0.024
3973,Line_C,M13,Morning,L103,9.3,50.53,52.34,32.82,37.07,5.001,1.326,45.37,421.42,394.46,26.95,212,183,29,1000.03,20.37,0.13679
3974,Line_A,M16,Morning,L069,18.4,56.07,57.28,33.24,56.61,4.696,0.637,10.17,392.53,374.03,18.5,404,390,14,560.54,5.01,0.03465
3975,Line_A,M02,Evening,L098,9.1,49.65,48.86,26.58,40.75,5.511,1.129,1.45,380.8,379.8,1.0,224,217,7,260.67,4.6,0.03125
3976,Line_A,M01,Night,L040,30.6,49.46,48.26,26.68,50.16,5.479,0.808,19.78,421.23,404.13,17.09,262,257,5,221.85,1.83,0.01908
3977,Line_A,M12,Night,L104,15.4,50.48,48.19,30.72,42.79,5.327,0.935,22.58,398.89,389.79,9.1,363,348,15,723.19,7.75,0.04132
3978,Line_A,M08,Evening,L014,48.1,41.75,36.96,32.05,45.74,5.292,1.122,12.94,412.08,400.69,11.39,402,396,6,255.85,2.31,0.01493
3979,Line_B,M11,Morning,L102,18.4,49.84,45.62,29.42,42.43,4.858,0.486,45.82,431.44,427.05,4.39,275,270,5,227.95,2.17,0.01818
3980,Line_C,M12,Morning,L040,18.1,38.95,40.29,22.5,64.64,5.367,1.109,13.53,422.97,385.15,37.82,249,247,2,95.73,1.11,0.00803
3981,Line_A,M01,Evening,L056,18.6,53.73,50.41,31.47,36.68,5.677,0.699,8.12,461.2,452.8,8.4,374,369,5,182.5,2.5,0.01337
3982,Line_B,M13,Evening,L003,34.9,55.34,56.08,29.63,51.81,5.17,1.031,10.37,410.88,400.65,10.23,203,190,13,561.98,7.4,0.06404
3983,Line_C,M03,Morning,L016,5.0,41.89,47.08,30.79,64.3,5.915,1.367,23.4,431.91,428.27,3.65,237,224,13,596.65,8.46,0.05485
3984,Line_A,M11,Night,L096,26.2,48.44,51.33,30.13,63.11,5.252,1.19,58.1,437.82,430.08,7.73,384,373,11,554.07,4.87,0.02865
3985,Line_B,M16,Evening,L075,48.7,45.89,47.67,28.9,46.73,5.374,1.148,24.19,407.96,401.61,6.35,376,363,13,526.81,7.06,0.03457
3986,Line_A,M08,Night,L110,22.4,37.57,41.07,36.33,56.23,5.279,0.646,19.23,433.92,429.86,4.07,358,341,17,724.51,6.64,0.04749
3987,Line_A,M06,Evening,L009,10.1,52.45,54.86,27.19,42.58,5.225,0.477,16.17,426.06,419.62,6.44,345,337,8,290.73,4.74,0.02319
3988,Line_B,M15,Morning,L097,40.6,46.35,48.43,31.94,37.87,5.583,0.677,49.93,415.86,403.39,12.47,306,296,10,378.06,5.62,0.03268
3989,Line_D,M07,Night,L107,26.9,49.13,51.82,29.07,52.25,4.705,0.883,18.37,410.6,410.56,0.04,181,170,11,486.3,4.64,0.06077
3990,Line_D,M10,Evening,L071,42.2,47.18,44.88,30.87,62.22,5.209,0.528,24.79,457.25,450.23,7.03,317,307,10,449.37,5.2,0.03155
3991,Line_D,M04,Evening,L022,24.6,52.4,58.71,27.13,52.79,4.994,0.825,15.81,442.65,419.66,22.99,270,263,7,291.38,4.18,0.02593
3992,Line_B,M09,Evening,L050,17.0,53.16,58.67,30.65,53.04,5.53,1.096,14.72,419.39,396.16,23.23,373,353,20,732.67,5.74,0.05362
3993,Line_A,M02,Night,L042,19.4,48.59,45.44,27.63,53.86,5.01,0.607,92.8,386.78,357.76,29.02,354,339,15,700.0,9.94,0.04237
3994,Line_B,M14,Night,L100,22.2,45.23,44.73,25.53,42.07,5.29,1.198,29.43,457.72,451.23,6.5,285,268,17,756.97,10.29,0.05965
3995,Line_A,M10,Morning,L120,29.9,47.78,50.02,37.95,55.66,5.216,0.888,10.79,421.49,413.64,7.84,300,292,8,384.01,5.63,0.02667
3996,Line_A,M08,Night,L009,15.5,47.16,53.42,28.36,58.21,5.55,0.936,61.44,458.93,453.71,5.21,187,177,10,403.72,6.84,0.05348
3997,Line_A,M12,Morning,L032,21.3,46.9,49.18,35.56,60.0,5.362,0.633,26.77,422.62,416.48,6.14,271,267,4,202.71,2.53,0.01476
3998,Line_B,M10,Evening,L084,11.2,53.27,54.83,30.05,53.74,5.151,0.716,7.86,454.74,435.67,19.07,189,188,1,43.78,0.64,0.00529
3999,Line_B,M07,Night,L105,18.7,48.05,49.38,29.4,69.77,4.76,0.876,2.21,431.44,426.32,5.12,388,367,21,845.79,9.87,0.05412
4000,Line_A,M06,Evening,L079,24.7,48.78,46.31,40.57,52.63,5.355,0.974,34.68,416.69,411.24,5.45,381,362,19,735.14,13.76,0.04987
4001,Line_C,M02,Morning,L092,30.8,46.8,45.61,32.04,48.07,5.094,0.836,11.01,417.29,403.24,14.05,359,346,13,439.66,10.37,0.03621
4002,Line_B,M04,Evening,L033,29.8,49.94,49.81,22.5,44.06,5.366,0.847,33.4,426.09,400.03,26.05,187,178,9,339.49,5.66,0.04813
4003,Line_D,M07,Night,L050,43.5,46.16,48.18,30.66,50.48,4.978,1.023,51.48,436.3,422.51,13.8,336,325,11,529.29,6.6,0.03274
4004,Line_A,M08,Morning,L001,15.2,51.37,50.24,39.82,51.61,5.584,1.423,68.16,438.88,425.87,13.01,395,371,24,973.86,11.21,0.06076
4005,Line_C,M16,Morning,L048,12.3,50.61,53.06,31.36,44.01,5.034,0.76,94.1,406.04,398.83,7.21,183,174,9,401.04,5.78,0.04918
4006,Line_A,M06,Night,L071,20.0,47.23,54.25,30.41,49.87,5.251,1.073,73.81,433.43,400.82,32.61,337,321,16,632.5,12.42,0.04748
4007,Line_B,M08,Morning,L098,26.2,42.6,45.98,28.63,55.52,5.42,0.846,20.22,431.52,413.27,18.25,262,254,8,370.74,3.34,0.03053
4008,Line_A,M01,Morning,L068,18.5,57.53,59.47,31.35,65.72,5.19,0.724,23.2,400.02,399.66,0.36,197,195,2,83.84,1.13,0.01015
4009,Line_A,M02,Evening,L057,10.4,53.54,53.94,18.24,49.4,5.209,0.718,32.79,424.6,410.8,13.81,200,196,4,168.6,1.99,0.02
4010,Line_C,M08,Evening,L021,21.5,54.2,53.63,30.96,37.84,5.458,0.636,16.41,443.53,440.29,3.24,248,239,9,341.27,4.4,0.03629
4011,Line_A,M06,Morning,L026,12.6,48.5,50.67,31.57,65.36,5.007,0.872,46.65,393.88,386.64,7.24,353,346,7,358.12,3.31,0.01983
4012,Line_A,M11,Evening,L015,22.0,56.1,60.14,27.64,68.27,4.908,1.084,36.91,412.86,408.58,4.28,325,314,11,481.42,3.49,0.03385
4013,Line_D,M14,Morning,L009,7.8,52.57,52.49,32.77,41.39,4.606,1.167,19.93,419.71,406.48,13.23,342,328,14,574.4,5.93,0.04094
4014,Line_A,M01,Night,L024,34.1,52.99,51.58,26.37,56.91,5.102,0.941,14.19,412.74,406.48,6.27,398,390,8,360.6,6.48,0.0201
4015,Line_C,M03,Night,L062,10.0,47.42,50.58,30.15,53.24,4.681,0.93,36.81,443.92,432.0,11.92,354,331,23,786.45,14.39,0.06497
4016,Line_C,M10,Night,L043,14.4,50.83,50.9,38.42,45.14,4.576,0.96,16.49,406.88,399.97,6.9,270,239,31,1291.64,13.88,0.11481
4017,Line_A,M02,Night,L044,38.0,58.84,60.43,34.99,59.43,5.629,0.875,9.9,410.9,388.49,22.41,326,313,13,556.36,3.93,0.03988
4018,Line_B,M05,Morning,L057,23.1,48.74,54.08,36.59,47.79,5.368,0.989,12.09,445.34,437.64,7.7,202,197,5,233.67,2.61,0.02475
4019,Line_A,M12,Morning,L051,38.5,45.3,50.64,28.28,69.78,5.54,0.759,42.46,433.03,426.3,6.73,336,331,5,242.19,1.75,0.01488
4020,Line_C,M01,Evening,L057,27.4,46.17,46.19,34.58,49.67,5.344,1.098,53.83,416.64,414.41,2.23,335,314,21,807.33,12.31,0.06269
4021,Line_A,M10,Evening,L050,29.7,52.69,54.22,36.33,53.56,5.11,0.807,49.05,421.08,418.22,2.86,272,265,7,291.05,4.22,0.02574
4022,Line_A,M02,Night,L100,20.6,41.55,46.09,31.05,38.14,5.132,0.616,3.15,425.83,418.93,6.9,206,200,6,277.93,1.94,0.02913
4023,Line_B,M13,Morning,L058,40.4,55.54,58.39,35.12,40.23,4.991,1.179,45.7,398.1,389.67,8.44,282,275,7,331.6,3.54,0.02482
4024,Line_D,M12,Night,L063,20.0,46.45,48.19,36.37,50.02,5.054,0.807,15.95,414.53,395.24,19.29,345,325,20,848.29,10.92,0.05797
4025,Line_D,M01,Morning,L036,10.8,43.91,42.36,27.23,41.85,6.261,0.911,37.29,434.53,430.29,4.24,350,345,5,193.44,2.66,0.01429
4026,Line_D,M09,Morning,L023,41.3,47.17,49.04,30.21,52.33,5.385,0.917,54.49,444.42,433.85,10.57,217,211,6,263.18,4.72,0.02765
4027,Line_C,M08,Evening,L012,38.9,54.44,56.78,34.85,52.55,5.883,0.577,43.3,413.14,406.05,7.08,371,353,18,700.01,8.73,0.04852
4028,Line_C,M16,Morning,L088,14.5,40.59,41.11,27.38,65.12,5.859,0.697,32.82,408.9,408.12,0.77,204,191,13,459.21,8.95,0.06373
4029,Line_B,M01,Night,L039,13.1,47.73,47.54,32.25,52.14,5.731,1.014,36.41,388.59,360.77,27.82,373,362,11,456.11,6.31,0.02949
4030,Line_D,M11,Evening,L047,50.0,49.32,53.53,32.96,51.07,5.601,1.058,59.82,392.5,385.77,6.73,398,389,9,345.7,4.69,0.02261
4031,Line_B,M09,Night,L065,28.7,57.67,51.91,29.05,61.32,4.929,0.931,34.79,425.33,413.67,11.66,199,176,23,900.95,14.06,0.11558
4032,Line_B,M16,Night,L089,16.1,45.86,45.82,27.65,43.99,5.678,0.847,50.72,397.33,393.15,4.18,322,303,19,813.45,8.5,0.05901
4033,Line_C,M12,Evening,L050,22.1,51.93,57.03,35.19,49.18,4.85,0.455,22.39,420.97,416.62,4.36,378,357,21,914.16,12.43,0.05556
4034,Line_C,M05,Evening,L060,14.3,44.09,44.31,36.49,65.65,5.366,0.903,27.43,427.87,415.25,12.62,280,261,19,888.44,9.52,0.06786
4035,Line_A,M02,Morning,L036,26.1,57.04,55.8,35.52,57.86,5.232,1.048,19.02,454.23,452.9,1.33,305,295,10,487.82,5.78,0.03279
4036,Line_B,M10,Night,L116,59.2,52.67,46.57,27.11,47.77,5.067,0.655,32.26,412.82,387.41,25.41,381,370,11,550.48,8.12,0.02887
4037,Line_B,M14,Night,L050,47.3,48.59,44.42,28.94,58.79,5.542,0.674,77.32,409.07,400.97,8.09,182,175,7,266.61,4.0,0.03846
4038,Line_D,M09,Morning,L020,20.9,46.13,49.58,35.57,44.48,5.738,0.887,25.79,423.39,388.93,34.45,268,256,12,516.79,8.41,0.04478
4039,Line_B,M10,Night,L049,25.9,51.2,46.7,30.1,44.18,5.058,0.744,24.21,430.26,426.97,3.29,412,396,16,772.34,5.53,0.03883
4040,Line_D,M09,Night,L036,24.8,43.06,44.27,35.92,49.24,4.923,0.722,41.03,411.64,405.26,6.38,406,388,18,859.51,12.66,0.04433
4041,Line_B,M06,Evening,L080,28.8,49.28,51.56,28.66,48.69,4.748,0.612,41.71,465.78,449.19,16.59,209,199,10,347.58,5.7,0.04785
4042,Line_C,M15,Evening,L075,19.0,41.6,43.27,26.97,56.29,5.761,1.164,18.79,425.34,422.33,3.02,389,374,15,618.93,6.79,0.03856
4043,Line_A,M03,Night,L062,14.2,44.26,41.14,27.75,50.75,5.107,0.782,11.04,421.18,417.83,3.35,213,203,10,451.26,6.13,0.04695
4044,Line_D,M09,Night,L077,27.8,47.72,44.19,35.95,63.09,4.987,0.939,33.7,410.88,388.57,22.32,245,232,13,524.69,6.01,0.05306
4045,Line_B,M14,Evening,L097,15.6,47.95,49.16,27.4,59.27,5.141,1.04,48.98,429.86,423.31,6.55,325,314,11,504.77,6.25,0.03385
4046,Line_A,M05,Morning,L062,44.3,50.42,53.61,26.9,61.66,5.528,0.872,43.02,415.74,406.24,9.5,412,409,3,171.3,2.1,0.00728
4047,Line_A,M07,Night,L107,14.8,49.03,51.84,24.91,51.8,5.286,0.68,58.19,435.08,426.51,8.57,378,361,17,782.34,9.55,0.04497
4048,Line_A,M12,Morning,L049,16.4,48.06,44.5,28.17,58.38,4.813,1.153,68.86,444.57,428.4,16.17,181,175,6,250.28,4.6,0.03315
4049,Line_B,M03,Evening,L120,33.9,46.59,45.29,32.91,51.87,4.762,0.805,58.61,436.0,424.41,11.59,224,216,8,348.86,4.25,0.03571
4050,Line_C,M05,Evening,L106,31.2,46.57,46.77,28.67,60.4,5.634,0.796,16.35,389.95,380.25,9.7,418,405,13,529.26,5.66,0.0311
4051,Line_D,M12,Evening,L004,12.1,38.99,39.47,36.05,43.04,5.216,1.159,10.53,394.38,387.5,6.88,232,220,12,538.66,4.87,0.05172
4052,Line_C,M02,Morning,L109,30.7,49.66,53.92,33.67,53.5,5.18,0.613,19.23,442.31,431.03,11.28,285,272,13,397.23,9.17,0.04561
4053,Line_C,M07,Evening,L040,57.8,52.87,56.64,34.97,57.99,6.602,0.699,51.44,418.07,415.49,2.58,237,228,9,389.03,7.58,0.03797
4054,Line_B,M10,Evening,L114,30.7,47.01,48.65,30.51,49.47,5.501,1.194,29.75,447.94,434.11,13.83,210,207,3,149.49,1.16,0.01429
4055,Line_D,M14,Night,L085,20.8,44.68,48.65,31.41,69.77,5.644,0.819,34.14,420.59,416.47,4.12,192,181,11,437.93,5.89,0.05729
4056,Line_D,M03,Morning,L077,24.0,50.48,48.96,33.96,45.42,5.416,0.857,78.49,425.76,400.66,25.11,304,292,12,474.61,4.89,0.03947
4057,Line_B,M09,Night,L087,12.4,50.61,48.8,30.41,41.61,5.199,0.796,29.34,435.46,424.89,10.56,334,315,19,815.6,10.73,0.05689
4058,Line_D,M12,Evening,L110,20.0,47.0,49.43,28.27,51.71,4.973,0.867,8.3,443.24,437.79,5.45,262,254,8,306.6,3.05,0.03053
4059,Line_B,M07,Morning,L049,27.2,54.27,54.38,30.56,46.97,5.184,0.749,37.53,433.85,419.35,14.5,413,403,10,422.67,4.89,0.02421
4060,Line_D,M08,Morning,L019,24.2,49.36,49.44,35.87,57.77,4.97,1.154,25.86,406.35,400.82,5.53,190,187,3,148.6,1.89,0.01579
4061,Line_D,M08,Morning,L001,16.1,51.31,49.6,25.54,43.49,5.693,0.663,25.03,419.76,395.34,24.41,294,285,9,400.39,3.88,0.03061
4062,Line_C,M14,Evening,L084,38.4,49.54,52.09,33.88,45.68,5.427,0.832,28.99,407.62,389.23,18.39,242,232,10,362.23,6.3,0.04132
4063,Line_A,M10,Night,L050,14.5,47.29,52.64,31.61,55.48,5.032,0.601,45.04,393.31,387.25,6.06,398,379,19,860.62,8.66,0.04774
4064,Line_C,M07,Night,L115,36.1,46.52,47.92,32.54,48.97,5.806,1.07,8.3,389.28,380.7,8.58,396,378,18,889.35,10.15,0.04545
4065,Line_A,M01,Morning,L106,46.1,56.57,61.47,29.15,65.64,4.958,0.888,9.14,387.11,384.31,2.79,249,246,3,127.0,2.19,0.01205
4066,Line_D,M07,Morning,L036,8.0,45.76,46.48,36.57,51.79,5.218,0.862,50.8,403.06,386.82,16.24,255,253,2,70.17,1.13,0.00784
4067,Line_B,M14,Morning,L115,22.2,48.63,52.32,27.42,47.19,4.751,1.189,26.31,446.9,441.73,5.17,217,208,9,400.03,4.58,0.04147
4068,Line_C,M07,Morning,L056,20.8,46.99,46.94,28.95,62.68,5.688,0.744,32.7,458.73,450.39,8.34,222,215,7,354.25,4.8,0.03153
4069,Line_D,M07,Morning,L028,18.8,45.53,45.56,26.81,47.66,4.689,0.922,33.71,424.88,415.78,9.1,317,308,9,417.21,5.61,0.02839
4070,Line_A,M12,Night,L086,12.6,42.36,47.58,34.44,50.94,5.204,1.087,27.31,436.72,408.37,28.36,259,250,9,390.16,6.26,0.03475
4071,Line_B,M16,Evening,L083,21.9,39.92,42.97,31.87,41.46,5.038,0.844,21.78,421.52,407.41,14.12,366,356,10,363.25,4.95,0.02732
4072,Line_C,M03,Morning,L054,8.7,55.61,54.15,28.46,43.88,5.566,0.711,36.29,409.14,405.34,3.8,392,379,13,454.48,7.67,0.03316
4073,Line_B,M16,Morning,L043,15.5,41.29,44.76,36.05,63.29,5.322,0.795,51.84,429.52,423.8,5.72,267,258,9,353.26,3.67,0.03371
4074,Line_A,M06,Night,L030,21.6,39.47,40.51,35.58,52.55,4.686,1.02,20.13,438.23,434.11,4.12,361,340,21,873.46,11.29,0.05817
4075,Line_A,M10,Morning,L118,22.2,45.94,47.78,34.81,58.65,5.339,1.142,72.65,410.17,404.15,6.02,262,260,2,86.18,1.48,0.00763
4076,Line_B,M05,Morning,L034,18.9,47.27,46.93,30.55,38.57,5.015,0.797,27.94,417.35,399.77,17.59,240,233,7,239.22,3.71,0.02917
4077,Line_C,M01,Morning,L042,26.2,38.08,37.54,31.43,54.28,4.538,0.867,129.56,439.03,430.32,8.71,283,260,23,964.98,17.84,0.08127
4078,Line_C,M07,Night,L114,28.5,43.61,42.7,32.37,59.84,4.64,1.29,38.66,420.73,419.6,1.12,337,315,22,1011.79,14.31,0.06528
4079,Line_A,M15,Night,L055,11.6,47.32,51.91,39.32,40.35,4.711,0.683,14.29,405.69,389.47,16.22,306,292,14,629.03,10.34,0.04575
4080,Line_B,M15,Morning,L094,39.8,46.41,47.28,29.35,46.48,5.296,1.133,31.14,415.96,400.55,15.41,244,238,6,226.78,3.43,0.02459
4081,Line_B,M07,Evening,L048,29.0,53.1,58.35,32.12,48.49,5.78,0.961,30.78,402.7,392.39,10.31,356,343,13,509.88,7.36,0.03652
4082,Line_A,M11,Night,L078,26.0,47.06,51.24,26.56,59.32,5.067,0.954,29.19,400.6,383.09,17.51,361,350,11,474.33,5.0,0.03047
4083,Line_C,M13,Evening,L087,15.9,47.76,53.29,27.19,38.03,4.883,1.273,20.33,424.68,398.02,26.66,244,222,22,775.02,10.25,0.09016
4084,Line_B,M09,Evening,L117,16.2,47.21,54.75,29.44,68.12,4.799,1.201,100.7,388.1,353.34,34.76,319,279,40,1524.24,22.37,0.12539
4085,Line_C,M13,Night,L062,35.1,43.03,42.4,35.77,70.24,6.318,0.94,7.57,421.38,410.11,11.26,321,291,30,1240.34,11.83,0.09346
4086,Line_D,M03,Night,L029,25.7,49.63,51.68,28.87,49.28,5.486,1.337,6.66,432.26,431.06,1.2,307,288,19,807.93,14.58,0.06189
4087,Line_C,M15,Evening,L025,43.9,51.9,51.67,24.2,50.28,6.238,0.681,35.96,425.01,402.1,22.91,322,305,17,586.05,8.24,0.0528
4088,Line_C,M10,Morning,L094,11.2,61.24,58.23,32.01,38.22,5.315,0.71,22.24,411.25,407.14,4.11,327,318,9,392.73,5.89,0.02752
4089,Line_A,M03,Morning,L085,22.1,41.85,45.04,32.65,44.91,5.357,1.009,55.27,397.39,390.31,7.08,181,180,1,35.49,0.53,0.00552
4090,Line_A,M13,Morning,L044,7.2,41.07,41.61,33.03,41.85,4.205,1.311,34.85,440.86,418.06,22.8,348,325,23,958.68,9.77,0.06609
4091,Line_A,M15,Evening,L001,23.7,41.9,41.36,32.51,55.09,4.42,0.698,28.05,425.86,396.61,29.26,326,313,13,432.23,8.73,0.03988
4092,Line_C,M06,Evening,L094,31.2,47.6,50.16,30.19,46.31,5.431,1.629,35.6,462.63,436.73,25.9,370,354,16,702.68,11.0,0.04324
4093,Line_D,M08,Evening,L070,29.9,47.89,43.21,34.05,66.73,4.88,0.839,31.98,424.83,420.08,4.74,330,323,7,310.8,3.74,0.02121
4094,Line_A,M15,Morning,L022,27.7,45.97,45.01,31.81,39.96,5.116,0.885,5.22,426.23,420.87,5.36,239,238,1,39.79,0.68,0.00418
4095,Line_A,M09,Evening,L112,15.8,47.5,49.43,32.12,61.9,5.476,0.729,78.14,465.49,416.0,49.49,295,288,7,311.54,4.04,0.02373
4096,Line_B,M06,Evening,L085,11.6,50.06,50.58,31.39,49.16,5.096,0.745,19.02,460.41,431.92,28.49,183,177,6,235.32,2.21,0.03279
4097,Line_C,M11,Night,L044,16.1,56.03,56.87,30.98,73.69,5.632,0.963,20.03,449.37,442.72,6.65,378,338,40,1758.44,18.17,0.10582
4098,Line_C,M03,Morning,L071,28.9,54.37,52.05,33.9,60.42,4.899,0.802,15.23,447.48,436.87,10.6,271,266,5,195.35,2.23,0.01845
4099,Line_C,M06,Morning,L052,33.7,52.56,54.42,36.34,50.97,4.193,0.819,59.11,406.41,404.89,1.52,326,306,20,748.57,8.6,0.06135
4100,Line_D,M14,Night,L042,10.3,43.41,47.87,30.51,67.08,5.755,0.788,6.34,418.01,412.46,5.55,343,326,17,658.4,11.48,0.04956
4101,Line_B,M02,Morning,L002,37.2,50.44,53.78,29.42,56.57,5.296,1.191,34.55,376.54,366.32,10.23,403,388,15,554.0,9.09,0.03722
4102,Line_C,M10,Evening,L096,36.2,42.22,39.05,32.6,51.71,5.971,0.936,45.57,405.08,398.7,6.39,385,365,20,828.76,7.0,0.05195
4103,Line_C,M11,Night,L025,24.7,43.66,44.19,33.49,61.15,5.248,0.882,50.48,430.02,422.13,7.89,186,176,10,368.54,5.58,0.05376
4104,Line_B,M09,Evening,L097,23.8,40.46,43.95,24.82,50.21,5.117,1.627,22.24,409.4,381.09,28.32,400,377,23,907.6,13.51,0.0575
4105,Line_D,M07,Evening,L050,13.5,42.18,42.83,35.9,44.61,4.888,0.936,14.96,415.58,403.82,11.76,245,239,6,248.08,3.35,0.02449
4106,Line_A,M15,Morning,L098,30.0,53.18,59.82,29.87,54.53,5.662,1.059,29.32,428.74,425.24,3.49,391,385,6,243.97,3.07,0.01535
4107,Line_C,M13,Night,L108,20.6,51.74,56.94,30.37,39.12,5.629,0.732,67.51,442.62,406.15,36.47,368,340,28,1348.2,15.39,0.07609
4108,Line_C,M14,Night,L110,11.6,51.43,52.81,29.21,48.61,5.05,0.913,96.11,434.3,422.81,11.49,329,312,17,744.88,11.02,0.05167
4109,Line_D,M02,Evening,L101,18.4,51.15,56.4,36.33,44.64,5.144,0.88,26.76,416.82,405.59,11.23,305,292,13,620.92,7.32,0.04262
4110,Line_B,M16,Night,L110,10.6,45.07,49.97,36.34,51.16,5.83,1.214,37.44,422.82,418.77,4.05,263,256,7,313.8,4.95,0.02662
4111,Line_B,M09,Morning,L119,40.5,40.04,40.12,22.91,53.78,4.805,1.064,34.07,419.45,398.88,20.57,292,279,13,646.4,8.72,0.04452
4112,Line_D,M12,Night,L076,31.5,46.75,48.14,30.46,51.46,5.276,0.843,34.07,435.21,428.13,7.07,335,325,10,468.77,6.99,0.02985
4113,Line_C,M07,Night,L006,11.7,50.73,54.14,30.33,50.98,5.465,1.116,61.47,435.82,423.04,12.78,283,269,14,526.96,5.78,0.04947
4114,Line_B,M10,Night,L062,25.6,41.87,42.93,28.63,66.0,5.722,0.85,28.08,376.47,371.41,5.06,258,246,12,489.34,6.0,0.04651
4115,Line_C,M12,Morning,L025,28.1,39.4,42.19,25.93,55.65,5.651,0.594,21.45,436.3,420.85,15.44,225,217,8,429.63,3.11,0.03556
4116,Line_A,M09,Evening,L008,17.9,45.59,48.61,35.76,54.32,5.255,0.894,9.73,433.59,409.25,24.34,298,285,13,634.49,8.44,0.04362
4117,Line_C,M10,Morning,L081,14.9,43.98,48.02,30.56,51.67,4.763,0.917,29.59,432.82,429.09,3.73,369,353,16,694.0,6.05,0.04336
4118,Line_D,M06,Morning,L111,13.0,54.49,49.16,32.03,49.82,4.779,0.828,119.16,433.33,426.37,6.96,234,221,13,532.61,8.94,0.05556
4119,Line_B,M16,Morning,L005,20.9,40.75,39.72,31.85,47.74,6.209,1.135,58.78,422.59,416.28,6.3,220,215,5,167.05,2.04,0.02273
4120,Line_B,M03,Morning,L116,24.4,51.87,47.11,30.6,31.64,4.892,0.777,17.2,399.26,385.22,14.04,243,239,4,165.32,1.99,0.01646
4121,Line_D,M06,Evening,L027,13.4,52.35,56.81,33.3,56.25,4.482,0.981,26.85,402.3,397.51,4.79,406,382,24,999.74,12.76,0.05911
4122,Line_D,M14,Night,L017,28.4,46.21,44.38,31.98,53.32,5.166,0.46,31.61,379.96,375.43,4.53,299,284,15,631.8,9.4,0.05017
4123,Line_D,M08,Morning,L085,30.1,50.77,50.05,24.12,29.18,4.376,1.094,31.63,459.46,453.84,5.63,299,292,7,319.03,4.31,0.02341
4124,Line_B,M01,Morning,L033,29.0,42.63,42.05,29.72,54.46,5.178,1.089,40.17,428.32,411.9,16.42,273,263,10,425.18,3.74,0.03663
4125,Line_D,M02,Evening,L072,41.5,51.31,51.45,31.1,38.42,5.687,0.839,44.63,422.86,418.35,4.5,220,216,4,155.63,2.12,0.01818
4126,Line_A,M15,Evening,L064,27.4,45.64,50.48,27.1,51.25,5.302,1.108,40.75,420.52,409.86,10.66,229,225,4,198.69,2.69,0.01747
4127,Line_B,M16,Evening,L004,57.0,47.41,45.41,30.45,48.43,5.043,0.891,11.96,394.91,387.36,7.55,310,300,10,409.21,5.2,0.03226
4128,Line_B,M05,Evening,L092,32.4,53.06,54.97,28.73,52.41,5.497,0.934,53.29,421.25,385.31,35.93,359,346,13,518.98,8.81,0.03621
4129,Line_D,M04,Night,L081,13.2,47.73,51.21,34.65,49.17,6.127,1.075,9.53,440.0,416.8,23.2,215,201,14,540.19,6.21,0.06512
4130,Line_D,M04,Morning,L006,33.7,48.84,48.01,34.75,44.84,4.958,0.633,25.19,422.83,398.24,24.59,231,225,6,244.78,2.84,0.02597
4131,Line_C,M15,Evening,L003,40.8,48.03,52.27,32.65,53.87,5.87,1.193,23.56,445.69,432.07,13.62,226,218,8,433.49,4.26,0.0354
4132,Line_C,M01,Night,L024,61.6,46.14,45.16,28.03,62.42,5.839,1.188,20.66,426.95,426.32,0.63,342,321,21,630.0,8.84,0.0614
4133,Line_B,M02,Evening,L110,41.0,45.66,50.88,31.88,47.06,4.852,0.679,28.71,389.42,364.61,24.81,270,264,6,268.45,3.37,0.02222
4134,Line_B,M06,Morning,L084,24.9,49.63,54.02,36.57,50.55,5.732,0.618,21.02,459.19,429.94,29.25,305,299,6,232.27,3.96,0.01967
4135,Line_B,M16,Morning,L101,27.0,47.41,51.49,27.32,40.82,4.948,0.689,17.65,419.56,408.13,11.42,326,318,8,284.13,4.64,0.02454
4136,Line_A,M02,Night,L035,22.1,53.67,56.34,35.28,53.84,5.609,0.977,50.51,432.95,431.64,1.31,237,229,8,414.44,3.74,0.03376
4137,Line_B,M06,Morning,L094,34.7,50.33,51.5,28.1,55.75,5.221,0.442,88.03,395.8,382.55,13.25,252,243,9,340.98,3.78,0.03571
4138,Line_D,M03,Evening,L100,35.4,42.56,40.76,29.43,61.4,5.375,0.817,43.35,443.49,438.07,5.42,251,248,3,133.79,1.08,0.01195
4139,Line_C,M06,Morning,L066,36.8,48.6,53.93,31.36,53.83,4.894,1.229,24.14,431.1,426.22,4.88,338,315,23,1006.24,13.4,0.06805
4140,Line_D,M12,Evening,L081,44.8,46.92,43.5,33.48,49.24,4.914,0.852,58.15,406.71,402.34,4.37,182,179,3,110.1,0.97,0.01648
4141,Line_B,M04,Evening,L013,11.1,46.99,50.22,31.75,48.99,5.124,0.718,9.64,413.49,376.68,36.82,349,326,23,1125.52,7.73,0.0659
4142,Line_C,M07,Night,L026,24.7,45.86,47.57,27.93,66.31,5.716,1.048,67.14,433.43,431.81,1.62,247,230,17,575.74,7.84,0.06883
4143,Line_A,M03,Morning,L014,57.3,51.07,58.16,27.9,37.51,5.609,1.063,25.29,382.12,375.03,7.1,414,412,2,110.68,1.26,0.00483
4144,Line_B,M01,Night,L110,21.5,50.5,46.89,32.75,42.05,5.174,0.444,27.98,409.7,396.0,13.7,409,389,20,847.22,16.19,0.0489
4145,Line_B,M08,Evening,L118,19.5,47.92,49.87,35.67,64.29,6.038,0.929,91.6,429.55,420.13,9.43,204,197,7,302.81,2.6,0.03431
4146,Line_A,M06,Evening,L090,24.2,44.2,40.12,31.26,47.72,4.872,1.323,16.83,441.43,440.51,0.93,262,256,6,279.39,3.18,0.0229
4147,Line_A,M12,Night,L002,31.7,47.18,48.87,32.21,36.79,5.016,0.577,13.54,436.87,433.09,3.78,321,317,4,190.19,2.05,0.01246
4148,Line_C,M01,Morning,L025,36.8,37.77,37.6,31.09,48.7,4.809,0.722,42.23,399.12,395.97,3.16,200,191,9,389.2,4.75,0.045
4149,Line_B,M01,Morning,L112,25.1,45.98,44.57,28.26,56.59,5.029,0.899,21.6,415.97,400.3,15.67,211,204,7,268.4,4.29,0.03318
4150,Line_B,M15,Morning,L073,24.7,40.75,40.01,31.46,74.31,5.949,1.076,95.39,414.56,411.94,2.62,247,235,12,551.97,5.36,0.04858
4151,Line_A,M07,Morning,L038,16.4,41.15,40.96,32.52,45.85,4.333,0.896,22.9,395.36,393.27,2.09,388,373,15,615.49,3.75,0.03866
4152,Line_C,M14,Morning,L069,18.4,44.81,48.25,28.69,40.94,4.791,0.643,14.35,445.23,430.56,14.67,225,211,14,546.71,8.67,0.06222
4153,Line_B,M02,Night,L008,24.3,39.29,45.46,27.18,47.98,4.783,0.449,5.05,426.67,417.75,8.92,300,283,17,717.04,12.79,0.05667
4154,Line_B,M06,Morning,L099,25.8,56.65,53.02,30.03,49.41,5.202,1.477,17.88,413.43,400.77,12.66,218,216,2,76.05,0.81,0.00917
4155,Line_C,M12,Morning,L072,34.1,53.49,52.97,29.18,81.44,5.1,1.26,60.03,440.28,429.64,10.64,330,292,38,1561.55,23.92,0.11515
4156,Line_A,M04,Night,L059,16.8,47.05,51.0,25.44,46.2,4.674,0.745,39.5,409.41,372.45,36.96,385,359,26,1167.5,9.42,0.06753
4157,Line_D,M04,Evening,L092,31.6,52.16,53.46,24.67,41.92,5.747,0.945,28.15,411.07,391.68,19.39,365,353,12,498.62,6.29,0.03288
4158,Line_A,M02,Morning,L009,33.2,51.06,47.36,35.79,52.88,5.392,0.956,84.94,408.0,393.52,14.48,241,238,3,97.15,1.56,0.01245
4159,Line_B,M06,Night,L080,58.4,46.43,47.85,23.51,51.02,5.389,0.529,28.37,412.69,407.27,5.42,189,181,8,305.06,4.73,0.04233
4160,Line_A,M12,Night,L059,33.7,46.9,50.39,33.16,47.71,4.799,0.86,4.8,413.79,395.16,18.63,213,208,5,240.14,3.01,0.02347
4161,Line_C,M05,Evening,L020,16.0,56.83,51.3,27.34,56.97,4.86,0.845,46.59,430.02,427.16,2.85,292,265,27,1125.69,17.51,0.09247
4162,Line_B,M02,Evening,L012,14.9,54.06,56.06,31.02,39.88,5.642,0.863,39.1,402.67,402.01,0.66,401,388,13,586.2,8.38,0.03242
4163,Line_D,M11,Morning,L088,13.7,53.06,58.14,26.16,56.06,5.404,0.967,61.93,446.76,441.09,5.68,185,177,8,321.58,4.22,0.04324
4164,Line_B,M11,Evening,L023,15.8,54.84,64.97,30.99,46.15,6.01,0.526,105.28,444.08,414.73,29.34,243,233,10,439.92,4.84,0.04115
4165,Line_C,M07,Evening,L111,15.8,45.68,50.18,32.74,44.55,5.684,0.867,66.66,426.49,397.93,28.56,299,288,11,371.31,4.34,0.03679
4166,Line_A,M05,Evening,L005,13.1,53.83,63.44,35.0,56.54,5.37,1.111,13.57,403.44,400.95,2.49,238,233,5,193.52,2.29,0.02101
4167,Line_A,M12,Evening,L048,10.3,38.47,36.4,28.94,56.5,5.192,1.023,8.95,423.56,419.05,4.51,412,394,18,948.81,7.9,0.04369
4168,Line_B,M12,Evening,L081,21.5,44.14,49.48,32.2,48.54,4.734,1.562,13.05,416.07,407.69,8.38,365,348,17,741.03,12.97,0.04658
4169,Line_C,M10,Evening,L104,11.9,50.34,57.47,30.68,67.52,5.044,0.93,85.78,413.05,400.82,12.23,308,288,20,771.99,12.11,0.06494
4170,Line_B,M07,Morning,L063,6.7,40.46,46.39,35.48,56.47,4.768,1.056,14.82,442.03,429.37,12.66,345,336,9,392.21,3.78,0.02609
4171,Line_D,M09,Morning,L077,22.8,46.73,53.51,33.31,44.2,5.829,0.988,32.81,432.58,411.4,21.18,399,385,14,523.65,9.72,0.03509
4172,Line_C,M03,Evening,L064,14.6,57.46,51.74,31.95,43.47,5.532,0.542,35.84,388.72,378.83,9.88,190,177,13,564.11,7.31,0.06842
4173,Line_D,M01,Night,L101,32.4,41.8,45.04,30.42,59.97,5.783,1.027,42.79,417.82,415.65,2.17,321,308,13,591.13,7.92,0.0405
4174,Line_B,M05,Night,L073,13.1,51.69,55.57,28.06,61.17,4.65,0.863,85.52,427.99,409.26,18.73,362,343,19,791.89,10.63,0.05249
4175,Line_D,M09,Evening,L041,36.7,55.24,61.57,24.11,59.7,4.918,0.578,68.28,409.44,394.51,14.93,383,365,18,774.3,10.65,0.047
4176,Line_C,M12,Evening,L106,35.2,44.29,46.96,34.03,45.96,5.17,0.454,54.88,381.62,379.38,2.23,222,206,16,732.82,10.0,0.07207
4177,Line_C,M04,Evening,L081,29.5,58.7,59.15,30.02,52.49,5.06,0.888,46.52,405.32,386.14,19.18,297,281,16,743.42,6.96,0.05387
4178,Line_D,M11,Morning,L040,18.8,50.51,50.51,30.2,42.37,5.504,1.002,26.47,426.89,418.25,8.64,221,217,4,148.84,1.77,0.0181
4179,Line_C,M05,Evening,L008,8.2,52.01,52.65,30.62,60.57,5.094,0.817,22.79,415.63,413.55,2.08,231,215,16,655.45,9.79,0.06926
4180,Line_D,M10,Evening,L004,30.5,53.84,51.25,33.79,62.39,5.892,1.079,58.88,389.84,384.18,5.66,356,351,5,184.57,2.72,0.01404
4181,Line_C,M02,Night,L009,15.1,47.98,48.51,32.07,48.83,6.08,0.708,24.8,439.73,434.08,5.64,405,382,23,931.34,12.17,0.05679
4182,Line_A,M06,Morning,L075,35.2,49.82,50.44,30.08,53.5,5.301,0.853,31.06,447.34,431.89,15.45,331,328,3,115.34,1.77,0.00906
4183,Line_C,M04,Morning,L066,12.6,58.61,62.24,32.78,49.38,5.276,0.608,32.46,412.57,398.03,14.54,352,332,20,715.15,13.1,0.05682
4184,Line_B,M11,Morning,L004,16.5,45.49,47.62,33.17,61.84,5.608,0.85,24.27,450.81,440.38,10.43,265,260,5,198.27,3.07,0.01887
4185,Line_D,M12,Morning,L118,33.4,46.96,49.39,34.39,49.24,4.85,0.943,35.96,420.79,412.98,7.81,328,321,7,282.77,2.64,0.02134
4186,Line_D,M01,Evening,L024,21.6,49.18,47.28,29.4,36.32,4.903,1.052,46.15,393.16,385.95,7.21,354,344,10,411.5,7.05,0.02825
4187,Line_A,M07,Night,L006,19.4,49.89,48.7,32.95,34.19,4.958,0.95,41.83,402.48,398.07,4.41,205,198,7,321.16,3.32,0.03415
4188,Line_A,M10,Morning,L051,28.2,48.83,52.6,37.58,48.06,5.492,0.721,37.59,405.14,395.8,9.34,180,177,3,146.08,1.99,0.01667
4189,Line_A,M12,Morning,L022,33.1,54.58,51.98,30.59,44.35,5.416,0.635,30.98,439.83,434.41,5.42,409,403,6,247.99,2.73,0.01467
4190,Line_B,M13,Morning,L111,13.8,45.82,46.65,28.04,49.14,4.938,0.846,31.25,411.73,401.22,10.51,401,386,15,727.89,9.79,0.03741
4191,Line_A,M13,Evening,L028,21.9,48.07,51.1,24.39,65.93,5.372,0.747,24.72,426.64,414.7,11.94,347,335,12,517.88,6.11,0.03458
4192,Line_C,M03,Night,L039,16.7,49.12,52.91,27.58,43.25,5.372,1.189,35.16,394.31,393.07,1.24,411,379,32,1260.37,13.72,0.07786
4193,Line_C,M11,Evening,L083,36.4,44.54,48.58,29.74,41.79,5.743,0.767,35.6,398.77,385.79,12.98,195,189,6,296.22,3.81,0.03077
4194,Line_D,M14,Night,L087,8.2,49.0,46.56,40.38,56.06,5.33,1.2,21.96,411.68,404.37,7.31,377,347,30,1083.02,18.46,0.07958
4195,Line_A,M09,Evening,L052,20.6,39.5,38.08,29.4,57.89,5.023,0.763,112.93,430.22,410.54,19.68,336,323,13,530.86,6.13,0.03869
4196,Line_B,M15,Night,L030,23.4,45.93,43.46,27.17,63.25,5.037,0.73,38.49,401.15,393.23,7.92,275,266,9,362.27,3.97,0.03273
4197,Line_A,M14,Evening,L061,14.7,48.51,43.91,33.14,51.11,4.827,1.13,24.68,391.06,384.65,6.41,392,389,3,114.63,1.62,0.00765
4198,Line_D,M16,Evening,L106,29.5,41.86,44.65,30.59,38.79,4.913,0.599,24.14,389.53,382.04,7.49,349,342,7,261.52,3.51,0.02006
4199,Line_A,M16,Night,L067,20.7,50.73,52.6,30.63,33.44,5.112,1.172,47.85,437.77,426.16,11.61,226,218,8,352.17,5.23,0.0354
4200,Line_A,M01,Evening,L033,28.8,43.13,48.31,30.79,49.15,6.023,0.826,106.75,413.3,388.07,25.23,221,210,11,537.0,6.89,0.04977
4201,Line_A,M07,Morning,L051,37.7,45.3,42.44,23.58,42.84,5.563,1.026,57.29,390.77,387.52,3.25,231,228,3,125.02,2.09,0.01299
4202,Line_D,M15,Night,L012,11.7,49.29,48.5,32.86,60.74,5.591,0.969,34.85,403.44,401.15,2.29,211,203,8,326.08,4.43,0.03791
4203,Line_A,M02,Evening,L008,5.8,49.72,52.69,29.42,48.89,5.0,0.911,36.79,440.93,430.28,10.65,356,349,7,224.75,4.43,0.01966
4204,Line_C,M02,Night,L114,27.3,53.33,56.84,32.46,62.75,5.476,0.832,109.2,424.4,404.11,20.29,257,225,32,1192.52,23.89,0.12451
4205,Line_C,M05,Evening,L073,20.9,46.41,51.78,30.6,48.61,5.009,0.69,19.44,413.93,394.25,19.68,351,336,15,703.37,6.41,0.04274
4206,Line_C,M07,Night,L057,10.1,54.68,51.6,35.77,52.46,5.487,0.996,20.26,396.02,391.69,4.33,383,352,31,1361.1,19.1,0.08094
4207,Line_A,M10,Night,L108,35.6,40.37,41.96,32.35,37.24,5.653,0.58,11.66,401.8,396.78,5.02,246,242,4,181.37,2.82,0.01626
4208,Line_A,M09,Evening,L106,16.7,48.79,50.52,36.16,56.01,5.789,0.819,27.67,417.46,399.51,17.95,275,256,19,1069.47,9.88,0.06909
4209,Line_B,M12,Night,L006,47.7,52.72,55.79,33.7,57.87,4.705,1.033,13.49,405.8,396.23,9.57,410,400,10,450.88,5.72,0.02439
4210,Line_A,M04,Night,L028,32.1,47.94,53.32,25.75,56.33,5.409,0.798,25.16,428.62,390.36,38.26,261,250,11,492.55,7.37,0.04215
4211,Line_C,M08,Night,L015,20.8,39.8,43.22,33.93,49.26,5.78,0.976,80.34,443.94,427.41,16.53,394,367,27,1117.52,16.03,0.06853
4212,Line_B,M06,Evening,L055,12.0,46.26,47.34,30.09,47.22,6.415,0.866,83.99,454.59,450.04,4.55,330,313,17,731.19,7.9,0.05152
4213,Line_B,M15,Night,L016,13.5,45.1,43.37,31.72,56.46,5.144,0.889,8.99,450.02,437.3,12.73,412,396,16,619.42,8.46,0.03883
4214,Line_A,M15,Night,L013,18.7,44.54,52.96,31.91,56.27,6.142,0.955,48.75,416.11,387.74,28.37,339,327,12,449.2,5.01,0.0354
4215,Line_C,M14,Evening,L039,33.8,46.43,49.2,29.81,49.14,5.363,0.329,34.86,426.41,416.52,9.9,259,250,9,465.53,5.38,0.03475
4216,Line_A,M03,Morning,L006,16.6,41.87,41.31,26.56,44.71,5.592,0.671,56.05,452.58,427.44,25.14,221,219,2,76.75,0.9,0.00905
4217,Line_C,M02,Morning,L030,8.0,41.96,43.74,31.02,58.9,5.353,0.814,69.71,429.01,410.68,18.32,413,395,18,747.93,8.69,0.04358
4218,Line_A,M09,Night,L074,35.8,45.1,48.85,30.71,57.7,5.154,0.775,14.93,429.9,421.42,8.48,236,222,14,593.77,8.67,0.05932
4219,Line_D,M12,Morning,L047,20.7,51.37,51.63,36.34,57.13,5.34,0.829,16.37,419.38,415.39,3.99,282,277,5,150.0,1.74,0.01773
4220,Line_C,M14,Evening,L111,33.1,43.16,43.07,24.19,57.06,4.337,1.244,34.74,382.8,378.02,4.78,245,227,18,843.45,8.95,0.07347
4221,Line_A,M13,Night,L041,13.6,54.72,52.4,28.81,49.48,5.251,0.688,39.67,400.43,373.58,26.85,290,272,18,968.51,8.44,0.06207
4222,Line_A,M04,Evening,L112,14.6,46.31,47.54,30.31,51.21,5.251,0.986,51.11,429.77,421.2,8.58,309,294,15,773.21,7.48,0.04854
4223,Line_B,M06,Morning,L070,22.8,52.78,50.51,29.54,44.39,5.147,0.608,19.36,416.59,414.5,2.09,414,401,13,507.88,6.9,0.0314
4224,Line_A,M15,Night,L114,21.3,51.13,51.49,37.65,50.67,5.177,1.051,31.02,419.02,415.76,3.27,198,195,3,114.99,1.03,0.01515
4225,Line_A,M12,Evening,L119,30.1,60.65,61.21,34.48,41.15,4.509,0.859,16.23,418.82,418.07,0.75,279,271,8,315.72,4.31,0.02867
4226,Line_D,M16,Morning,L020,5.6,43.0,44.91,34.63,55.75,5.534,0.95,12.47,423.02,411.31,11.71,337,332,5,195.11,2.47,0.01484
4227,Line_C,M04,Evening,L098,13.2,50.49,54.98,26.61,47.17,5.404,0.874,39.67,416.1,399.65,16.45,361,341,20,860.3,10.38,0.0554
4228,Line_A,M05,Night,L107,20.3,56.46,54.23,27.12,51.36,5.49,1.205,62.28,422.31,415.77,6.54,358,341,17,717.87,8.55,0.04749
4229,Line_C,M11,Evening,L044,51.3,49.71,51.36,32.74,60.55,4.956,1.237,79.64,399.92,395.8,4.12,327,307,20,926.14,14.29,0.06116
4230,Line_A,M08,Evening,L061,17.5,41.41,41.9,31.48,49.57,5.7,0.751,34.33,402.57,395.61,6.96,340,331,9,329.37,6.1,0.02647
4231,Line_D,M16,Morning,L106,35.3,50.22,49.59,34.01,55.18,5.61,1.168,76.38,438.08,425.55,12.53,388,378,10,421.83,6.29,0.02577
4232,Line_A,M01,Evening,L037,18.7,44.73,46.48,33.42,49.98,4.401,1.194,53.53,429.07,423.75,5.32,215,202,13,527.17,4.63,0.06047
4233,Line_C,M10,Evening,L069,9.6,46.01,47.58,33.49,59.85,5.059,0.754,77.66,420.38,400.37,20.01,409,387,22,966.85,11.75,0.05379
4234,Line_C,M16,Morning,L027,19.5,57.42,59.55,31.48,54.69,5.497,0.733,34.6,451.83,448.33,3.49,286,280,6,275.85,3.27,0.02098
4235,Line_A,M09,Night,L035,18.6,51.6,52.47,26.73,61.38,5.54,0.898,115.95,423.37,395.77,27.6,361,329,32,1574.28,26.9,0.08864
4236,Line_A,M03,Morning,L014,27.4,45.15,42.85,30.15,32.66,5.651,0.951,53.61,420.8,418.89,1.9,233,228,5,215.8,3.42,0.02146
4237,Line_B,M01,Morning,L104,17.6,57.26,52.18,34.38,49.83,6.013,0.781,41.21,422.31,410.82,11.49,320,313,7,371.63,5.01,0.02188
4238,Line_D,M07,Morning,L032,16.4,41.41,39.52,34.67,58.86,5.327,0.781,49.16,422.15,413.1,9.05,247,241,6,239.43,2.95,0.02429
4239,Line_C,M13,Morning,L119,25.4,45.77,45.71,33.58,59.3,5.26,0.953,50.08,423.1,417.06,6.04,325,313,12,555.74,8.69,0.03692
4240,Line_C,M11,Morning,L006,25.0,51.91,48.28,33.11,49.2,5.574,1.12,14.57,406.72,400.18,6.54,377,367,10,452.49,5.18,0.02653
4241,Line_D,M02,Evening,L002,33.9,62.2,67.48,26.83,62.45,5.357,0.998,34.34,442.25,423.5,18.75,240,236,4,169.35,1.93,0.01667
4242,Line_D,M11,Night,L048,10.4,51.85,49.01,34.29,53.95,5.107,0.92,40.74,416.6,408.49,8.11,203,196,7,311.56,2.47,0.03448
4243,Line_B,M15,Morning,L042,23.3,52.26,52.91,31.63,64.17,4.777,0.587,24.58,384.99,373.11,11.89,392,378,14,532.59,7.25,0.03571
4244,Line_B,M11,Morning,L031,16.3,58.56,58.71,24.76,42.86,5.055,1.248,170.0,415.9,401.81,14.09,236,216,20,755.95,8.01,0.08475
4245,Line_C,M05,Morning,L036,48.8,48.45,49.79,28.7,60.05,5.935,1.183,37.5,431.32,422.18,9.15,267,250,17,914.38,7.14,0.06367
4246,Line_A,M01,Morning,L112,12.1,47.66,45.93,32.68,47.5,5.098,0.581,55.54,446.17,440.44,5.73,195,193,2,101.51,1.1,0.01026
4247,Line_D,M10,Morning,L069,5.8,51.21,47.43,24.64,46.52,5.568,0.803,39.57,402.59,399.37,3.22,357,352,5,212.44,2.6,0.01401
4248,Line_A,M12,Morning,L048,33.0,51.03,48.43,34.38,35.45,4.512,0.65,15.02,412.14,403.78,8.36,314,307,7,295.74,4.18,0.02229
4249,Line_A,M14,Morning,L108,20.0,42.03,44.27,28.33,45.94,4.71,0.975,17.14,447.61,447.03,0.58,398,392,6,222.39,3.31,0.01508
4250,Line_D,M12,Morning,L098,23.6,46.07,47.1,24.43,51.68,5.66,0.778,55.29,440.73,437.06,3.66,323,315,8,270.1,5.92,0.02477
4251,Line_B,M08,Night,L003,20.6,52.07,55.85,30.93,47.19,5.044,0.97,34.14,424.22,421.41,2.8,354,337,17,796.49,7.17,0.04802
4252,Line_A,M09,Morning,L053,18.3,45.92,51.47,35.86,60.38,5.084,0.841,26.97,397.81,386.76,11.05,300,284,16,669.81,10.74,0.05333
4253,Line_A,M04,Night,L061,42.9,41.31,38.25,33.74,51.22,5.359,1.482,5.82,390.24,367.81,22.43,236,224,12,420.17,5.49,0.05085
4254,Line_C,M12,Morning,L068,17.1,44.5,45.63,32.49,53.18,4.997,0.675,101.41,415.84,392.88,22.97,354,329,25,1086.99,15.93,0.07062
4255,Line_D,M11,Evening,L105,11.2,52.75,58.56,29.37,49.52,5.65,1.211,45.69,399.94,387.6,12.34,195,183,12,405.55,4.55,0.06154
4256,Line_A,M01,Morning,L097,26.9,45.7,44.28,34.29,78.45,5.394,1.132,55.81,407.2,399.55,7.66,229,217,12,507.6,8.19,0.0524
4257,Line_A,M05,Morning,L075,14.5,50.12,53.8,31.38,61.66,5.295,0.88,13.62,397.1,376.05,21.05,409,401,8,427.53,5.1,0.01956
4258,Line_B,M03,Morning,L060,25.6,46.6,46.17,35.81,61.86,5.114,1.171,28.01,435.63,421.38,14.25,333,322,11,425.56,5.11,0.03303
4259,Line_D,M16,Night,L051,16.9,47.94,47.36,32.81,54.8,5.385,0.666,40.16,419.43,411.24,8.19,191,184,7,342.87,4.49,0.03665
4260,Line_A,M02,Night,L058,6.3,53.17,57.83,33.57,46.93,5.089,1.152,101.69,399.7,387.45,12.25,223,210,13,390.0,7.39,0.0583
4261,Line_D,M09,Evening,L015,20.2,48.7,54.05,28.73,53.06,5.158,1.275,30.73,405.85,396.01,9.84,394,374,20,896.78,10.97,0.05076
4262,Line_D,M06,Evening,L016,23.2,50.04,52.06,32.36,51.94,5.599,0.707,18.41,434.25,424.47,9.78,258,245,13,486.86,6.07,0.05039
4263,Line_B,M15,Evening,L061,42.8,45.76,43.09,30.21,50.31,4.555,1.188,52.2,425.12,415.54,9.58,352,325,27,1259.3,14.99,0.0767
4264,Line_D,M04,Night,L076,20.3,49.82,58.23,29.7,52.91,5.707,0.908,28.9,428.5,395.46,33.04,238,222,16,747.62,6.61,0.06723
4265,Line_C,M16,Evening,L062,14.0,46.59,47.49,26.31,51.64,5.229,1.279,13.8,402.55,400.25,2.3,193,187,6,237.9,2.77,0.03109
4266,Line_B,M03,Morning,L099,17.8,48.47,45.08,32.87,50.11,5.884,0.947,41.84,430.34,427.82,2.52,329,320,9,376.62,5.24,0.02736
4267,Line_B,M01,Night,L008,25.3,40.89,42.13,28.47,64.41,5.946,0.855,76.76,442.09,427.23,14.86,238,230,8,373.63,5.82,0.03361
4268,Line_D,M07,Night,L100,19.5,49.13,47.65,28.21,73.81,4.643,0.955,29.75,438.75,429.49,9.26,399,350,49,1886.83,23.21,0.12281
4269,Line_D,M08,Night,L103,43.1,49.45,53.14,34.04,58.03,5.522,0.798,20.95,416.05,411.48,4.57,363,334,29,1244.64,16.52,0.07989
4270,Line_C,M10,Night,L011,13.4,58.88,58.1,33.81,51.75,6.166,1.084,10.17,438.83,428.68,10.15,227,221,6,205.67,3.35,0.02643
4271,Line_D,M09,Morning,L014,12.2,50.94,48.84,29.91,49.62,4.852,0.859,103.91,420.59,402.09,18.5,186,177,9,370.98,3.71,0.04839
4272,Line_B,M09,Evening,L053,23.8,53.35,52.13,25.93,49.47,6.29,0.314,17.71,415.79,393.14,22.65,409,383,26,1096.68,11.34,0.06357
4273,Line_D,M05,Evening,L112,62.7,51.47,47.76,35.28,53.55,5.201,0.72,21.53,431.92,419.38,12.54,414,403,11,509.99,9.11,0.02657
4274,Line_D,M14,Night,L038,17.4,41.86,45.13,32.72,40.61,4.717,0.919,64.98,413.55,393.93,19.61,415,394,21,770.06,14.23,0.0506
4275,Line_A,M09,Morning,L074,51.9,54.68,49.5,35.31,59.53,5.004,1.043,11.96,408.28,396.82,11.46,245,236,9,395.88,5.26,0.03673
4276,Line_A,M07,Evening,L113,38.4,44.42,43.23,35.2,46.53,5.417,1.053,43.84,420.94,410.14,10.8,267,265,2,78.49,1.03,0.00749
4277,Line_B,M02,Night,L068,27.9,39.76,40.16,26.41,63.42,4.951,1.067,11.09,429.78,426.49,3.29,277,265,12,516.68,8.11,0.04332
4278,Line_D,M07,Morning,L110,9.4,47.19,45.15,30.59,67.6,5.293,1.137,54.15,443.13,430.81,12.33,320,313,7,257.92,3.75,0.02188
4279,Line_B,M08,Night,L108,23.8,49.79,53.34,27.83,41.73,4.911,0.941,30.24,415.62,400.76,14.86,407,388,19,874.05,13.28,0.04668
4280,Line_C,M01,Night,L023,37.4,44.85,50.28,28.93,35.79,5.299,0.832,11.8,432.08,430.99,1.09,418,399,19,909.27,7.35,0.04545
4281,Line_A,M13,Morning,L073,28.2,51.74,45.88,30.62,43.59,5.24,0.846,75.29,413.92,402.41,11.5,207,198,9,382.91,4.46,0.04348
4282,Line_B,M13,Evening,L101,22.3,48.71,56.33,26.96,48.83,5.365,0.866,33.1,441.82,412.98,28.84,266,245,21,840.93,12.73,0.07895
4283,Line_C,M04,Evening,L082,18.8,41.36,44.81,33.34,53.09,5.686,1.05,23.42,387.8,360.36,27.44,245,229,16,674.1,7.4,0.06531
4284,Line_A,M10,Morning,L051,25.5,50.72,49.94,33.29,55.45,4.932,0.713,33.98,400.64,394.28,6.35,217,216,1,37.81,0.67,0.00461
4285,Line_D,M03,Night,L032,13.2,54.89,54.59,33.73,37.45,5.734,0.516,37.77,434.24,421.62,12.61,367,352,15,584.3,8.22,0.04087
4286,Line_A,M03,Evening,L107,29.6,52.3,54.6,34.08,47.48,4.638,0.983,35.39,431.73,416.79,14.94,248,241,7,262.75,3.81,0.02823
4287,Line_D,M11,Evening,L058,11.6,40.51,43.75,39.12,41.17,4.839,1.224,72.68,406.43,391.75,14.68,255,236,19,988.69,6.89,0.07451
4288,Line_A,M04,Evening,L010,8.6,48.97,53.89,31.55,60.03,5.352,0.746,15.66,422.38,392.32,30.06,248,238,10,398.15,6.8,0.04032
4289,Line_D,M15,Morning,L062,21.6,54.01,54.03,28.22,56.26,4.89,0.4,23.56,425.27,411.66,13.61,196,192,4,141.12,2.47,0.02041
4290,Line_C,M03,Evening,L060,33.6,47.31,48.5,22.32,69.64,5.578,0.808,43.75,395.7,381.42,14.28,195,177,18,758.89,5.28,0.09231
4291,Line_A,M11,Morning,L108,26.7,43.98,46.3,23.62,57.73,5.224,0.972,16.84,424.98,419.82,5.16,374,371,3,118.17,1.08,0.00802
4292,Line_A,M07,Night,L011,24.7,44.31,41.71,36.87,39.65,5.947,1.231,58.91,408.1,390.79,17.31,335,318,17,669.91,10.27,0.05075
4293,Line_A,M02,Night,L018,13.3,41.04,48.46,31.84,43.47,3.862,0.809,20.19,409.32,400.05,9.27,221,214,7,307.1,3.71,0.03167
4294,Line_C,M01,Night,L014,29.2,42.17,45.93,32.49,61.37,5.984,0.823,51.25,421.21,418.64,2.56,349,326,23,1035.7,17.2,0.0659
4295,Line_D,M03,Morning,L027,33.5,57.66,58.5,39.23,57.89,5.524,0.834,46.24,423.57,410.14,13.42,242,229,13,463.88,4.98,0.05372
4296,Line_B,M13,Evening,L061,22.7,42.35,40.16,31.58,48.85,4.698,0.842,26.18,430.24,420.47,9.78,403,376,27,1089.58,12.13,0.067
4297,Line_B,M16,Night,L079,31.9,56.06,59.04,32.89,47.22,4.574,1.022,39.81,418.98,400.27,18.7,210,201,9,346.38,4.7,0.04286
4298,Line_C,M06,Evening,L108,35.6,51.75,47.96,27.62,53.44,5.472,1.161,30.02,440.27,437.32,2.95,277,268,9,446.94,5.15,0.03249
4299,Line_C,M05,Morning,L011,12.4,52.49,54.79,26.41,65.41,5.77,1.275,21.03,390.23,378.6,11.63,307,296,11,503.28,4.15,0.03583
4300,Line_C,M15,Morning,L012,26.0,46.55,48.03,33.98,41.49,5.699,0.951,41.44,416.9,416.15,0.75,362,348,14,735.75,10.87,0.03867
4301,Line_B,M07,Morning,L100,25.9,40.99,41.55,33.44,51.91,5.904,1.045,79.02,420.88,411.21,9.68,206,201,5,237.73,4.05,0.02427
4302,Line_C,M05,Morning,L117,14.2,45.71,53.2,26.29,46.7,4.685,1.361,73.49,421.02,382.73,38.3,247,219,28,989.0,14.92,0.11336
4303,Line_D,M09,Morning,L023,28.9,51.66,57.56,27.34,43.84,5.047,0.571,24.28,448.44,427.69,20.75,237,231,6,320.07,2.72,0.02532
4304,Line_B,M06,Evening,L045,23.1,44.03,45.87,31.61,44.99,5.661,0.557,27.46,426.56,419.27,7.29,382,368,14,639.91,7.5,0.03665
4305,Line_A,M05,Evening,L047,41.0,48.43,48.46,31.22,46.66,5.214,1.077,11.86,398.59,389.21,9.38,218,213,5,231.52,2.6,0.02294
4306,Line_A,M15,Evening,L048,16.6,52.53,52.53,30.09,70.59,5.054,0.986,7.39,404.08,393.16,10.92,359,352,7,288.61,3.84,0.0195
4307,Line_C,M12,Evening,L004,39.9,40.92,43.78,29.39,75.58,4.784,0.878,54.49,432.73,427.84,4.89,235,221,14,619.69,6.06,0.05957
4308,Line_B,M03,Night,L011,17.7,44.35,46.53,24.14,56.72,5.675,0.543,14.51,409.74,404.54,5.19,224,213,11,478.19,6.49,0.04911
4309,Line_D,M10,Night,L118,21.8,48.9,46.31,32.72,47.24,5.256,0.893,29.02,428.21,417.29,10.91,250,239,11,500.83,5.59,0.044
4310,Line_C,M14,Evening,L086,27.7,48.33,47.86,28.51,49.71,5.267,0.505,40.87,426.4,421.53,4.87,385,361,24,1193.55,11.77,0.06234
4311,Line_C,M08,Evening,L112,18.7,41.61,43.06,25.3,40.71,4.817,1.261,10.05,413.78,412.25,1.52,210,195,15,631.27,7.45,0.07143
4312,Line_D,M03,Night,L075,32.7,47.01,51.72,30.91,56.59,4.906,0.903,7.42,426.65,407.69,18.96,378,369,9,449.76,4.45,0.02381
4313,Line_A,M08,Morning,L103,19.2,47.89,47.73,28.99,51.44,4.945,1.039,35.0,430.34,424.49,5.85,360,342,18,743.6,7.28,0.05
4314,Line_D,M08,Morning,L069,31.0,43.01,41.69,28.01,42.42,5.796,0.474,11.13,460.61,457.32,3.29,267,257,10,470.03,4.58,0.03745
4315,Line_A,M04,Evening,L116,32.3,43.14,46.63,26.98,56.76,4.929,0.942,32.37,401.57,389.7,11.88,377,362,15,651.1,6.87,0.03979
4316,Line_C,M14,Evening,L039,38.9,53.85,57.17,22.91,28.31,4.843,0.627,10.25,404.49,393.16,11.33,229,221,8,392.11,5.88,0.03493
4317,Line_D,M01,Evening,L082,25.1,47.5,43.62,32.6,50.39,5.157,1.298,39.63,399.4,397.22,2.18,213,207,6,243.15,3.68,0.02817
4318,Line_D,M03,Morning,L053,33.6,44.78,45.16,30.36,66.32,5.179,0.83,19.19,449.92,444.86,5.05,405,395,10,472.08,5.17,0.02469
4319,Line_D,M02,Evening,L107,14.5,40.12,41.24,30.81,58.71,5.923,1.062,61.38,390.3,385.86,4.44,415,399,16,696.13,7.5,0.03855
4320,Line_B,M01,Night,L086,49.2,35.3,32.19,27.04,51.83,5.003,0.762,55.35,410.48,406.01,4.47,236,228,8,267.91,4.05,0.0339
4321,Line_D,M05,Night,L110,19.8,47.65,49.79,19.97,58.34,4.741,0.665,5.87,432.62,426.08,6.54,241,236,5,209.01,2.68,0.02075
4322,Line_C,M04,Evening,L054,15.1,46.21,49.72,32.43,70.03,5.103,0.802,35.73,445.27,414.8,30.46,255,241,14,543.14,8.99,0.0549
4323,Line_C,M13,Night,L043,14.1,48.66,48.58,36.14,47.13,5.536,0.877,82.63,403.04,370.73,32.31,329,301,28,1359.72,18.03,0.08511
4324,Line_A,M05,Night,L050,21.7,49.43,54.86,37.89,51.97,5.345,0.811,89.89,445.98,430.11,15.86,374,353,21,791.9,13.39,0.05615
4325,Line_A,M04,Morning,L043,37.4,52.33,53.66,26.66,45.77,4.443,1.089,26.77,428.58,405.44,23.14,260,245,15,566.4,8.06,0.05769
4326,Line_C,M07,Evening,L027,35.1,38.75,38.01,32.71,43.44,4.407,0.494,30.16,409.22,401.55,7.67,247,236,11,438.07,8.06,0.04453
4327,Line_A,M02,Night,L103,64.5,46.55,49.48,32.07,47.92,5.286,0.501,43.32,453.09,451.28,1.81,371,353,18,841.78,11.35,0.04852
4328,Line_C,M12,Evening,L099,24.1,51.53,47.43,33.49,41.43,6.094,0.992,24.71,408.28,405.81,2.47,406,390,16,579.01,7.78,0.03941
4329,Line_D,M14,Night,L108,23.2,49.24,52.08,32.65,48.97,4.605,0.936,7.74,407.0,395.36,11.64,410,384,26,1117.25,15.9,0.06341
4330,Line_D,M01,Evening,L078,25.2,47.87,48.73,31.21,56.24,5.85,0.933,30.3,438.23,426.12,12.11,348,340,8,378.35,4.99,0.02299
4331,Line_A,M11,Morning,L086,20.3,50.79,50.83,38.89,57.22,4.987,1.117,21.67,415.26,412.79,2.47,392,376,16,596.32,13.3,0.04082
4332,Line_D,M10,Morning,L048,38.7,48.35,49.03,31.5,56.89,5.206,1.207,83.08,424.67,395.35,29.32,180,174,6,247.11,2.78,0.03333
4333,Line_A,M16,Night,L064,26.9,42.15,42.53,29.72,44.68,5.039,0.727,46.19,415.86,410.91,4.94,369,356,13,622.69,7.93,0.03523
4334,Line_B,M12,Morning,L009,32.7,52.43,54.97,28.08,68.15,5.004,1.106,8.35,447.78,433.59,14.19,192,187,5,229.23,3.95,0.02604
4335,Line_D,M15,Evening,L057,48.3,47.17,46.16,33.93,58.88,4.946,1.297,27.04,428.01,424.5,3.51,203,199,4,183.18,1.84,0.0197
4336,Line_A,M13,Morning,L114,33.4,48.01,52.58,29.35,58.39,4.546,1.133,84.32,416.18,386.44,29.74,339,316,23,1140.79,9.93,0.06785
4337,Line_A,M10,Morning,L006,19.6,52.02,55.29,37.14,45.1,5.13,1.274,19.57,417.17,412.47,4.7,405,386,19,876.69,14.85,0.04691
4338,Line_A,M16,Morning,L100,23.5,40.99,42.45,30.36,52.79,4.659,1.402,16.27,431.3,411.61,19.69,232,221,11,422.75,3.65,0.04741
4339,Line_B,M10,Evening,L120,37.3,49.97,50.18,31.78,43.45,5.695,1.053,23.21,434.37,432.74,1.63,281,273,8,340.36,3.59,0.02847
4340,Line_D,M14,Morning,L079,13.8,48.56,49.66,31.97,44.99,4.007,0.898,7.67,414.18,393.79,20.38,212,203,9,406.84,6.66,0.04245
4341,Line_A,M08,Night,L011,23.9,52.6,55.27,27.98,68.26,5.381,0.541,51.05,440.63,433.59,7.04,244,239,5,228.62,2.01,0.02049
4342,Line_A,M02,Night,L051,26.3,46.28,49.76,24.18,42.1,5.459,0.517,27.91,400.66,377.98,22.68,240,231,9,429.34,5.91,0.0375
4343,Line_C,M11,Morning,L041,45.3,43.78,43.8,36.76,42.69,5.197,0.775,51.05,394.64,383.05,11.6,392,376,16,683.79,6.51,0.04082
4344,Line_A,M03,Morning,L046,27.8,40.29,38.01,30.4,44.0,5.317,0.872,26.68,429.92,414.95,14.97,320,305,15,698.97,9.69,0.04688
4345,Line_C,M09,Morning,L003,8.8,56.5,58.79,32.28,51.76,5.392,0.824,13.95,430.83,418.86,11.97,307,282,25,750.0,15.5,0.08143
4346,Line_D,M12,Evening,L072,15.3,45.3,43.02,28.4,55.24,5.402,1.161,57.42,452.96,452.32,0.64,268,262,6,271.14,3.46,0.02239
4347,Line_C,M14,Evening,L047,36.2,45.39,42.15,24.8,31.59,4.875,0.686,33.11,425.61,420.24,5.37,251,243,8,293.23,4.06,0.03187
4348,Line_D,M04,Morning,L098,28.5,49.0,51.79,27.05,61.42,4.949,0.72,11.05,407.29,384.55,22.75,334,320,14,652.71,8.92,0.04192
4349,Line_B,M15,Evening,L079,16.1,45.57,46.6,31.6,43.77,4.586,1.107,19.6,427.72,410.85,16.87,345,329,16,650.5,7.64,0.04638
4350,Line_D,M04,Morning,L007,22.6,47.27,53.08,28.2,38.52,5.256,0.562,46.78,445.51,401.21,44.3,291,278,13,599.61,6.48,0.04467
4351,Line_A,M13,Evening,L001,11.7,49.71,42.66,23.24,41.57,4.573,0.936,54.4,448.77,430.13,18.64,202,193,9,341.0,4.34,0.04455
4352,Line_A,M14,Night,L072,12.0,52.81,50.59,35.27,67.0,4.821,0.825,5.7,422.93,419.56,3.38,191,184,7,322.89,5.25,0.03665
4353,Line_C,M11,Morning,L025,10.3,48.84,49.22,33.97,42.07,4.881,1.107,20.34,448.93,440.23,8.7,252,240,12,451.26,4.77,0.04762
4354,Line_A,M08,Night,L050,40.1,45.79,46.23,31.19,56.25,4.994,0.698,5.98,416.13,403.1,13.04,331,323,8,284.95,4.42,0.02417
4355,Line_D,M10,Morning,L022,13.7,44.49,47.07,34.22,51.53,6.111,1.177,60.98,405.77,394.17,11.59,334,323,11,540.4,5.68,0.03293
4356,Line_C,M07,Evening,L107,9.9,54.28,54.49,27.52,49.75,5.426,0.683,16.51,387.42,379.89,7.54,181,178,3,121.67,1.36,0.01657
4357,Line_D,M02,Night,L075,44.9,46.48,55.51,29.28,57.48,4.334,0.803,60.41,423.72,412.01,11.71,244,229,15,646.25,4.61,0.06148
4358,Line_B,M08,Night,L018,14.5,52.69,54.26,25.67,46.2,5.733,0.604,55.38,414.68,394.65,20.03,343,325,18,774.43,9.99,0.05248
4359,Line_B,M01,Night,L017,26.2,41.24,39.56,34.83,63.76,5.493,0.385,138.86,399.51,382.97,16.54,281,251,30,1037.61,13.67,0.10676
4360,Line_C,M05,Evening,L082,17.6,44.65,46.52,36.5,53.69,5.079,0.927,56.7,394.06,378.28,15.78,339,323,16,589.06,9.95,0.0472
4361,Line_A,M16,Evening,L053,35.2,48.19,44.95,34.38,61.69,5.123,0.693,52.24,410.98,404.42,6.57,243,240,3,150.07,1.17,0.01235
4362,Line_C,M02,Morning,L067,17.6,46.75,45.4,33.66,52.1,4.96,1.155,4.76,424.81,423.71,1.1,338,326,12,600.83,5.15,0.0355
4363,Line_C,M01,Evening,L001,23.9,56.92,58.08,32.16,65.96,4.996,1.136,54.38,408.0,397.37,10.63,248,241,7,259.72,3.1,0.02823
4364,Line_D,M16,Morning,L006,31.5,49.71,55.28,29.88,57.46,4.98,0.799,66.85,431.33,404.83,26.5,394,386,8,331.15,4.6,0.0203
4365,Line_C,M12,Night,L035,46.5,50.12,50.36,26.73,68.19,4.97,0.732,51.57,399.35,397.88,1.47,380,351,29,1142.68,14.45,0.07632
4366,Line_A,M05,Morning,L098,15.1,52.04,49.77,31.2,59.24,6.136,1.119,48.45,455.57,450.94,4.63,296,294,2,64.98,1.5,0.00676
4367,Line_B,M02,Evening,L027,41.5,40.42,44.32,29.98,40.72,5.795,0.572,55.08,379.91,372.03,7.88,261,256,5,178.19,2.88,0.01916
4368,Line_C,M09,Night,L102,18.4,52.8,56.25,23.88,69.07,4.367,0.892,75.06,458.93,433.15,25.78,393,354,39,1444.61,17.96,0.09924
4369,Line_A,M16,Morning,L115,30.7,49.25,49.71,31.35,72.97,5.071,1.293,33.8,415.19,410.46,4.73,339,321,18,612.88,7.39,0.0531
4370,Line_B,M01,Evening,L040,22.3,48.43,49.1,28.71,52.45,5.1,0.596,73.1,398.98,383.83,15.15,399,382,17,736.61,9.85,0.04261
4371,Line_B,M16,Evening,L097,38.0,43.58,43.95,34.13,62.59,5.695,1.003,7.5,388.59,376.26,12.34,188,183,5,232.35,2.83,0.0266
4372,Line_A,M03,Morning,L078,22.8,35.89,42.56,34.13,61.92,4.713,1.052,79.34,419.33,402.6,16.73,324,315,9,412.03,2.88,0.02778
4373,Line_B,M16,Night,L119,16.4,46.38,47.49,25.74,59.42,5.549,0.806,54.47,417.38,417.26,0.12,306,292,14,519.33,7.9,0.04575
4374,Line_A,M02,Evening,L088,18.5,43.33,46.2,32.94,63.39,5.113,0.778,51.39,400.5,396.13,4.37,358,349,9,313.51,4.98,0.02514
4375,Line_C,M05,Evening,L006,25.5,51.91,54.42,28.0,54.0,5.648,1.194,31.69,416.11,410.46,5.65,409,391,18,676.11,6.87,0.04401
4376,Line_A,M01,Morning,L114,34.0,55.05,56.78,25.2,50.95,5.696,0.813,38.0,421.68,413.04,8.64,191,190,1,47.39,0.45,0.00524
4377,Line_C,M08,Evening,L101,34.8,50.57,49.11,28.34,69.32,4.229,0.674,27.84,447.92,436.0,11.92,337,310,27,915.83,6.75,0.08012
4378,Line_A,M11,Morning,L003,30.0,47.05,46.89,27.75,49.81,5.268,1.052,31.0,423.5,419.18,4.33,200,199,1,40.37,0.57,0.005
4379,Line_D,M03,Night,L078,9.9,54.55,56.76,30.85,51.62,5.196,0.736,25.02,441.39,414.57,26.82,297,289,8,348.82,4.33,0.02694
4380,Line_A,M01,Night,L098,15.5,43.48,47.88,30.69,47.46,5.189,0.912,67.81,407.76,397.99,9.77,358,346,12,552.72,7.41,0.03352
4381,Line_C,M03,Morning,L062,29.7,50.16,45.91,30.41,60.4,5.744,1.031,21.74,410.48,399.24,11.24,181,175,6,304.36,1.9,0.03315
4382,Line_B,M08,Morning,L086,17.1,48.2,41.92,29.02,54.28,5.197,0.963,11.53,442.78,435.13,7.65,261,252,9,375.31,6.78,0.03448
4383,Line_A,M09,Night,L064,53.2,51.5,56.95,33.0,48.83,5.112,0.88,52.96,407.27,384.26,23.01,241,227,14,800.77,9.5,0.05809
4384,Line_B,M11,Evening,L048,10.1,42.08,41.23,32.75,40.42,4.985,1.078,69.09,399.93,386.29,13.65,362,339,23,815.84,12.34,0.06354
4385,Line_D,M16,Night,L090,11.1,55.17,54.84,27.26,55.25,4.631,0.748,40.17,420.26,399.58,20.69,412,393,19,846.73,13.23,0.04612
4386,Line_D,M06,Morning,L103,31.9,49.44,47.82,28.0,41.61,4.51,0.643,49.85,427.44,425.57,1.87,368,346,22,988.68,12.36,0.05978
4387,Line_B,M10,Morning,L073,31.9,48.19,48.09,35.08,63.84,4.398,0.748,39.41,434.06,417.11,16.96,265,258,7,303.39,3.25,0.02642
4388,Line_A,M03,Morning,L024,26.8,41.88,40.12,33.57,59.03,4.24,1.162,82.64,394.59,385.05,9.53,212,207,5,187.57,2.49,0.02358
4389,Line_C,M06,Night,L034,23.8,51.78,56.18,32.63,42.05,5.369,0.702,131.52,428.16,421.21,6.95,258,238,20,770.6,8.07,0.07752
4390,Line_C,M04,Evening,L073,65.4,46.36,43.12,33.69,54.2,5.351,0.938,19.78,432.37,421.23,11.14,292,272,20,634.35,11.92,0.06849
4391,Line_A,M04,Night,L073,10.3,52.57,60.43,35.57,43.82,5.869,0.92,29.83,407.24,389.69,17.55,187,184,3,103.38,1.61,0.01604
4392,Line_C,M03,Morning,L040,23.6,47.57,51.91,36.98,56.26,5.378,0.914,56.5,400.6,390.56,10.04,201,194,7,281.04,5.19,0.03483
4393,Line_B,M01,Evening,L110,33.1,47.57,49.28,28.92,65.85,4.733,1.152,23.13,434.26,426.45,7.82,266,256,10,385.08,3.55,0.03759
4394,Line_C,M05,Evening,L019,17.3,47.37,51.67,28.05,36.44,5.256,1.293,32.96,412.36,401.1,11.26,237,223,14,423.34,7.1,0.05907
4395,Line_B,M01,Morning,L077,33.0,44.69,47.27,30.86,61.47,4.285,0.624,20.15,379.93,369.96,9.97,202,199,3,117.5,1.82,0.01485
4396,Line_B,M06,Morning,L038,32.6,44.51,45.64,31.39,64.83,5.623,0.845,49.62,402.65,376.53,26.12,197,195,2,79.77,1.25,0.01015
4397,Line_A,M01,Evening,L029,26.4,42.65,38.22,26.43,52.02,5.227,1.105,12.96,401.55,394.86,6.69,240,237,3,137.11,1.72,0.0125
4398,Line_C,M07,Evening,L035,20.1,52.43,55.76,32.46,48.51,5.353,0.749,35.47,433.07,416.33,16.74,310,305,5,178.67,1.85,0.01613
4399,Line_A,M13,Night,L010,46.4,50.54,48.86,36.19,43.39,4.851,0.844,25.91,422.74,416.58,6.16,270,260,10,300.0,6.74,0.03704
4400,Line_C,M04,Evening,L076,11.1,40.94,46.75,35.34,64.36,4.909,1.188,25.86,411.63,367.14,44.49,419,384,35,1145.57,24.35,0.08353
4401,Line_D,M02,Night,L004,11.6,54.6,54.64,34.28,52.26,5.478,1.099,51.53,421.46,414.58,6.89,183,173,10,313.46,6.07,0.05464
4402,Line_C,M04,Evening,L001,35.2,51.92,52.92,21.23,48.92,5.455,0.547,41.16,402.37,390.04,12.33,294,280,14,545.46,8.75,0.04762
4403,Line_A,M07,Night,L020,14.4,53.18,54.9,31.78,62.61,5.488,0.833,20.02,423.12,422.39,0.73,398,389,9,307.14,4.13,0.02261
4404,Line_A,M11,Evening,L001,61.9,46.83,53.72,27.58,46.01,5.136,0.936,6.35,413.37,400.84,12.52,288,284,4,130.8,3.28,0.01389
4405,Line_B,M11,Night,L054,42.3,44.06,49.0,32.57,50.91,5.18,1.13,53.79,421.0,393.66,27.34,212,200,12,518.89,6.0,0.0566
4406,Line_C,M01,Morning,L079,24.5,43.37,44.61,33.06,52.62,5.112,1.054,47.19,434.67,427.58,7.1,219,208,11,451.61,8.33,0.05023
4407,Line_D,M15,Morning,L098,20.9,44.06,45.98,29.71,60.16,5.319,0.712,45.73,409.02,407.07,1.95,222,217,5,177.74,3.01,0.02252
4408,Line_B,M08,Evening,L080,21.9,50.24,48.72,28.16,55.79,5.131,0.908,42.75,382.64,373.88,8.77,262,247,15,674.14,8.81,0.05725
4409,Line_D,M06,Morning,L081,41.1,55.6,55.48,32.45,43.13,4.951,1.017,27.75,428.34,424.41,3.94,206,202,4,158.24,2.36,0.01942
4410,Line_A,M15,Evening,L061,37.1,52.05,49.77,26.13,51.82,4.932,0.985,54.94,433.37,428.02,5.35,348,343,5,198.15,2.81,0.01437
4411,Line_B,M03,Morning,L059,15.1,52.3,51.06,33.8,59.46,5.695,1.217,56.64,424.43,412.45,11.99,321,305,16,695.34,11.78,0.04984
4412,Line_A,M13,Evening,L113,14.7,46.35,44.13,24.04,61.96,5.94,0.827,17.62,404.87,389.72,15.15,241,227,14,645.63,9.09,0.05809
4413,Line_C,M16,Night,L014,17.3,46.48,52.25,31.82,58.74,6.424,0.806,56.51,412.74,400.64,12.09,316,297,19,824.51,9.45,0.06013
4414,Line_A,M06,Evening,L114,22.5,49.87,51.35,31.01,42.51,4.547,1.187,79.23,411.39,396.24,15.16,263,251,12,428.11,6.37,0.04563
4415,Line_A,M07,Evening,L089,25.4,44.02,44.43,31.52,40.22,5.021,1.549,37.05,414.67,394.16,20.51,300,293,7,325.48,3.09,0.02333
4416,Line_C,M09,Evening,L017,55.6,54.61,58.37,31.16,61.03,4.482,1.362,25.0,408.0,374.89,33.11,249,220,29,1300.01,17.52,0.11647
4417,Line_C,M14,Night,L037,44.4,47.77,47.71,35.19,32.99,4.814,0.582,14.36,409.91,401.13,8.78,388,366,22,1093.71,15.1,0.0567
4418,Line_A,M16,Morning,L013,19.3,46.38,45.2,24.07,41.61,4.696,1.625,20.11,404.26,387.07,17.2,191,187,4,158.25,2.64,0.02094
4419,Line_A,M10,Morning,L002,32.6,42.09,48.49,31.99,53.82,5.091,0.927,31.05,450.92,440.04,10.88,258,256,2,79.27,0.91,0.00775
4420,Line_B,M12,Evening,L086,34.2,50.4,50.57,31.92,39.01,6.026,0.66,37.28,428.09,417.5,10.6,185,176,9,384.18,5.65,0.04865
4421,Line_B,M14,Evening,L044,26.9,43.04,41.4,25.84,52.43,5.353,1.409,71.93,377.54,373.71,3.83,317,298,19,587.32,13.17,0.05994
4422,Line_A,M10,Evening,L092,21.7,53.92,50.75,31.02,40.25,4.956,0.828,81.74,441.76,431.75,10.01,226,221,5,202.22,2.99,0.02212
4423,Line_C,M13,Evening,L003,48.3,50.4,54.76,31.86,60.45,5.032,0.965,82.1,413.26,400.08,13.18,353,334,19,768.22,7.54,0.05382
4424,Line_A,M09,Evening,L019,35.2,56.29,54.62,28.89,48.51,4.751,0.797,25.76,441.79,430.0,11.78,255,248,7,233.28,3.73,0.02745
4425,Line_C,M09,Night,L048,24.7,42.72,46.78,28.92,52.32,4.722,0.644,14.78,417.1,390.39,26.72,281,256,25,923.33,17.07,0.08897
4426,Line_B,M15,Morning,L039,11.6,47.19,51.76,30.47,49.29,5.069,1.243,60.57,428.61,415.39,13.22,256,247,9,331.67,3.09,0.03516
4427,Line_A,M06,Morning,L078,8.5,36.41,34.93,32.12,52.31,4.752,1.094,36.57,419.63,413.19,6.44,253,245,8,325.92,5.09,0.03162
4428,Line_A,M04,Night,L112,13.8,46.91,49.04,28.83,50.58,4.972,1.179,44.95,397.85,368.86,28.99,180,166,14,602.59,8.19,0.07778
4429,Line_A,M12,Night,L064,25.0,49.03,47.41,30.59,55.95,5.206,1.033,22.74,381.5,362.16,19.35,370,355,15,605.27,7.83,0.04054
4430,Line_A,M10,Evening,L109,16.7,50.27,49.29,30.12,46.88,5.007,1.129,19.58,413.39,399.88,13.51,266,260,6,224.37,3.42,0.02256
4431,Line_B,M09,Evening,L106,11.8,39.65,41.4,37.14,44.37,5.673,0.686,18.91,431.66,393.24,38.42,363,339,24,888.01,12.66,0.06612
4432,Line_D,M06,Evening,L105,19.3,46.08,44.71,34.04,56.36,4.928,0.66,26.33,439.21,427.82,11.38,393,386,7,270.42,4.39,0.01781
4433,Line_D,M12,Evening,L024,13.3,47.26,46.7,22.47,60.1,5.856,0.835,27.41,414.18,405.48,8.7,321,312,9,353.43,5.88,0.02804
4434,Line_B,M08,Night,L050,18.8,60.65,61.71,23.29,57.33,4.819,0.855,24.66,405.45,401.33,4.13,260,248,12,462.38,5.92,0.04615
4435,Line_C,M11,Evening,L009,49.0,39.81,38.64,27.46,49.53,5.072,0.996,112.14,382.99,382.05,0.95,241,225,16,625.78,8.27,0.06639
4436,Line_C,M01,Night,L048,17.7,51.43,49.4,32.41,45.46,5.869,1.034,45.53,426.65,425.48,1.17,238,226,12,490.06,4.87,0.05042
4437,Line_D,M15,Night,L003,35.5,52.26,52.18,25.9,64.74,4.727,1.041,19.89,403.57,382.94,20.63,279,272,7,333.13,3.48,0.02509
4438,Line_A,M13,Morning,L068,30.6,46.65,51.72,30.72,51.21,5.492,0.838,75.32,416.65,386.94,29.71,183,176,7,349.06,4.06,0.03825
4439,Line_B,M08,Evening,L052,33.1,44.72,48.23,30.22,52.22,5.366,0.687,42.66,413.04,379.05,33.99,312,301,11,441.02,5.71,0.03526
4440,Line_B,M03,Evening,L030,9.1,52.35,52.16,28.65,44.47,4.766,0.917,92.84,436.77,431.94,4.82,326,308,18,705.63,4.9,0.05521
4441,Line_A,M16,Night,L117,44.4,52.52,51.35,32.54,47.34,5.277,0.975,64.42,388.37,386.57,1.8,247,242,5,200.04,2.24,0.02024
4442,Line_B,M10,Evening,L001,29.8,43.22,47.96,32.72,41.29,4.245,1.14,84.08,420.38,410.85,9.52,307,294,13,578.92,10.46,0.04235
4443,Line_D,M08,Night,L111,20.7,51.78,56.7,27.6,69.07,5.436,0.896,71.21,382.37,373.03,9.34,202,192,10,359.68,7.12,0.0495
4444,Line_D,M15,Morning,L096,28.7,49.18,52.77,31.65,32.44,5.189,0.8,52.76,421.81,414.82,6.99,376,369,7,301.44,5.02,0.01862
4445,Line_A,M15,Evening,L029,16.5,44.41,48.53,34.46,55.37,4.756,1.013,24.11,436.36,431.04,5.31,384,370,14,564.97,10.08,0.03646
4446,Line_B,M05,Morning,L061,8.4,45.05,48.04,29.8,61.14,5.257,0.838,46.35,455.81,443.45,12.35,390,379,11,481.86,5.67,0.02821
4447,Line_B,M11,Evening,L073,37.8,46.8,46.3,36.24,50.38,5.127,1.076,94.31,399.76,392.93,6.83,413,396,17,699.49,7.23,0.04116
4448,Line_B,M06,Morning,L096,10.2,45.75,48.08,25.88,42.03,5.257,0.807,36.79,381.35,366.28,15.07,260,251,9,389.93,4.0,0.03462
4449,Line_C,M01,Evening,L002,22.7,49.88,48.37,29.94,58.71,5.58,1.242,68.06,423.2,413.65,9.56,195,178,17,692.26,6.36,0.08718
4450,Line_A,M07,Evening,L013,22.5,59.81,63.49,37.8,47.64,4.72,0.902,13.01,406.81,400.65,6.16,232,227,5,191.91,2.46,0.02155
4451,Line_D,M04,Night,L019,14.6,48.72,45.53,29.92,71.41,5.703,0.833,22.27,431.37,415.49,15.88,184,170,14,608.04,8.68,0.07609
4452,Line_D,M09,Morning,L010,34.0,48.1,48.79,20.71,46.05,5.653,1.022,54.52,429.39,425.79,3.61,319,305,14,555.71,7.97,0.04389
4453,Line_C,M08,Morning,L100,14.0,49.56,51.74,35.99,69.05,4.844,0.846,42.12,416.08,409.39,6.69,396,364,32,1167.33,23.02,0.08081
4454,Line_C,M04,Evening,L097,28.8,48.22,57.32,35.28,39.64,5.828,0.759,29.69,421.21,404.46,16.76,346,323,23,890.47,16.39,0.06647
4455,Line_C,M08,Morning,L025,31.4,49.91,49.1,27.14,48.53,4.764,0.673,54.22,391.94,385.94,6.01,386,376,10,496.91,6.21,0.02591
4456,Line_B,M12,Morning,L066,15.8,42.56,45.93,33.05,66.76,5.134,0.91,8.37,422.43,419.13,3.29,330,319,11,391.1,7.66,0.03333
4457,Line_A,M10,Evening,L081,21.0,39.21,35.68,30.22,44.66,4.999,0.946,54.29,420.1,414.61,5.49,270,263,7,275.06,4.17,0.02593
4458,Line_C,M11,Evening,L118,22.9,50.19,47.72,26.72,57.8,4.26,0.923,17.61,414.49,413.81,0.68,224,212,12,472.25,7.96,0.05357
4459,Line_A,M03,Night,L053,12.9,51.38,51.52,26.98,49.3,5.274,1.087,6.71,436.79,424.86,11.94,226,216,10,466.59,6.2,0.04425
4460,Line_D,M02,Morning,L086,26.0,46.58,49.57,29.58,73.98,5.579,0.932,23.81,445.67,440.0,5.67,196,188,8,331.01,4.12,0.04082
4461,Line_B,M11,Morning,L016,51.4,43.85,42.28,26.94,48.72,5.319,0.979,22.04,420.68,416.49,4.19,263,260,3,132.79,2.09,0.01141
4462,Line_B,M09,Evening,L042,31.1,44.85,46.96,28.24,69.32,5.113,0.726,37.3,403.44,392.77,10.67,353,327,26,1149.87,15.64,0.07365
4463,Line_B,M11,Night,L016,6.6,47.41,50.91,32.12,55.24,5.121,0.768,38.33,408.54,378.99,29.55,417,401,16,511.69,7.78,0.03837
4464,Line_D,M06,Evening,L098,18.5,42.03,45.31,37.56,61.86,4.487,0.802,21.02,445.12,431.11,14.01,215,202,13,471.45,8.6,0.06047
4465,Line_A,M02,Night,L008,31.0,45.18,40.98,30.08,49.64,4.479,1.065,19.86,416.94,413.64,3.3,381,362,19,855.79,8.2,0.04987
4466,Line_A,M06,Night,L006,10.3,43.17,47.22,33.57,52.88,5.449,1.156,65.58,415.79,394.34,21.45,419,403,16,674.4,9.64,0.03819
4467,Line_A,M11,Morning,L008,15.5,49.44,47.17,28.25,37.42,4.762,0.848,16.06,437.12,422.01,15.1,209,208,1,31.74,0.52,0.00478
4468,Line_C,M16,Evening,L015,17.9,48.45,50.82,25.22,50.71,5.485,0.918,33.31,424.22,422.66,1.56,252,242,10,491.12,4.55,0.03968
4469,Line_D,M10,Morning,L006,47.5,41.13,42.29,26.66,47.17,4.754,0.69,30.01,397.02,391.8,5.22,380,375,5,190.09,3.74,0.01316
4470,Line_A,M07,Night,L010,19.7,56.06,57.89,33.71,54.61,5.509,0.812,53.6,429.75,417.7,12.05,381,366,15,494.97,10.74,0.03937
4471,Line_D,M06,Evening,L028,24.0,46.1,44.67,29.9,56.25,5.161,0.757,33.68,421.59,415.76,5.84,237,230,7,321.36,3.92,0.02954
4472,Line_A,M01,Evening,L062,9.9,44.81,52.41,34.21,50.97,5.987,1.252,32.05,401.79,387.08,14.71,333,318,15,610.13,7.1,0.04505
4473,Line_C,M04,Night,L064,42.1,49.72,49.48,34.66,59.56,5.64,0.887,49.43,404.66,383.23,21.42,359,326,33,1465.15,14.87,0.09192
4474,Line_A,M06,Morning,L110,20.2,50.54,52.09,29.25,49.81,5.15,1.164,27.01,420.56,418.14,2.42,232,228,4,198.58,2.65,0.01724
4475,Line_B,M10,Evening,L059,14.2,47.68,43.79,29.16,61.18,5.218,1.057,25.74,415.33,408.22,7.11,406,393,13,544.7,7.92,0.03202
4476,Line_C,M10,Evening,L113,14.5,47.54,44.25,26.74,51.0,4.952,1.229,8.65,431.12,425.33,5.79,239,229,10,476.05,4.83,0.04184
4477,Line_C,M06,Evening,L097,26.9,46.09,49.62,33.72,60.62,5.181,1.333,6.8,424.5,403.84,20.65,234,222,12,508.12,7.37,0.05128
4478,Line_A,M09,Morning,L112,6.4,42.4,43.06,35.17,48.24,5.324,0.811,39.94,432.97,417.18,15.8,299,284,15,584.65,10.16,0.05017
4479,Line_D,M04,Morning,L090,31.0,43.0,43.15,33.12,31.36,5.202,0.72,18.99,379.23,368.47,10.76,187,183,4,200.57,1.96,0.02139
4480,Line_D,M02,Night,L088,10.2,51.23,53.67,33.05,53.24,4.386,0.512,86.82,452.36,443.95,8.41,337,307,30,1012.01,12.04,0.08902
4481,Line_B,M05,Morning,L118,20.2,41.36,42.57,32.02,73.1,5.722,0.751,98.19,439.29,408.65,30.65,354,335,19,782.98,10.47,0.05367
4482,Line_C,M03,Evening,L106,18.6,48.66,52.58,41.87,41.38,5.214,0.695,68.81,403.59,390.48,13.11,260,241,19,839.28,12.18,0.07308
4483,Line_D,M09,Evening,L115,14.1,39.98,41.73,34.02,47.13,5.328,0.985,9.46,441.05,419.89,21.16,372,349,23,1147.47,10.1,0.06183
4484,Line_A,M13,Morning,L016,49.5,45.36,45.25,29.5,53.13,5.255,0.706,57.4,406.11,393.87,12.25,377,361,16,649.4,7.87,0.04244
4485,Line_D,M03,Evening,L100,40.3,56.72,57.98,31.86,48.66,5.433,0.976,49.94,413.84,408.87,4.98,232,226,6,248.96,3.76,0.02586
4486,Line_B,M01,Morning,L101,65.8,49.19,48.47,32.51,45.27,4.837,0.727,13.01,399.23,394.15,5.07,214,212,2,90.69,1.29,0.00935
4487,Line_C,M01,Morning,L064,23.8,49.68,53.31,33.45,51.24,4.972,0.959,13.72,425.15,402.24,22.91,407,390,17,739.02,8.46,0.04177
4488,Line_A,M04,Night,L032,17.4,54.62,58.35,35.54,62.96,5.495,0.759,38.21,414.15,397.97,16.18,284,263,21,1110.13,9.91,0.07394
4489,Line_B,M03,Evening,L054,14.1,40.87,41.87,34.02,38.1,5.565,1.184,22.88,442.28,440.99,1.3,226,214,12,560.56,6.56,0.0531
4490,Line_C,M16,Morning,L006,17.2,47.25,50.85,28.3,51.8,5.706,0.989,54.58,409.64,401.24,8.4,307,297,10,428.66,5.24,0.03257
4491,Line_C,M04,Evening,L083,21.2,41.83,45.15,29.18,55.74,5.203,0.935,17.24,430.9,413.33,17.57,319,304,15,538.41,9.44,0.04702
4492,Line_D,M11,Evening,L051,33.1,43.55,45.65,30.85,49.56,5.17,0.832,28.71,422.79,414.56,8.23,394,378,16,661.75,7.54,0.04061
4493,Line_D,M12,Morning,L047,16.2,51.83,55.88,26.71,37.83,5.421,0.482,30.7,428.55,409.45,19.1,354,348,6,218.85,2.32,0.01695
4494,Line_A,M04,Morning,L001,17.4,49.33,51.06,27.74,52.8,4.523,0.667,22.43,443.62,432.41,11.21,394,366,28,1114.6,9.5,0.07107
4495,Line_A,M03,Evening,L033,16.2,45.54,42.19,25.06,68.79,5.208,1.245,19.17,405.62,397.52,8.1,213,209,4,132.28,3.03,0.01878
4496,Line_B,M04,Morning,L017,9.0,49.23,50.53,30.17,46.31,4.811,0.346,31.89,395.54,386.16,9.38,267,250,17,635.78,10.37,0.06367
4497,Line_B,M15,Morning,L102,20.6,51.86,52.97,23.59,64.41,4.522,0.834,19.06,405.24,400.88,4.36,335,315,20,844.5,9.64,0.0597
4498,Line_B,M07,Evening,L065,5.6,41.71,43.76,28.86,34.45,5.624,0.917,19.64,422.39,404.98,17.42,415,402,13,682.34,5.52,0.03133
4499,Line_D,M01,Night,L114,12.2,40.13,39.29,30.68,62.0,5.662,1.056,24.81,428.91,406.08,22.83,207,200,7,283.49,3.88,0.03382
4500,Line_C,M11,Night,L048,28.2,52.25,52.16,30.46,49.89,4.853,1.314,18.1,417.67,414.35,3.32,272,256,16,761.37,7.9,0.05882
4501,Line_A,M07,Evening,L092,19.3,46.05,45.74,27.39,40.1,5.193,1.088,33.02,420.81,418.08,2.73,229,222,7,275.46,3.32,0.03057
4502,Line_B,M03,Night,L109,18.1,43.39,48.16,36.86,28.26,5.977,1.224,66.52,456.57,435.75,20.82,185,171,14,637.93,8.22,0.07568
4503,Line_C,M03,Morning,L082,32.3,48.95,45.84,30.74,59.72,4.983,0.84,23.81,422.21,412.68,9.54,312,299,13,571.69,6.07,0.04167
4504,Line_B,M12,Morning,L034,21.3,61.24,58.28,32.24,61.63,5.181,0.849,37.6,419.81,406.48,13.33,276,265,11,330.0,6.16,0.03986
4505,Line_A,M06,Night,L019,17.3,44.71,46.68,31.42,42.37,5.187,0.963,16.0,404.27,379.79,24.48,327,313,14,812.0,8.27,0.04281
4506,Line_B,M01,Morning,L105,28.8,45.37,44.47,27.11,47.08,5.525,1.082,47.42,403.18,398.74,4.44,351,343,8,332.97,3.51,0.02279
4507,Line_B,M13,Morning,L056,16.3,42.68,45.89,27.6,41.58,5.451,0.759,25.27,427.32,396.26,31.06,222,205,17,842.08,6.87,0.07658
4508,Line_A,M04,Morning,L033,9.0,50.26,48.38,37.43,49.52,4.762,0.906,56.59,413.52,390.92,22.6,290,272,18,705.16,7.26,0.06207
4509,Line_C,M16,Evening,L014,16.6,46.42,50.13,27.54,57.48,4.702,1.439,4.79,391.9,385.54,6.36,199,185,14,463.7,8.28,0.07035
4510,Line_B,M10,Evening,L048,19.4,48.03,45.53,33.09,50.24,4.704,0.771,11.67,461.78,455.65,6.14,288,282,6,225.07,3.13,0.02083
4511,Line_C,M09,Morning,L115,30.7,39.22,41.98,27.53,52.3,4.628,0.871,26.95,405.18,381.01,24.17,215,195,20,914.11,14.4,0.09302
4512,Line_B,M12,Morning,L026,23.2,40.99,42.14,35.94,55.53,6.087,0.858,101.4,416.88,384.28,32.6,349,336,13,481.23,5.08,0.03725
4513,Line_D,M04,Night,L046,36.8,41.4,45.83,37.51,58.28,5.459,0.62,15.56,425.07,398.57,26.5,403,374,29,1431.37,17.95,0.07196
4514,Line_A,M11,Morning,L031,9.9,47.26,52.11,37.55,40.3,5.446,1.211,6.73,423.09,413.98,9.11,303,291,12,519.23,8.56,0.0396
4515,Line_A,M03,Evening,L022,70.0,59.53,61.69,35.12,51.5,4.665,0.88,24.5,413.33,390.14,23.19,234,227,7,321.11,2.39,0.02991
4516,Line_B,M05,Evening,L063,38.6,53.99,56.5,38.32,39.79,5.381,0.769,49.91,427.34,412.21,15.13,367,338,29,1194.7,14.6,0.07902
4517,Line_B,M10,Evening,L061,22.0,44.48,42.17,35.72,44.92,5.061,1.07,17.61,440.71,437.97,2.73,309,302,7,363.31,2.49,0.02265
4518,Line_B,M07,Night,L060,14.7,42.31,41.24,31.49,51.82,5.267,0.927,39.68,416.19,406.8,9.38,402,380,22,907.02,14.29,0.05473
4519,Line_C,M15,Night,L038,15.9,44.74,41.2,38.87,42.36,5.261,1.123,49.48,418.77,410.86,7.9,380,357,23,1187.22,14.3,0.06053
4520,Line_A,M01,Evening,L036,36.8,50.29,45.85,34.04,42.94,5.247,0.618,84.57,423.02,390.36,32.67,232,229,3,119.97,1.72,0.01293
4521,Line_A,M02,Evening,L061,18.8,43.56,43.56,33.97,47.53,5.476,0.747,44.72,386.27,381.21,5.06,237,231,6,290.08,3.02,0.02532
4522,Line_B,M01,Evening,L046,16.5,44.8,46.99,26.09,67.15,5.239,0.448,16.07,450.59,441.13,9.46,226,214,12,526.6,8.08,0.0531
4523,Line_C,M15,Night,L081,27.6,43.21,43.74,37.03,40.16,5.269,1.012,98.27,427.2,405.69,21.51,285,253,32,1219.44,21.0,0.11228
4524,Line_D,M07,Morning,L024,38.3,43.45,40.87,33.25,56.05,4.958,0.845,2.66,431.52,430.88,0.64,337,331,6,221.49,4.04,0.0178
4525,Line_C,M15,Night,L021,23.2,43.53,46.55,27.89,63.63,5.19,0.915,53.67,423.13,403.53,19.61,371,351,20,967.2,5.0,0.05391
4526,Line_C,M09,Night,L096,8.2,49.06,52.55,26.6,58.66,5.714,1.01,39.2,417.46,410.47,6.99,238,222,16,645.08,8.79,0.06723
4527,Line_C,M14,Evening,L030,17.8,50.09,47.81,34.74,46.41,5.391,0.942,36.36,421.2,419.0,2.19,391,372,19,786.89,8.72,0.04859
4528,Line_C,M14,Evening,L116,18.8,50.74,57.72,32.76,42.25,5.605,1.215,49.55,410.81,407.1,3.7,250,236,14,629.58,6.95,0.056
4529,Line_A,M02,Night,L044,31.3,47.75,48.28,33.54,59.1,5.541,0.853,36.12,408.53,403.11,5.42,286,279,7,283.91,3.75,0.02448
4530,Line_C,M16,Morning,L049,33.0,55.18,60.47,28.56,42.45,5.141,0.664,19.5,423.61,406.89,16.71,269,261,8,402.2,3.26,0.02974
4531,Line_C,M09,Night,L011,12.7,50.98,48.56,29.11,48.78,5.454,0.782,43.82,407.61,389.68,17.93,184,165,19,815.28,10.44,0.10326
4532,Line_B,M10,Morning,L067,23.3,55.3,59.45,32.78,60.83,5.316,0.871,46.08,428.2,416.88,11.32,383,368,15,583.67,8.78,0.03916
4533,Line_C,M04,Night,L058,23.5,55.31,52.48,22.96,58.83,5.087,0.723,13.99,432.83,415.18,17.65,389,355,34,1520.71,20.14,0.0874
4534,Line_B,M14,Morning,L031,16.7,54.69,48.63,32.7,41.93,5.456,1.242,31.42,439.03,433.71,5.32,286,268,18,831.07,13.66,0.06294
4535,Line_B,M02,Night,L018,5.9,44.99,50.73,31.37,53.93,5.585,0.92,5.1,420.01,409.99,10.02,373,357,16,593.52,5.05,0.0429
4536,Line_A,M03,Morning,L008,6.7,44.2,42.1,29.67,40.51,5.931,0.759,95.09,466.15,459.13,7.02,337,329,8,321.09,4.48,0.02374
4537,Line_C,M04,Evening,L074,10.9,53.14,59.34,22.91,59.44,5.228,0.528,21.71,407.28,357.77,49.51,283,260,23,1044.93,14.04,0.08127
4538,Line_D,M14,Morning,L118,36.8,46.07,43.79,35.44,44.7,4.932,0.948,53.53,410.0,407.61,2.39,392,387,5,243.68,3.68,0.01276
4539,Line_A,M14,Morning,L097,14.7,46.49,48.82,27.37,63.09,5.362,0.836,44.68,431.79,423.28,8.51,302,300,2,70.35,1.12,0.00662
4540,Line_B,M05,Night,L045,17.9,49.03,49.85,29.0,39.98,4.355,1.033,14.81,414.35,407.33,7.02,189,178,11,508.6,7.15,0.0582
4541,Line_A,M09,Night,L119,11.4,48.02,47.6,35.36,54.31,5.379,0.939,29.95,431.27,410.65,20.62,224,213,11,534.51,6.42,0.04911
4542,Line_A,M07,Night,L072,30.4,51.69,55.51,33.85,54.78,5.101,1.088,96.4,393.77,381.48,12.3,365,351,14,603.79,7.45,0.03836
4543,Line_D,M09,Night,L111,20.2,49.42,51.54,35.7,42.64,5.966,1.144,14.42,420.24,404.41,15.84,331,309,22,902.16,12.62,0.06647
4544,Line_B,M01,Morning,L080,11.1,45.09,46.9,34.76,34.42,5.703,0.69,22.54,395.32,393.22,2.1,203,195,8,338.13,4.4,0.03941
4545,Line_B,M07,Evening,L006,12.6,51.41,54.71,30.62,57.81,5.336,1.21,31.44,417.88,415.15,2.73,214,205,9,365.82,5.08,0.04206
4546,Line_A,M08,Evening,L041,16.0,46.29,48.2,32.2,56.87,4.899,0.883,10.62,389.14,369.31,19.83,284,278,6,289.69,3.82,0.02113
4547,Line_D,M01,Night,L099,23.9,52.26,52.17,29.74,47.87,5.734,1.094,43.51,427.94,416.47,11.47,333,321,12,478.22,7.26,0.03604
4548,Line_A,M11,Evening,L021,14.4,42.56,38.28,36.65,53.67,5.065,0.602,16.49,425.17,422.29,2.88,320,307,13,629.3,5.52,0.04062
4549,Line_C,M07,Night,L077,21.8,52.33,57.6,34.18,64.61,5.828,0.725,46.08,412.41,403.68,8.73,382,366,16,568.61,11.34,0.04188
4550,Line_B,M05,Night,L117,25.2,48.54,46.7,29.5,52.18,5.113,0.833,63.94,396.53,393.27,3.26,322,310,12,459.33,5.92,0.03727
4551,Line_A,M13,Morning,L022,6.5,45.02,41.8,29.86,50.86,6.316,0.823,36.81,454.72,447.87,6.85,255,236,19,752.81,9.09,0.07451
4552,Line_C,M13,Night,L047,31.1,48.11,50.93,30.2,43.24,4.851,0.859,52.03,442.13,406.34,35.79,340,319,21,910.08,8.35,0.06176
4553,Line_A,M05,Night,L079,33.4,46.76,45.92,29.39,50.48,5.639,0.95,33.32,425.97,423.82,2.15,419,409,10,357.69,5.57,0.02387
4554,Line_C,M15,Evening,L003,21.7,45.83,48.9,31.68,51.39,5.865,0.563,8.78,413.34,400.96,12.38,218,205,13,519.08,6.99,0.05963
4555,Line_A,M01,Night,L013,19.2,36.56,40.27,28.6,74.02,4.911,0.716,24.03,403.3,361.2,42.1,366,336,30,1394.4,8.11,0.08197
4556,Line_C,M10,Morning,L112,19.3,46.63,44.59,30.88,43.73,5.437,1.062,42.1,441.1,435.1,6.0,246,234,12,505.04,5.97,0.04878
4557,Line_C,M12,Evening,L071,7.7,45.23,47.96,30.25,43.26,4.783,0.976,31.75,441.97,438.66,3.31,205,196,9,406.71,4.01,0.0439
4558,Line_C,M04,Evening,L058,28.8,43.2,44.89,35.16,42.21,5.568,1.0,62.76,421.73,412.95,8.78,359,337,22,991.04,15.97,0.06128
4559,Line_A,M06,Evening,L032,15.2,46.24,47.7,33.03,45.85,5.409,0.752,46.4,424.26,415.51,8.75,413,400,13,569.41,5.9,0.03148
4560,Line_C,M12,Night,L090,40.5,48.29,47.53,31.9,42.22,4.845,1.092,67.29,419.52,402.47,17.05,307,283,24,981.48,20.55,0.07818
4561,Line_D,M06,Evening,L017,23.9,53.78,58.46,29.5,64.55,5.141,0.919,44.33,416.71,397.11,19.6,322,307,15,738.27,7.5,0.04658
4562,Line_A,M05,Evening,L039,31.4,50.59,49.76,23.84,45.06,4.642,0.99,61.71,424.08,420.69,3.4,393,376,17,722.33,9.16,0.04326
4563,Line_A,M11,Night,L113,44.2,46.42,47.61,23.6,57.06,5.707,0.846,81.4,419.91,413.55,6.36,331,322,9,414.16,2.43,0.02719
4564,Line_D,M03,Night,L017,28.9,41.71,42.79,35.56,56.83,5.162,1.023,16.65,420.45,406.67,13.78,256,238,18,736.57,9.19,0.07031
4565,Line_A,M09,Morning,L039,16.9,53.22,55.28,33.7,53.93,5.105,1.034,14.35,436.27,392.33,43.95,292,276,16,564.58,10.32,0.05479
4566,Line_C,M05,Night,L059,16.1,50.96,52.53,33.27,60.55,4.92,0.679,41.75,396.63,391.78,4.85,302,290,12,404.46,6.71,0.03974
4567,Line_C,M06,Evening,L092,15.4,43.98,44.81,35.93,51.21,5.257,0.995,11.06,399.17,398.56,0.61,260,244,16,668.46,10.5,0.06154
4568,Line_A,M08,Morning,L055,25.0,48.51,46.1,30.72,43.3,5.635,0.736,41.72,448.99,445.3,3.69,417,409,8,320.09,2.66,0.01918
4569,Line_C,M12,Night,L024,12.3,41.95,44.58,29.92,54.58,5.47,0.724,16.48,427.19,405.98,21.21,378,363,15,602.79,9.47,0.03968
4570,Line_C,M04,Evening,L089,26.7,44.62,47.17,31.85,64.03,5.412,1.128,59.4,433.71,402.35,31.36,225,211,14,626.57,6.01,0.06222
4571,Line_B,M11,Morning,L110,12.5,45.94,43.43,33.22,73.76,4.475,1.408,27.82,400.75,391.27,9.48,334,310,24,1067.88,13.92,0.07186
4572,Line_D,M06,Night,L030,25.6,50.91,52.67,32.47,45.43,5.553,0.553,16.1,419.06,410.44,8.61,267,249,18,691.02,7.25,0.06742
4573,Line_A,M15,Morning,L029,37.4,49.16,52.86,35.07,66.58,4.874,0.729,24.07,418.25,416.19,2.05,249,243,6,238.82,3.12,0.0241
4574,Line_B,M07,Evening,L074,36.4,45.45,41.15,34.92,52.93,5.03,1.011,7.79,407.61,405.0,2.61,211,202,9,356.17,3.86,0.04265
4575,Line_D,M07,Evening,L098,34.6,47.88,45.03,31.15,56.85,5.301,0.64,59.02,390.68,378.19,12.49,202,197,5,227.29,2.21,0.02475
4576,Line_A,M13,Night,L098,6.2,47.38,49.56,25.6,60.99,5.605,0.929,17.48,436.7,425.47,11.22,386,361,25,941.86,17.75,0.06477
4577,Line_D,M01,Morning,L104,44.4,41.78,45.43,23.92,29.2,4.851,1.028,70.99,415.27,386.7,28.57,290,282,8,309.39,4.21,0.02759
4578,Line_A,M14,Night,L021,14.3,53.05,57.75,37.51,57.92,5.369,0.901,15.22,440.99,428.83,12.17,281,267,14,583.14,8.01,0.04982
4579,Line_B,M06,Night,L110,11.2,48.34,55.32,24.2,56.82,5.423,1.211,81.27,445.6,429.89,15.71,247,234,13,548.34,7.31,0.05263
4580,Line_A,M14,Morning,L113,28.9,48.75,51.33,26.02,28.32,5.379,1.269,22.77,423.31,420.44,2.87,230,222,8,320.21,3.91,0.03478
4581,Line_C,M06,Night,L025,38.1,49.34,47.32,30.13,49.27,4.51,0.866,5.62,441.95,440.08,1.87,183,171,12,360.0,7.48,0.06557
4582,Line_D,M04,Morning,L007,28.0,46.24,46.78,31.03,61.49,5.247,0.575,39.24,409.23,405.85,3.37,408,390,18,625.04,7.98,0.04412
4583,Line_D,M02,Night,L054,20.6,43.46,43.87,32.34,47.09,4.896,0.994,30.25,422.23,421.71,0.51,242,233,9,378.39,3.82,0.03719
4584,Line_D,M13,Night,L017,58.4,45.04,47.55,24.62,65.59,5.146,0.657,68.42,448.07,437.93,10.14,193,179,14,567.33,4.19,0.07254
4585,Line_C,M01,Evening,L088,13.8,46.94,43.14,34.33,50.04,4.803,0.783,67.81,424.65,414.77,9.88,323,303,20,933.35,10.73,0.06192
4586,Line_C,M11,Morning,L079,37.0,48.51,49.9,33.75,58.84,4.896,0.876,31.21,430.3,423.92,6.38,180,174,6,229.52,3.91,0.03333
4587,Line_B,M10,Evening,L079,17.8,47.39,51.35,26.95,47.57,5.067,0.604,49.04,416.31,412.38,3.93,298,283,15,665.47,7.91,0.05034
4588,Line_D,M04,Night,L024,28.6,54.22,56.34,28.97,60.46,5.759,0.696,61.18,397.77,391.73,6.04,287,271,16,680.55,8.03,0.05575
4589,Line_C,M13,Morning,L051,33.8,48.03,49.13,34.41,41.87,5.062,0.912,42.48,390.27,361.36,28.92,302,284,18,713.81,12.22,0.0596
4590,Line_D,M07,Morning,L071,36.8,46.17,44.77,27.89,60.25,4.947,0.84,14.07,432.97,429.75,3.21,396,386,10,417.19,4.91,0.02525
4591,Line_A,M13,Evening,L019,21.6,52.14,54.4,25.43,70.34,5.03,1.232,11.43,414.87,405.85,9.02,387,366,21,699.66,7.07,0.05426
4592,Line_B,M06,Night,L030,40.4,44.5,48.09,34.83,44.21,5.171,0.994,10.29,399.28,389.41,9.87,351,331,20,794.53,11.14,0.05698
4593,Line_C,M13,Morning,L071,15.1,47.37,42.32,33.7,57.88,5.425,0.755,11.45,400.75,393.36,7.39,341,318,23,956.21,13.1,0.06745
4594,Line_A,M07,Morning,L053,19.3,50.58,48.21,31.29,37.3,4.49,0.73,50.56,424.52,418.91,5.61,274,266,8,313.59,3.28,0.0292
4595,Line_A,M08,Night,L094,20.8,46.27,42.77,26.47,49.46,5.041,0.887,22.09,405.51,386.54,18.97,223,219,4,150.1,2.82,0.01794
4596,Line_D,M14,Night,L071,16.3,48.08,46.56,37.79,49.12,5.231,0.836,38.89,408.69,373.51,35.18,381,366,15,631.61,9.92,0.03937
4597,Line_B,M02,Evening,L117,19.1,44.92,48.68,35.77,42.18,5.764,0.996,12.11,423.31,399.84,23.47,319,305,14,581.68,7.63,0.04389
4598,Line_A,M07,Night,L028,14.2,53.35,54.01,35.35,60.52,5.056,0.869,7.47,414.44,405.43,9.01,234,226,8,289.35,4.11,0.03419
4599,Line_B,M01,Morning,L086,9.3,47.14,45.9,28.56,61.32,4.738,0.975,16.44,406.79,393.13,13.65,227,218,9,345.7,5.39,0.03965
4600,Line_B,M01,Night,L058,14.1,47.35,51.29,38.89,47.36,5.144,1.014,44.21,419.47,410.71,8.76,402,374,28,1098.48,12.66,0.06965
4601,Line_C,M03,Night,L030,15.7,48.1,49.51,27.21,52.13,5.07,1.087,99.77,398.32,380.62,17.69,193,177,16,529.35,8.84,0.0829
4602,Line_D,M12,Morning,L110,25.2,47.1,47.78,24.88,46.18,5.338,1.115,68.82,395.15,387.37,7.78,352,343,9,323.55,4.46,0.02557
4603,Line_D,M13,Night,L111,59.5,44.58,41.81,26.85,46.59,5.621,1.293,41.45,442.16,437.81,4.36,306,290,16,514.13,8.17,0.05229
4604,Line_C,M13,Morning,L023,25.3,48.62,52.78,37.85,63.56,5.289,0.729,19.15,423.06,412.85,10.21,260,241,19,853.71,14.88,0.07308
4605,Line_C,M16,Evening,L013,20.5,44.96,44.3,31.56,48.03,4.583,0.761,76.22,414.08,410.61,3.47,239,218,21,896.98,11.59,0.08787
4606,Line_B,M10,Morning,L114,17.3,47.39,48.89,32.43,46.26,4.979,0.808,24.11,397.98,376.04,21.94,375,361,14,588.55,5.76,0.03733
4607,Line_D,M04,Night,L048,16.1,44.93,46.83,29.53,50.47,4.835,0.889,93.09,404.07,370.81,33.27,231,210,21,838.91,13.97,0.09091
4608,Line_A,M08,Evening,L043,6.5,47.89,49.19,30.11,48.23,5.176,0.681,41.48,430.8,426.46,4.33,356,344,12,652.1,5.33,0.03371
4609,Line_A,M09,Night,L044,19.2,42.98,51.19,29.52,67.94,4.763,0.735,28.07,387.53,343.99,43.53,185,177,8,362.95,4.89,0.04324
4610,Line_D,M13,Evening,L001,10.6,49.75,45.57,25.04,45.62,4.976,0.967,46.75,420.04,404.34,15.7,349,334,15,583.19,8.68,0.04298
4611,Line_D,M08,Evening,L050,53.5,48.68,53.7,39.63,68.55,5.038,0.96,78.82,416.43,400.0,16.43,193,183,10,342.56,7.23,0.05181
4612,Line_B,M01,Evening,L052,20.9,44.29,43.91,34.9,55.5,5.223,0.261,15.97,436.62,411.44,25.18,196,191,5,217.04,2.14,0.02551
4613,Line_C,M14,Morning,L091,21.0,47.91,52.06,33.14,49.15,5.833,1.332,15.67,428.18,403.51,24.67,362,348,14,494.87,7.53,0.03867
4614,Line_B,M10,Evening,L119,18.5,51.87,53.27,28.27,49.4,5.661,0.775,34.78,436.38,423.89,12.49,280,269,11,397.11,4.64,0.03929
4615,Line_B,M02,Morning,L073,16.0,49.9,48.41,26.87,31.01,5.182,1.119,54.04,409.79,399.19,10.6,389,380,9,367.12,3.63,0.02314
4616,Line_B,M16,Night,L029,51.6,42.12,43.38,26.74,54.96,5.792,1.013,13.08,417.03,411.32,5.71,304,297,7,356.58,4.04,0.02303
4617,Line_A,M08,Night,L005,37.7,54.41,52.94,28.81,60.76,4.757,0.928,60.11,414.58,390.0,24.58,219,206,13,561.64,6.84,0.05936
4618,Line_C,M13,Night,L001,18.3,42.84,45.91,31.69,57.75,5.544,0.814,45.36,405.61,393.84,11.77,243,223,20,785.49,12.27,0.0823
4619,Line_B,M12,Night,L020,13.4,43.28,46.83,35.4,50.33,5.479,1.127,115.98,423.62,379.66,43.96,290,274,16,728.33,8.17,0.05517
4620,Line_B,M05,Morning,L043,10.9,51.25,51.24,35.93,40.4,4.502,1.014,3.06,425.29,414.52,10.77,383,367,16,658.32,7.97,0.04178
4621,Line_A,M15,Morning,L061,22.3,47.64,49.25,30.79,45.86,4.951,1.014,49.75,413.11,391.12,21.99,417,411,6,222.43,3.75,0.01439
4622,Line_D,M15,Night,L043,45.4,42.84,46.07,27.12,47.2,5.203,1.054,22.67,410.29,394.53,15.76,377,370,7,334.92,4.82,0.01857
4623,Line_C,M16,Morning,L019,44.9,53.65,53.19,38.6,49.41,4.868,0.703,22.35,429.29,421.95,7.34,215,204,11,513.3,4.98,0.05116
4624,Line_D,M04,Evening,L052,33.3,43.37,44.64,27.89,44.82,5.137,0.42,28.05,405.94,387.19,18.75,276,260,16,622.55,6.02,0.05797
4625,Line_A,M03,Evening,L040,11.8,55.05,51.34,37.5,62.4,5.14,0.932,34.12,419.21,415.34,3.87,269,266,3,140.87,1.28,0.01115
4626,Line_C,M09,Morning,L091,20.0,44.25,43.91,32.72,45.85,5.039,0.781,30.46,377.6,365.87,11.74,188,174,14,590.56,6.19,0.07447
4627,Line_D,M04,Evening,L087,21.3,41.91,45.53,22.13,41.15,4.991,0.86,6.31,438.6,423.76,14.84,373,352,21,793.23,14.89,0.0563
4628,Line_B,M10,Night,L074,21.2,50.22,51.6,32.87,45.34,5.475,0.963,19.28,412.21,396.61,15.6,354,336,18,684.84,8.54,0.05085
4629,Line_A,M11,Evening,L114,22.0,53.01,52.87,28.62,57.49,5.288,0.856,22.26,419.41,414.8,4.61,217,212,5,236.41,3.6,0.02304
4630,Line_A,M01,Evening,L011,27.9,52.4,55.91,27.4,25.83,4.931,1.184,23.11,430.82,407.94,22.89,281,273,8,366.05,6.47,0.02847
4631,Line_A,M13,Night,L031,15.3,44.8,45.06,30.44,37.8,5.559,1.093,12.05,398.64,362.76,35.88,281,258,23,1030.36,16.01,0.08185
4632,Line_B,M03,Night,L072,20.7,45.8,46.19,27.41,37.52,5.796,1.163,58.03,414.96,409.57,5.39,272,264,8,360.26,2.84,0.02941
4633,Line_B,M10,Night,L040,11.8,47.34,47.86,32.47,34.58,5.055,0.764,32.55,450.63,446.66,3.97,415,391,24,1090.85,13.28,0.05783
4634,Line_A,M09,Morning,L119,30.4,55.06,57.66,27.02,49.94,5.252,0.829,29.86,421.17,381.53,39.64,315,308,7,247.78,3.88,0.02222
4635,Line_C,M01,Morning,L120,25.2,55.33,58.04,37.34,41.76,5.536,0.828,18.08,455.94,440.92,15.01,333,310,23,1175.11,17.48,0.06907
4636,Line_A,M03,Night,L067,6.7,54.37,58.53,30.11,40.84,4.986,1.004,46.77,435.91,419.24,16.67,186,184,2,81.37,0.89,0.01075
4637,Line_B,M09,Evening,L050,15.2,45.56,47.76,32.28,46.04,5.147,1.165,25.56,457.54,450.46,7.07,297,286,11,554.69,6.19,0.03704
4638,Line_C,M07,Evening,L065,10.5,41.39,42.56,32.48,46.87,5.647,0.976,25.22,412.2,400.39,11.81,258,250,8,378.88,4.3,0.03101
4639,Line_A,M08,Morning,L018,35.2,45.61,53.36,31.73,52.07,5.63,0.688,66.59,422.08,374.58,47.5,264,258,6,197.52,3.19,0.02273
4640,Line_A,M12,Morning,L094,23.4,46.04,46.88,35.07,36.07,5.881,1.186,10.27,423.34,419.9,3.44,260,252,8,368.51,6.46,0.03077
4641,Line_A,M12,Evening,L064,19.1,54.64,55.52,27.74,51.45,5.028,1.238,48.98,428.5,417.65,10.85,276,267,9,321.19,5.24,0.03261
4642,Line_A,M11,Morning,L039,16.8,44.43,44.76,28.7,60.79,5.244,0.767,37.34,409.23,403.29,5.94,212,212,0,0.0,0.0,0.0
4643,Line_B,M12,Evening,L064,25.8,44.95,43.12,36.82,42.16,5.748,0.777,26.68,388.17,387.29,0.87,327,311,16,852.82,10.86,0.04893
4644,Line_A,M14,Morning,L103,21.0,49.34,49.19,28.64,57.24,4.855,0.841,17.22,430.64,421.18,9.46,290,283,7,346.97,5.2,0.02414
4645,Line_A,M04,Morning,L102,18.3,51.37,52.16,33.27,55.69,5.318,1.06,12.66,426.3,409.67,16.63,216,207,9,432.8,3.58,0.04167
4646,Line_D,M15,Evening,L039,45.7,58.04,57.55,36.92,42.57,5.286,0.864,34.56,446.68,446.05,0.63,241,231,10,402.6,4.98,0.04149
4647,Line_D,M08,Evening,L103,24.6,56.13,55.51,34.92,51.52,5.286,0.961,25.51,423.77,408.19,15.58,293,274,19,791.24,11.95,0.06485
4648,Line_A,M15,Night,L072,12.1,50.79,53.2,27.28,45.21,5.391,0.971,46.35,419.47,390.41,29.06,390,376,14,562.49,5.6,0.0359
4649,Line_B,M11,Morning,L098,23.8,36.93,39.03,28.43,53.9,5.555,0.927,45.11,408.23,401.56,6.66,262,253,9,370.61,5.2,0.03435
4650,Line_B,M07,Evening,L008,23.3,48.5,48.94,32.06,41.67,5.425,1.248,15.76,421.53,394.47,27.06,332,315,17,773.83,11.39,0.0512
4651,Line_D,M01,Evening,L001,5.9,39.61,38.09,33.06,73.73,5.222,0.876,51.45,403.64,395.83,7.81,377,355,22,936.92,10.79,0.05836
4652,Line_D,M02,Morning,L065,22.3,44.01,48.93,32.45,57.65,5.725,0.702,39.83,395.53,377.53,18.0,395,385,10,414.59,3.93,0.02532
4653,Line_A,M10,Morning,L006,20.4,53.88,55.21,32.97,37.46,5.261,0.996,25.53,405.52,387.99,17.53,392,386,6,193.26,2.9,0.01531
4654,Line_A,M11,Evening,L053,34.3,43.86,49.01,29.47,46.07,5.001,0.999,2.52,406.38,401.61,4.76,333,330,3,133.02,1.92,0.00901
4655,Line_B,M03,Evening,L019,9.0,42.8,41.02,29.66,47.96,5.612,0.932,59.96,411.39,404.26,7.13,239,230,9,426.46,4.4,0.03766
4656,Line_D,M15,Night,L114,9.6,51.77,56.72,29.01,58.98,5.585,0.857,39.06,457.77,430.3,27.47,246,238,8,281.98,6.81,0.03252
4657,Line_D,M06,Evening,L044,10.5,45.83,45.25,27.99,59.59,4.873,0.838,49.78,414.44,412.43,2.0,344,333,11,478.57,8.72,0.03198
4658,Line_A,M13,Morning,L053,27.5,49.17,50.56,32.37,44.45,4.99,0.682,30.37,433.21,408.0,25.2,413,392,21,1019.02,14.57,0.05085
4659,Line_C,M13,Night,L033,23.2,52.64,50.32,23.77,62.53,4.012,1.224,33.04,383.53,350.63,32.9,340,299,41,1786.03,14.59,0.12059
4660,Line_A,M12,Morning,L045,8.2,45.41,51.07,29.0,68.3,5.045,0.662,82.53,406.06,363.38,42.68,259,249,10,405.96,5.93,0.03861
4661,Line_C,M15,Night,L059,11.4,52.23,53.62,31.04,34.9,5.495,0.466,30.86,395.68,386.22,9.46,412,377,35,1407.66,20.72,0.08495
4662,Line_D,M13,Night,L038,12.0,46.36,47.14,32.18,58.03,4.915,0.728,50.16,429.46,423.49,5.97,186,170,16,584.85,8.73,0.08602
4663,Line_B,M03,Morning,L065,27.8,53.42,49.53,28.88,43.15,4.562,0.545,32.82,420.66,412.5,8.16,275,262,13,516.32,6.88,0.04727
4664,Line_A,M07,Morning,L114,23.3,42.08,43.34,38.1,49.3,5.439,0.913,19.46,398.52,374.82,23.7,346,337,9,387.9,8.06,0.02601
4665,Line_C,M10,Morning,L118,17.5,38.28,38.48,25.07,62.82,4.579,0.919,38.1,411.33,394.33,17.01,196,179,17,814.06,6.02,0.08673
4666,Line_B,M09,Morning,L079,19.0,50.52,52.76,34.1,68.38,4.697,1.137,42.22,435.23,416.14,19.08,244,219,25,1142.29,10.34,0.10246
4667,Line_D,M09,Morning,L034,11.8,51.33,51.05,28.17,64.54,4.966,0.973,40.59,414.62,377.83,36.79,414,394,20,773.16,15.2,0.04831
4668,Line_B,M04,Morning,L076,32.5,45.2,48.27,25.31,51.83,4.812,0.852,20.37,430.7,413.04,17.66,190,182,8,318.0,6.21,0.04211
4669,Line_D,M16,Evening,L097,19.9,45.96,40.73,34.75,53.75,4.857,0.857,20.97,372.8,362.8,10.01,180,177,3,156.13,1.75,0.01667
4670,Line_A,M11,Night,L016,20.9,50.57,51.03,37.08,52.49,5.305,0.888,70.45,427.06,410.37,16.69,371,359,12,572.42,6.47,0.03235
4671,Line_A,M13,Morning,L019,35.3,50.87,47.41,33.42,53.04,4.94,0.893,43.8,417.19,401.52,15.67,381,372,9,346.19,5.68,0.02362
4672,Line_B,M06,Morning,L119,33.7,60.56,59.04,37.16,57.54,4.447,0.798,21.57,413.52,408.36,5.15,392,377,15,680.67,12.27,0.03827
4673,Line_A,M11,Morning,L097,18.4,46.84,48.96,36.0,44.54,5.003,0.779,67.47,427.07,412.4,14.68,378,369,9,377.13,3.89,0.02381
4674,Line_B,M05,Night,L019,16.7,43.79,48.14,31.17,31.57,5.162,0.874,101.5,416.56,408.22,8.34,353,334,19,736.75,9.91,0.05382
4675,Line_C,M10,Night,L066,9.8,42.71,39.06,27.96,45.88,4.52,0.85,33.35,442.46,440.51,1.95,290,275,15,634.41,7.01,0.05172
4676,Line_A,M05,Evening,L095,28.4,58.49,54.86,23.49,55.37,5.265,0.684,20.26,411.65,400.19,11.46,239,232,7,338.04,2.4,0.02929
4677,Line_A,M15,Night,L048,24.7,52.26,50.32,25.33,56.53,4.864,0.764,37.21,430.15,428.5,1.64,180,172,8,302.92,3.86,0.04444
4678,Line_A,M09,Night,L115,19.7,49.69,49.42,34.51,50.46,4.863,0.403,43.51,413.65,403.91,9.74,413,392,21,732.21,13.01,0.05085
4679,Line_A,M08,Morning,L110,23.5,50.23,53.18,37.17,37.76,5.945,0.96,16.81,411.0,406.48,4.53,249,245,4,168.98,2.66,0.01606
4680,Line_D,M09,Morning,L020,21.5,50.85,55.79,30.95,57.63,4.685,0.98,49.91,405.94,401.4,4.53,199,182,17,628.87,8.27,0.08543
4681,Line_D,M04,Night,L078,28.2,47.91,49.5,28.17,52.64,4.885,0.904,112.82,440.37,422.66,17.72,224,211,13,544.8,8.28,0.05804
4682,Line_A,M14,Night,L100,33.5,53.21,49.93,26.83,42.08,5.315,0.92,33.37,417.88,414.83,3.05,339,329,10,407.73,6.48,0.0295
4683,Line_C,M05,Night,L047,16.3,46.35,50.19,30.78,51.43,4.162,0.786,61.74,437.69,427.18,10.51,346,325,21,911.66,13.24,0.06069
4684,Line_C,M15,Evening,L048,11.2,48.16,56.54,34.33,65.73,6.076,0.648,11.33,403.66,379.15,24.5,364,350,14,652.92,6.66,0.03846
4685,Line_D,M14,Morning,L059,17.4,42.12,40.23,30.28,58.09,5.593,0.853,14.91,424.6,417.52,7.08,249,246,3,119.7,1.76,0.01205
4686,Line_B,M05,Morning,L042,49.3,37.05,38.31,29.99,62.42,5.094,0.821,62.73,393.57,368.0,25.57,419,411,8,356.33,5.31,0.01909
4687,Line_B,M09,Evening,L013,20.1,51.31,50.64,37.41,50.14,4.866,1.078,55.99,419.87,409.66,10.21,333,315,18,661.52,11.72,0.05405
4688,Line_B,M06,Evening,L026,16.6,41.9,46.12,30.59,53.72,5.307,0.607,24.08,450.37,440.82,9.55,193,187,6,254.42,2.92,0.03109
4689,Line_D,M03,Morning,L112,22.4,51.3,54.55,28.09,59.65,5.672,0.958,21.47,432.0,430.31,1.69,402,389,13,483.66,9.43,0.03234
4690,Line_C,M05,Night,L070,32.4,49.48,47.95,30.99,53.19,5.229,0.462,66.45,431.44,415.47,15.98,399,370,29,1357.48,15.19,0.07268
4691,Line_B,M14,Night,L115,14.1,53.36,52.39,31.05,42.15,4.542,0.896,22.37,423.03,411.97,11.06,296,280,16,607.62,7.46,0.05405
4692,Line_A,M05,Night,L008,27.7,49.24,48.6,28.11,39.68,5.245,1.086,64.33,421.15,413.41,7.74,416,400,16,743.68,10.65,0.03846
4693,Line_C,M15,Night,L020,25.0,41.13,44.51,18.45,61.59,5.862,0.903,13.42,417.06,412.39,4.68,256,236,20,861.22,10.57,0.07812
4694,Line_D,M12,Night,L061,23.5,46.65,50.88,33.13,43.75,4.924,0.56,29.54,444.77,419.75,25.02,311,300,11,458.17,5.83,0.03537
4695,Line_B,M08,Morning,L053,23.9,52.98,50.68,31.74,69.2,4.619,0.985,16.56,411.11,405.03,6.09,319,303,16,696.3,6.74,0.05016
4696,Line_C,M11,Night,L117,17.8,47.5,52.62,29.51,41.64,4.797,0.759,31.25,464.48,454.67,9.81,347,331,16,675.3,10.92,0.04611
4697,Line_B,M15,Night,L044,30.0,42.81,37.64,31.66,64.83,4.855,0.975,15.85,404.6,389.55,15.05,241,235,6,248.57,4.16,0.0249
4698,Line_B,M02,Evening,L077,7.1,50.87,58.31,29.7,45.61,5.813,0.521,30.5,444.14,432.72,11.42,331,315,16,695.09,6.18,0.04834
4699,Line_C,M13,Morning,L055,15.9,41.08,43.85,32.02,59.93,5.199,0.877,29.05,420.66,408.43,12.23,256,244,12,562.93,7.06,0.04688
4700,Line_C,M10,Morning,L049,18.0,50.58,52.09,30.66,62.73,4.633,1.088,10.73,415.29,404.61,10.68,368,348,20,905.22,10.51,0.05435
4701,Line_D,M16,Morning,L055,26.1,45.59,47.17,35.46,43.33,5.647,1.114,66.52,404.61,391.9,12.7,301,297,4,182.48,2.58,0.01329
4702,Line_B,M14,Morning,L026,21.5,47.5,48.86,26.44,71.82,5.527,0.873,19.42,381.73,367.47,14.26,285,275,10,498.27,7.93,0.03509
4703,Line_B,M15,Evening,L021,14.8,44.14,45.53,25.74,50.68,5.234,0.884,59.45,439.56,434.48,5.08,338,327,11,444.01,5.9,0.03254
4704,Line_B,M01,Night,L080,44.5,44.45,46.34,36.36,48.38,5.899,1.355,13.3,408.76,407.22,1.54,393,369,24,973.87,15.95,0.06107
4705,Line_A,M08,Morning,L011,18.4,55.54,59.85,28.02,28.62,5.268,0.895,92.05,429.35,417.8,11.55,351,340,11,466.05,5.06,0.03134
4706,Line_B,M15,Morning,L073,45.9,46.94,47.01,38.42,61.42,5.809,0.949,43.64,430.94,423.73,7.21,378,369,9,411.19,5.72,0.02381
4707,Line_A,M05,Morning,L037,10.2,44.67,44.99,33.2,54.41,4.836,0.664,3.49,406.48,405.07,1.41,268,263,5,260.89,2.91,0.01866
4708,Line_B,M05,Night,L001,16.2,46.2,45.59,28.27,52.02,5.964,0.921,52.53,429.5,422.64,6.86,382,371,11,376.59,7.48,0.0288
4709,Line_A,M11,Morning,L041,21.3,32.48,33.16,35.78,73.98,5.067,0.976,64.19,399.71,394.31,5.41,381,363,18,837.76,7.7,0.04724
4710,Line_B,M06,Evening,L077,23.5,46.6,47.27,31.41,61.2,4.868,0.703,41.51,453.46,430.96,22.5,374,362,12,531.62,5.92,0.03209
4711,Line_D,M10,Morning,L075,11.5,50.91,53.82,31.72,76.06,6.095,0.938,27.28,397.47,393.25,4.22,346,322,24,962.73,12.19,0.06936
4712,Line_A,M07,Evening,L083,26.2,48.53,49.19,24.61,54.67,5.636,1.048,18.77,431.12,428.24,2.88,378,372,6,180.69,4.31,0.01587
4713,Line_C,M08,Morning,L025,33.6,51.66,54.82,31.65,76.96,5.37,1.054,7.94,415.33,392.92,22.4,299,274,25,1011.48,13.8,0.08361
4714,Line_D,M03,Night,L102,9.2,52.19,50.59,33.4,50.36,4.918,1.298,24.14,405.93,392.02,13.91,339,321,18,761.7,11.58,0.0531
4715,Line_C,M14,Evening,L097,19.4,41.68,42.21,31.54,49.05,5.55,0.584,28.4,398.79,389.81,8.98,382,363,19,1029.2,11.26,0.04974
4716,Line_A,M02,Morning,L056,44.9,53.09,56.88,32.42,47.07,4.972,0.623,22.88,418.71,409.36,9.35,196,195,1,37.58,0.61,0.0051
4717,Line_B,M03,Morning,L003,24.8,55.11,56.27,35.52,68.13,5.218,0.918,5.3,470.0,460.06,9.94,251,247,4,153.49,1.12,0.01594
4718,Line_C,M04,Night,L065,84.0,45.82,48.41,27.31,60.28,4.862,0.581,42.95,415.44,386.63,28.81,217,204,13,634.17,7.84,0.05991
4719,Line_B,M05,Evening,L045,21.6,56.77,57.15,30.51,48.99,4.925,1.07,35.61,410.31,393.21,17.1,191,185,6,236.45,4.05,0.03141
4720,Line_A,M01,Evening,L047,19.4,50.6,51.36,27.05,57.74,5.28,0.921,23.85,409.36,394.28,15.08,380,369,11,384.94,6.32,0.02895
4721,Line_B,M16,Night,L080,10.9,52.19,45.58,26.48,40.44,5.49,0.946,22.83,385.35,384.71,0.65,324,314,10,406.51,5.27,0.03086
4722,Line_C,M10,Night,L044,35.5,42.63,45.74,27.13,47.72,4.943,0.527,41.26,430.77,426.1,4.67,233,218,15,741.22,6.04,0.06438
4723,Line_A,M08,Night,L026,3.2,44.83,46.7,30.05,61.95,4.94,1.224,40.74,418.85,410.78,8.06,302,282,20,828.69,14.39,0.06623
4724,Line_C,M03,Morning,L042,9.4,45.63,48.69,30.47,56.87,5.286,0.983,5.9,439.08,430.12,8.96,322,304,18,781.78,8.17,0.0559
4725,Line_A,M11,Evening,L103,35.0,48.49,51.99,34.51,54.14,5.367,0.691,58.33,420.93,417.39,3.55,208,196,12,477.07,6.2,0.05769
4726,Line_B,M02,Evening,L074,41.0,38.74,38.07,24.85,55.54,4.966,0.969,13.93,384.2,376.77,7.43,185,181,4,156.04,2.35,0.02162
4727,Line_D,M05,Night,L039,34.0,45.9,48.21,32.9,56.11,4.82,1.101,131.16,402.84,390.99,11.85,255,235,20,877.85,12.69,0.07843
4728,Line_A,M10,Evening,L025,15.9,50.72,50.46,27.77,40.08,5.561,0.997,25.04,393.35,393.08,0.28,411,402,9,384.11,3.05,0.0219
4729,Line_C,M16,Evening,L100,17.7,50.92,56.3,35.64,79.18,5.611,1.068,54.73,426.81,423.19,3.62,213,197,16,674.08,8.4,0.07512
4730,Line_B,M10,Morning,L071,40.0,43.71,42.89,26.46,58.46,4.838,0.641,74.49,396.9,385.81,11.09,356,342,14,539.49,8.79,0.03933
4731,Line_B,M08,Night,L017,41.3,42.7,47.4,28.03,43.52,4.937,1.053,28.14,417.39,408.64,8.75,285,263,22,987.91,10.74,0.07719
4732,Line_D,M11,Evening,L109,20.2,51.25,54.64,28.66,35.38,5.181,0.759,48.31,449.84,438.91,10.93,292,287,5,191.57,2.68,0.01712
4733,Line_B,M12,Night,L068,4.3,51.47,53.41,36.8,41.67,5.282,0.438,79.39,404.75,399.98,4.77,293,278,15,731.87,7.07,0.05119
4734,Line_A,M09,Evening,L097,18.9,50.09,51.49,30.06,49.62,4.645,0.834,25.14,406.81,387.07,19.74,212,198,14,489.17,9.78,0.06604
4735,Line_D,M06,Night,L077,13.2,48.66,52.14,34.42,53.64,5.323,1.34,44.13,456.38,452.87,3.51,304,287,17,566.48,10.86,0.05592
4736,Line_C,M15,Night,L059,32.0,41.77,38.65,33.12,54.16,5.237,0.906,37.41,433.75,430.51,3.24,278,256,22,971.2,12.3,0.07914
4737,Line_C,M05,Morning,L113,9.4,44.99,45.55,29.12,49.89,5.454,1.062,27.84,395.03,381.13,13.9,380,366,14,553.87,8.87,0.03684
4738,Line_A,M02,Morning,L083,7.1,44.68,45.71,36.78,66.1,4.686,0.704,21.72,376.53,375.23,1.3,252,240,12,515.68,7.7,0.04762
4739,Line_A,M05,Night,L005,14.1,55.47,55.34,34.23,62.25,5.204,0.932,35.57,404.36,398.1,6.25,381,371,10,452.57,5.53,0.02625
4740,Line_C,M13,Evening,L119,6.8,40.35,43.96,27.13,64.63,5.023,0.829,32.19,399.13,367.02,32.11,230,211,19,771.16,10.15,0.08261
4741,Line_A,M02,Morning,L002,43.4,43.1,44.06,35.24,56.52,4.633,0.895,80.5,470.0,453.56,16.44,382,372,10,387.38,2.59,0.02618
4742,Line_A,M07,Evening,L102,20.8,54.43,59.64,32.61,49.42,5.435,1.015,20.41,419.0,415.96,3.04,220,216,4,203.12,1.28,0.01818
4743,Line_C,M01,Evening,L113,33.1,54.15,61.26,32.63,60.84,5.434,0.667,52.31,428.98,413.06,15.92,211,202,9,361.54,5.08,0.04265
4744,Line_B,M15,Morning,L009,24.4,48.13,52.72,36.22,37.25,4.665,1.157,45.24,417.01,394.88,22.13,358,345,13,597.4,8.36,0.03631
4745,Line_A,M06,Night,L024,20.6,47.0,47.76,25.97,68.08,5.45,1.243,52.02,462.66,425.9,36.76,295,282,13,581.26,5.79,0.04407
4746,Line_A,M04,Morning,L113,30.9,48.34,54.42,35.31,38.13,4.933,0.793,30.9,430.43,415.97,14.46,306,291,15,544.34,4.52,0.04902
4747,Line_B,M12,Evening,L009,37.6,51.95,54.8,30.56,51.46,4.881,1.183,25.33,420.87,419.14,1.73,408,393,15,621.63,11.29,0.03676
4748,Line_C,M16,Night,L066,35.3,44.67,46.04,36.52,56.94,5.541,1.054,104.65,393.71,386.25,7.46,270,250,20,779.51,16.39,0.07407
4749,Line_D,M01,Night,L028,38.3,42.25,42.39,28.17,47.71,4.761,1.195,18.85,401.17,397.55,3.63,348,337,11,404.07,3.6,0.03161
4750,Line_A,M14,Morning,L044,8.8,47.61,51.53,35.64,41.46,5.181,1.103,35.44,424.81,419.14,5.67,262,259,3,139.67,1.11,0.01145
4751,Line_A,M07,Morning,L041,52.9,46.14,49.36,28.43,56.06,5.395,0.823,32.11,450.8,443.92,6.88,333,332,1,39.86,0.74,0.003
4752,Line_C,M03,Morning,L085,14.5,47.75,48.19,29.77,51.32,5.425,0.639,51.09,442.32,437.16,5.16,209,204,5,187.99,2.97,0.02392
4753,Line_B,M02,Morning,L019,21.0,44.02,51.14,31.41,54.16,4.663,0.961,31.36,415.24,395.98,19.26,272,262,10,416.02,4.89,0.03676
4754,Line_B,M07,Morning,L107,17.3,56.45,52.59,38.21,63.32,4.802,0.558,44.49,404.32,399.75,4.57,393,378,15,695.88,7.2,0.03817
4755,Line_D,M04,Night,L092,20.1,40.68,38.69,27.21,63.53,5.368,1.136,36.33,418.68,400.74,17.94,384,359,25,1015.35,15.6,0.0651
4756,Line_C,M04,Morning,L035,37.4,52.23,53.25,29.95,52.73,5.175,0.973,38.32,422.68,410.92,11.76,354,333,21,1030.14,11.88,0.05932
4757,Line_B,M03,Morning,L064,42.1,49.79,53.26,27.26,50.41,5.004,0.925,21.4,417.91,397.99,19.92,184,179,5,199.56,3.7,0.02717
4758,Line_D,M03,Evening,L016,47.8,48.25,51.94,25.68,49.29,4.251,0.838,86.15,422.01,404.62,17.39,218,212,6,249.54,4.13,0.02752
4759,Line_A,M13,Morning,L115,31.8,42.2,40.77,29.35,50.26,5.386,0.892,67.46,435.74,418.86,16.88,333,323,10,374.67,5.43,0.03003
4760,Line_D,M07,Morning,L019,20.2,47.62,48.71,38.65,55.49,5.498,1.048,34.49,408.61,397.91,10.71,254,246,8,334.83,4.76,0.0315
4761,Line_B,M13,Evening,L030,11.6,46.97,47.48,34.19,56.64,5.533,0.855,92.56,416.15,402.99,13.16,386,363,23,949.06,14.4,0.05959
4762,Line_B,M09,Evening,L074,21.0,54.27,56.69,30.44,54.54,5.217,1.371,30.92,430.74,410.67,20.07,384,355,29,1097.42,13.51,0.07552
4763,Line_D,M02,Evening,L054,25.4,52.22,48.21,31.49,54.62,5.476,0.868,29.51,402.19,399.1,3.09,391,380,11,530.78,4.26,0.02813
4764,Line_B,M07,Evening,L114,23.6,53.6,52.67,27.83,41.95,5.555,0.79,21.1,439.47,438.17,1.29,381,369,12,562.6,8.83,0.0315
4765,Line_B,M02,Evening,L042,13.6,48.4,50.35,27.78,61.81,4.998,0.784,10.63,434.54,415.62,18.92,359,346,13,415.83,4.79,0.03621
4766,Line_A,M06,Night,L091,31.9,52.73,52.49,26.24,45.63,5.609,0.698,10.93,421.29,419.21,2.09,267,261,6,245.61,3.03,0.02247
4767,Line_C,M14,Night,L020,25.7,40.27,43.63,28.26,55.34,5.468,0.909,54.97,438.89,401.68,37.21,388,370,18,752.08,8.5,0.04639
4768,Line_C,M06,Evening,L050,29.1,51.95,55.19,26.74,37.76,5.337,1.055,34.53,440.51,438.45,2.06,410,390,20,969.11,9.13,0.04878
4769,Line_A,M04,Night,L082,33.2,40.64,46.97,34.51,59.55,5.005,0.982,48.54,420.77,393.97,26.8,217,210,7,305.28,3.64,0.03226
4770,Line_C,M03,Morning,L056,13.5,48.15,51.52,35.16,38.36,4.898,0.951,17.66,417.58,411.91,5.67,220,213,7,308.72,4.21,0.03182
4771,Line_C,M03,Night,L016,12.9,55.13,59.36,24.66,49.49,5.27,0.819,39.79,393.71,367.16,26.55,217,204,13,421.84,7.62,0.05991
4772,Line_B,M04,Evening,L003,11.6,37.26,41.14,36.35,65.88,5.112,1.121,10.49,394.25,368.0,26.25,181,170,11,493.34,6.95,0.06077
4773,Line_A,M15,Evening,L059,31.7,44.96,51.06,35.09,65.0,5.061,0.781,25.29,409.9,405.88,4.02,310,307,3,139.33,1.83,0.00968
4774,Line_B,M09,Night,L040,42.2,46.88,47.53,27.18,36.29,5.373,1.014,8.65,440.71,415.6,25.1,219,209,10,353.77,4.14,0.04566
4775,Line_A,M13,Morning,L064,33.1,40.14,40.64,30.57,59.99,4.763,0.994,28.21,416.24,399.4,16.84,417,401,16,545.23,8.91,0.03837
4776,Line_A,M03,Morning,L043,28.4,47.3,50.25,31.49,43.07,4.859,1.198,40.17,431.05,419.07,11.98,213,203,10,432.12,7.43,0.04695
4777,Line_B,M10,Evening,L008,15.7,47.3,44.6,31.27,42.89,4.495,0.623,118.68,453.26,442.6,10.66,233,210,23,901.79,13.93,0.09871
4778,Line_A,M14,Evening,L035,16.8,49.03,48.57,27.5,55.87,5.483,0.929,82.1,425.69,405.19,20.5,319,311,8,278.9,4.18,0.02508
4779,Line_A,M13,Night,L063,11.3,43.58,43.97,30.54,50.79,4.898,0.867,85.34,401.16,377.88,23.28,370,342,28,1027.21,15.8,0.07568
4780,Line_C,M12,Evening,L053,19.9,44.24,42.8,34.41,63.05,5.335,1.009,41.44,441.78,407.65,34.13,183,175,8,389.33,6.51,0.04372
4781,Line_B,M13,Morning,L079,39.6,50.68,50.58,35.11,54.57,4.508,0.74,21.34,415.52,404.23,11.28,365,337,28,1219.42,17.01,0.07671
4782,Line_D,M16,Evening,L097,32.4,38.98,38.83,31.62,70.64,5.508,0.337,18.43,394.47,391.0,3.47,223,218,5,209.05,3.07,0.02242
4783,Line_D,M07,Morning,L117,9.9,43.9,44.58,31.37,48.75,4.726,1.328,61.67,411.68,380.39,31.29,228,217,11,564.72,5.57,0.04825
4784,Line_C,M06,Evening,L052,13.4,58.66,62.55,33.82,52.62,5.604,0.949,38.88,412.91,386.65,26.26,242,228,14,641.3,4.61,0.05785
4785,Line_D,M02,Evening,L043,15.6,48.59,46.63,32.04,59.47,6.259,0.777,64.59,432.47,430.73,1.73,297,288,9,357.79,5.8,0.0303
4786,Line_D,M03,Morning,L062,24.5,53.41,45.68,30.0,50.72,5.09,0.957,37.78,429.4,426.94,2.46,410,401,9,340.91,6.45,0.02195
4787,Line_B,M07,Evening,L073,42.3,48.06,50.75,25.78,43.84,5.726,0.979,39.05,399.15,364.15,35.0,326,316,10,392.87,4.94,0.03067
4788,Line_C,M02,Evening,L004,42.4,45.71,44.49,27.76,66.74,4.758,0.703,50.48,441.99,420.45,21.54,382,366,16,663.52,8.73,0.04188
4789,Line_A,M13,Night,L028,20.4,46.71,52.83,32.97,48.57,4.561,0.862,39.0,410.69,387.73,22.96,294,270,24,899.82,13.67,0.08163
4790,Line_C,M06,Evening,L050,15.3,45.46,48.49,25.5,32.07,4.723,0.383,21.8,445.19,423.38,21.8,377,361,16,551.19,10.52,0.04244
4791,Line_B,M06,Night,L107,18.7,45.46,52.7,29.83,57.46,5.228,0.819,54.91,386.49,380.99,5.5,401,377,24,962.84,9.76,0.05985
4792,Line_A,M15,Evening,L092,56.2,52.5,50.14,33.14,72.13,4.844,1.015,38.88,413.98,412.38,1.6,335,325,10,409.0,5.06,0.02985
4793,Line_A,M01,Evening,L035,41.1,50.3,51.35,29.79,47.01,5.063,0.758,7.07,406.28,401.51,4.77,366,359,7,292.91,3.35,0.01913
4794,Line_D,M10,Evening,L072,19.8,56.42,52.27,34.29,34.76,4.293,0.941,59.23,392.65,390.83,1.81,293,288,5,180.11,2.47,0.01706
4795,Line_B,M10,Night,L019,40.8,43.29,44.85,31.52,59.89,5.223,1.004,20.6,449.38,437.22,12.16,393,377,16,581.51,6.21,0.04071
4796,Line_A,M16,Morning,L039,15.7,53.13,53.32,33.57,55.67,5.748,0.946,25.73,407.23,400.87,6.37,250,246,4,144.6,1.84,0.016
4797,Line_A,M07,Evening,L044,20.7,53.59,49.08,30.31,55.33,5.674,1.169,57.99,444.32,442.26,2.05,400,396,4,168.47,2.41,0.01
4798,Line_B,M15,Morning,L072,10.7,45.15,38.77,23.75,53.5,4.868,0.895,17.13,437.28,433.22,4.05,191,182,9,385.58,4.99,0.04712
4799,Line_D,M11,Evening,L100,25.8,45.87,43.97,31.23,42.54,5.301,1.087,16.22,402.92,388.35,14.57,297,292,5,216.78,1.85,0.01684
4800,Line_C,M07,Evening,L052,27.5,46.54,47.0,33.31,59.68,4.578,1.527,46.94,429.33,425.86,3.47,369,337,32,1352.87,15.68,0.08672
4801,Line_B,M09,Morning,L111,18.6,48.75,51.33,29.76,43.46,4.641,0.64,36.14,444.03,417.36,26.67,381,359,22,887.81,13.4,0.05774
4802,Line_A,M08,Evening,L083,9.1,51.99,48.85,28.97,43.33,5.625,0.742,54.22,409.13,405.57,3.56,332,326,6,318.87,2.06,0.01807
4803,Line_A,M10,Evening,L090,35.1,57.42,64.58,21.23,55.17,5.74,0.942,49.09,431.43,403.68,27.75,408,403,5,217.97,2.52,0.01225
4804,Line_B,M05,Morning,L109,18.1,34.4,32.63,30.25,53.11,5.611,0.81,51.86,414.51,409.22,5.28,250,245,5,194.61,2.42,0.02
4805,Line_D,M06,Evening,L118,24.1,56.23,57.94,25.81,53.34,4.674,1.003,55.11,437.26,425.37,11.88,386,368,18,786.09,13.33,0.04663
4806,Line_C,M12,Night,L071,21.3,50.51,45.06,32.5,43.74,5.065,1.014,46.81,409.71,392.32,17.38,291,275,16,617.28,7.87,0.05498
4807,Line_B,M16,Evening,L017,32.2,50.32,46.25,25.03,54.44,5.988,0.717,21.58,408.83,399.08,9.74,362,344,18,817.41,7.63,0.04972
4808,Line_C,M10,Night,L102,49.2,48.15,52.62,30.18,27.76,5.226,1.034,23.47,448.31,439.26,9.05,391,370,21,929.37,8.64,0.05371
4809,Line_B,M06,Evening,L119,10.8,45.58,47.19,33.35,49.93,5.048,0.796,36.07,416.8,411.34,5.46,248,239,9,410.67,4.38,0.03629
4810,Line_C,M02,Morning,L059,18.6,40.06,43.39,30.56,56.93,5.858,0.873,56.9,436.97,423.63,13.33,403,392,11,446.79,5.12,0.0273
4811,Line_B,M16,Morning,L004,22.9,52.02,49.67,30.98,48.78,6.178,1.125,20.56,400.9,390.26,10.64,382,372,10,443.64,7.2,0.02618
4812,Line_C,M15,Morning,L118,19.1,46.76,46.74,30.76,51.87,6.218,0.918,46.71,405.12,403.2,1.91,386,372,14,561.29,5.03,0.03627
4813,Line_B,M04,Evening,L070,22.7,52.0,55.26,30.46,45.78,5.737,1.214,37.56,405.91,397.46,8.45,206,191,15,641.99,8.95,0.07282
4814,Line_D,M13,Morning,L057,12.1,46.23,49.96,34.85,48.62,4.564,0.924,41.24,400.18,365.87,34.31,223,207,16,647.67,11.73,0.07175
4815,Line_B,M11,Evening,L092,28.0,42.22,37.62,29.28,44.59,5.622,0.924,67.15,409.84,400.36,9.48,309,296,13,527.17,5.8,0.04207
4816,Line_A,M15,Night,L023,56.6,55.06,57.53,37.57,44.22,5.244,1.196,12.62,383.53,373.07,10.46,218,207,11,445.73,7.44,0.05046
4817,Line_A,M09,Morning,L043,16.5,53.21,60.4,31.87,57.05,5.447,0.902,43.18,423.53,404.71,18.82,400,381,19,914.24,9.25,0.0475
4818,Line_B,M04,Morning,L080,26.4,45.32,47.04,28.43,46.11,5.437,1.02,57.05,398.45,394.4,4.04,284,277,7,277.88,3.67,0.02465
4819,Line_C,M06,Night,L034,39.3,39.58,47.19,35.91,53.5,4.846,0.794,48.09,423.45,412.79,10.65,232,222,10,472.86,5.73,0.0431
4820,Line_C,M13,Morning,L116,26.6,48.19,51.27,27.9,47.15,4.725,0.757,11.82,405.78,377.16,28.62,349,329,20,813.02,12.99,0.05731
4821,Line_C,M04,Morning,L099,47.6,39.24,39.75,26.84,54.61,5.32,0.937,163.24,417.27,371.17,46.1,414,382,32,1342.85,16.1,0.07729
4822,Line_A,M11,Evening,L038,24.8,43.15,43.73,33.64,33.71,5.707,0.885,22.89,396.14,379.72,16.42,300,297,3,104.07,1.83,0.01
4823,Line_C,M14,Night,L117,15.8,44.91,42.33,28.72,62.99,4.703,1.086,21.54,415.1,411.89,3.21,255,235,20,859.48,13.87,0.07843
4824,Line_C,M02,Evening,L040,16.0,48.13,52.57,24.99,48.94,5.284,1.056,17.16,422.45,410.52,11.93,417,400,17,812.72,10.19,0.04077
4825,Line_B,M09,Morning,L033,25.9,51.43,49.13,29.66,55.13,5.707,0.907,36.75,407.46,389.03,18.42,194,189,5,206.16,3.1,0.02577
4826,Line_B,M05,Evening,L092,23.9,51.77,49.63,34.25,43.08,6.135,0.614,50.7,398.69,384.81,13.88,382,377,5,241.48,2.51,0.01309
4827,Line_A,M08,Evening,L093,47.9,49.76,49.06,32.91,47.17,5.083,0.872,67.41,412.17,385.45,26.72,271,267,4,211.13,1.33,0.01476
4828,Line_B,M04,Morning,L116,20.4,52.83,54.81,25.67,54.08,4.191,1.275,11.91,430.51,410.05,20.45,374,347,27,1233.67,16.0,0.07219
4829,Line_D,M06,Evening,L073,14.6,46.73,48.69,34.44,48.97,5.336,0.837,29.71,409.88,400.99,8.89,302,295,7,256.86,2.56,0.02318
4830,Line_D,M03,Evening,L050,28.8,45.27,47.54,33.47,33.76,5.159,0.248,24.73,425.38,418.48,6.9,336,327,9,380.36,3.71,0.02679
4831,Line_C,M07,Night,L051,21.0,53.4,56.58,27.64,53.34,5.51,1.548,25.8,425.88,416.44,9.43,247,228,19,841.23,8.71,0.07692
4832,Line_B,M11,Night,L073,20.3,49.43,50.96,24.78,48.79,5.109,1.26,45.29,402.1,397.59,4.52,318,287,31,1335.49,17.95,0.09748
4833,Line_C,M05,Night,L073,9.1,44.66,42.12,37.21,51.74,5.423,0.966,18.29,411.27,407.2,4.07,419,392,27,1160.55,15.95,0.06444
4834,Line_C,M14,Night,L014,30.7,47.72,46.97,32.61,56.13,5.515,0.812,20.48,407.9,398.52,9.38,367,349,18,663.0,12.74,0.04905
4835,Line_B,M10,Morning,L019,15.1,43.43,46.86,28.86,50.44,5.439,0.882,41.77,406.93,405.0,1.93,384,376,8,327.85,2.66,0.02083
4836,Line_D,M16,Evening,L053,23.0,50.63,49.55,31.91,46.5,5.674,0.944,74.92,412.85,403.28,9.56,207,196,11,454.72,7.68,0.05314
4837,Line_A,M11,Night,L059,21.9,43.63,46.28,29.54,40.84,5.382,1.147,10.52,406.37,395.96,10.4,380,365,15,591.34,9.04,0.03947
4838,Line_A,M04,Evening,L067,19.3,48.25,49.77,25.21,55.55,5.405,0.907,64.66,428.02,412.74,15.28,219,206,13,488.12,6.46,0.05936
4839,Line_A,M10,Morning,L106,36.6,48.11,48.07,30.26,52.19,5.186,0.909,7.89,454.25,445.88,8.37,182,181,1,50.16,0.58,0.00549
4840,Line_A,M11,Night,L004,13.2,52.84,48.25,30.87,45.51,4.497,1.274,60.1,388.36,374.67,13.7,293,274,19,800.62,11.86,0.06485
4841,Line_D,M08,Morning,L013,35.1,43.98,47.18,31.57,63.76,4.709,0.762,43.06,430.07,423.7,6.37,235,230,5,255.32,2.75,0.02128
4842,Line_B,M02,Morning,L095,29.8,39.88,41.34,29.69,37.84,5.253,0.821,19.82,402.28,386.9,15.38,254,248,6,259.31,4.42,0.02362
4843,Line_A,M03,Evening,L033,34.2,53.34,54.47,31.26,43.03,5.103,0.789,30.32,421.98,402.18,19.8,222,216,6,216.61,3.5,0.02703
4844,Line_B,M04,Morning,L076,13.2,50.7,50.79,38.69,55.63,5.281,0.762,23.51,398.74,390.22,8.53,268,244,24,1095.59,12.83,0.08955
4845,Line_B,M07,Evening,L021,11.9,57.39,59.5,30.35,45.99,4.812,0.994,9.96,429.47,421.62,7.85,265,255,10,381.89,6.56,0.03774
4846,Line_B,M14,Morning,L046,14.6,52.46,53.93,32.92,57.54,5.075,0.774,79.89,403.59,391.16,12.43,400,376,24,980.59,9.99,0.06
4847,Line_A,M01,Morning,L069,26.6,49.57,45.87,27.27,56.75,5.2,0.834,11.25,435.29,431.3,3.98,334,327,7,276.74,4.56,0.02096
4848,Line_C,M16,Morning,L118,18.8,48.83,48.05,28.82,53.29,5.733,0.843,17.16,403.77,399.75,4.02,189,177,12,621.11,4.87,0.06349
4849,Line_A,M09,Morning,L041,18.3,54.8,61.35,30.58,62.28,4.741,0.873,74.54,427.15,394.76,32.39,314,303,11,470.79,5.85,0.03503
4850,Line_C,M16,Evening,L026,28.2,49.22,43.55,30.72,54.36,5.269,0.751,89.32,425.01,421.82,3.18,232,220,12,560.49,7.43,0.05172
4851,Line_A,M11,Night,L013,35.0,49.73,43.09,31.18,51.57,5.391,1.228,68.79,409.86,404.5,5.36,211,203,8,346.63,3.89,0.03791
4852,Line_C,M08,Morning,L049,18.7,46.81,47.5,31.15,42.87,6.065,0.756,63.42,421.72,397.77,23.95,401,386,15,667.65,5.45,0.03741
4853,Line_D,M02,Evening,L070,48.1,53.46,59.75,31.78,35.14,4.534,0.798,94.38,388.89,379.65,9.24,216,205,11,399.82,5.27,0.05093
4854,Line_A,M12,Night,L046,45.0,53.05,52.29,30.23,56.26,5.225,1.181,22.09,446.63,445.16,1.47,358,332,26,1075.16,9.2,0.07263
4855,Line_A,M10,Evening,L003,14.8,45.9,53.87,29.87,71.65,5.416,0.713,76.66,404.32,392.14,12.18,272,258,14,596.38,6.56,0.05147
4856,Line_D,M06,Night,L047,16.6,43.64,43.16,30.77,33.87,5.14,0.574,44.02,424.84,419.1,5.74,328,318,10,499.65,4.95,0.03049
4857,Line_B,M14,Evening,L046,6.7,47.37,48.78,30.29,44.11,5.053,0.769,28.57,428.62,423.12,5.5,304,280,24,1060.93,9.13,0.07895
4858,Line_C,M12,Night,L043,27.8,46.06,46.17,30.88,26.85,5.55,1.284,54.82,470.0,468.32,1.68,325,307,18,750.81,9.97,0.05538
4859,Line_A,M05,Morning,L089,12.6,41.37,45.9,25.75,52.83,5.532,0.752,44.29,416.0,414.67,1.34,312,310,2,71.26,1.5,0.00641
4860,Line_A,M03,Evening,L104,9.9,44.37,44.15,30.43,55.22,4.959,0.887,59.3,451.81,442.88,8.93,380,375,5,229.6,2.75,0.01316
4861,Line_B,M11,Morning,L048,40.3,45.14,46.86,29.95,49.98,5.8,1.413,11.17,424.08,412.14,11.94,327,315,12,407.4,6.67,0.0367
4862,Line_D,M02,Night,L071,26.0,45.04,43.98,28.92,51.97,4.937,1.134,71.39,410.77,383.42,27.35,216,206,10,435.25,4.63,0.0463
4863,Line_A,M09,Morning,L065,39.9,51.18,51.17,28.54,60.32,5.433,1.107,137.46,465.38,454.69,10.69,196,189,7,280.86,2.01,0.03571
4864,Line_C,M16,Morning,L023,24.8,47.18,47.62,31.05,49.27,4.772,0.908,76.59,397.64,385.27,12.37,213,199,14,662.11,8.02,0.06573
4865,Line_C,M12,Evening,L012,20.1,51.01,51.16,27.58,58.23,5.214,0.752,1.0,412.54,406.39,6.15,303,287,16,716.58,8.81,0.05281
4866,Line_A,M05,Morning,L066,29.9,56.46,53.93,25.17,44.53,5.053,1.3,51.35,438.33,430.8,7.53,391,381,10,333.49,7.84,0.02558
4867,Line_B,M16,Morning,L017,17.4,50.2,60.01,32.21,50.36,5.209,1.063,70.17,416.06,393.95,22.11,399,381,18,908.91,11.77,0.04511
4868,Line_A,M15,Evening,L115,27.7,54.23,56.25,31.54,46.67,5.335,0.91,17.95,418.49,405.35,13.15,219,218,1,40.34,0.48,0.00457
4869,Line_B,M08,Morning,L057,49.6,52.26,54.23,28.22,43.3,5.181,0.527,33.11,466.69,461.53,5.16,272,268,4,162.4,2.34,0.01471
4870,Line_C,M01,Morning,L035,7.8,51.65,51.89,27.61,62.18,5.319,0.608,34.13,402.94,398.97,3.97,249,241,8,303.99,3.26,0.03213
4871,Line_B,M15,Evening,L061,47.0,59.54,63.48,37.46,54.82,5.69,0.9,60.14,423.23,404.24,18.98,381,362,19,754.38,9.3,0.04987
4872,Line_A,M14,Morning,L024,29.5,50.88,53.79,37.19,48.91,5.279,1.014,39.56,414.79,411.02,3.77,319,314,5,212.3,1.97,0.01567
4873,Line_C,M16,Evening,L086,29.9,50.04,49.48,34.36,63.62,5.163,0.651,9.54,408.29,403.77,4.52,227,215,12,479.58,6.09,0.05286
4874,Line_C,M15,Morning,L010,12.8,46.46,49.81,29.03,55.28,5.583,0.894,9.64,402.2,385.19,17.01,381,364,17,795.72,9.91,0.04462
4875,Line_B,M08,Evening,L048,28.0,49.66,47.1,31.05,38.55,6.207,1.05,16.0,470.0,466.25,3.75,363,354,9,383.23,2.99,0.02479
4876,Line_C,M01,Evening,L044,36.9,42.42,45.35,24.8,60.98,5.189,1.053,55.34,432.4,426.8,5.6,286,276,10,479.42,6.33,0.03497
4877,Line_A,M07,Evening,L067,40.7,45.32,46.45,24.04,60.97,5.16,0.698,45.33,417.3,404.86,12.43,291,287,4,174.7,3.29,0.01375
4878,Line_C,M07,Evening,L098,26.9,51.82,58.11,30.97,67.37,4.766,1.326,48.12,410.17,394.17,16.01,199,184,15,630.57,6.87,0.07538
4879,Line_B,M05,Evening,L050,24.1,52.18,56.46,36.08,60.54,5.67,1.034,21.61,399.95,374.62,25.33,242,231,11,427.96,5.16,0.04545
4880,Line_B,M13,Evening,L104,7.1,48.98,48.29,32.79,40.54,5.593,0.939,54.91,397.12,382.17,14.95,209,191,18,717.6,6.66,0.08612
4881,Line_A,M13,Evening,L063,17.2,40.91,43.08,31.41,38.61,5.558,0.637,78.94,442.29,423.78,18.51,341,323,18,715.24,8.08,0.05279
4882,Line_C,M01,Morning,L035,23.6,44.01,47.05,37.33,39.57,4.969,1.046,17.79,439.76,436.83,2.92,223,218,5,221.38,3.11,0.02242
4883,Line_C,M15,Evening,L116,15.2,52.13,56.9,32.44,56.04,5.371,0.639,5.87,432.03,411.97,20.06,221,214,7,345.65,4.04,0.03167
4884,Line_B,M05,Morning,L021,6.4,47.15,48.22,31.05,39.3,4.55,0.842,17.29,401.07,399.33,1.74,301,288,13,591.05,6.38,0.04319
4885,Line_D,M03,Evening,L065,44.8,53.44,56.57,30.58,57.19,5.024,1.206,43.24,420.89,401.32,19.56,184,182,2,97.39,1.43,0.01087
4886,Line_D,M05,Evening,L104,14.3,44.74,41.57,27.58,40.17,4.977,1.043,45.72,423.99,419.92,4.07,389,378,11,519.3,7.53,0.02828
4887,Line_A,M02,Night,L063,28.4,43.04,45.25,23.15,40.79,5.226,0.952,19.03,430.49,427.19,3.3,341,331,10,383.53,3.93,0.02933
4888,Line_C,M03,Evening,L075,14.6,41.64,44.83,37.46,48.87,4.739,0.62,75.05,439.76,416.8,22.96,400,377,23,1003.78,10.02,0.0575
4889,Line_B,M05,Night,L003,12.4,52.93,50.71,27.84,65.12,4.944,0.956,64.71,401.79,378.83,22.96,341,325,16,678.46,10.37,0.04692
4890,Line_D,M02,Night,L028,9.6,53.29,56.29,28.86,38.78,5.113,1.098,43.32,409.94,394.7,15.25,375,361,14,522.93,5.55,0.03733
4891,Line_A,M03,Morning,L029,17.7,41.72,38.29,31.67,46.81,5.164,0.854,1.62,411.89,393.72,18.17,341,339,2,72.32,1.29,0.00587
4892,Line_B,M04,Evening,L029,47.6,46.53,46.23,33.16,41.7,4.788,0.744,126.41,439.98,413.76,26.22,236,215,21,1065.42,16.54,0.08898
4893,Line_B,M13,Morning,L085,32.3,47.76,46.55,32.53,63.7,5.652,0.958,27.32,405.61,392.42,13.18,353,340,13,560.25,7.19,0.03683
4894,Line_A,M04,Morning,L052,18.9,44.6,46.25,29.91,51.33,5.218,0.613,52.36,399.81,379.07,20.73,247,233,14,582.17,7.78,0.05668
4895,Line_C,M15,Night,L119,24.6,52.54,50.75,27.69,43.12,5.416,0.865,6.03,430.72,404.19,26.54,345,323,22,807.92,8.52,0.06377
4896,Line_B,M16,Night,L070,24.3,56.28,55.49,32.8,55.59,4.929,0.999,69.84,413.8,389.12,24.68,338,322,16,616.23,12.07,0.04734
4897,Line_A,M06,Morning,L010,42.0,47.15,50.45,31.08,40.33,5.485,0.948,32.06,443.08,431.87,11.21,193,191,2,73.66,1.13,0.01036
4898,Line_B,M01,Evening,L056,18.8,53.91,62.13,29.64,37.25,5.024,1.134,9.88,424.37,412.74,11.63,249,239,10,486.4,4.44,0.04016
4899,Line_D,M05,Night,L074,23.5,46.19,47.95,34.92,60.49,5.167,0.766,20.98,424.08,417.02,7.06,390,370,20,741.25,13.79,0.05128
4900,Line_D,M03,Morning,L047,13.8,50.43,53.78,31.08,56.28,5.22,0.935,41.38,438.69,436.1,2.6,311,304,7,310.69,5.19,0.02251
4901,Line_B,M01,Evening,L062,27.2,53.14,51.57,32.33,63.34,5.38,0.764,26.85,404.25,376.07,28.18,346,340,6,252.11,2.7,0.01734
4902,Line_B,M13,Morning,L020,34.6,56.78,59.35,23.1,39.9,5.009,0.882,58.9,407.99,403.0,4.99,397,386,11,423.92,6.21,0.02771
4903,Line_A,M02,Evening,L042,39.9,49.77,48.2,36.17,45.93,5.849,0.979,45.01,427.17,422.17,5.0,181,180,1,43.92,0.59,0.00552
4904,Line_D,M13,Morning,L011,41.5,49.71,47.12,32.12,42.14,5.048,0.976,50.83,426.97,416.38,10.59,234,220,14,495.68,5.07,0.05983
4905,Line_C,M11,Morning,L076,16.0,52.23,53.06,33.48,37.86,5.339,0.556,31.1,401.18,384.01,17.17,216,211,5,208.67,2.13,0.02315
4906,Line_C,M08,Morning,L048,33.3,52.71,52.33,29.04,59.19,5.636,1.299,8.44,416.37,405.79,10.58,301,286,15,593.58,9.67,0.04983
4907,Line_D,M06,Night,L071,23.0,43.3,45.23,27.8,45.19,4.526,1.57,40.68,410.99,403.97,7.02,229,218,11,523.45,7.81,0.04803
4908,Line_A,M07,Morning,L063,33.7,52.31,58.56,30.35,50.33,4.306,0.984,15.65,448.17,443.64,4.53,418,409,9,344.21,4.98,0.02153
4909,Line_C,M05,Morning,L040,18.5,48.51,51.61,28.11,58.96,5.568,0.57,15.23,414.19,408.25,5.93,273,265,8,323.44,5.29,0.0293
4910,Line_A,M06,Evening,L106,41.2,50.77,53.93,31.35,51.15,5.151,0.684,17.75,408.55,399.47,9.08,261,258,3,130.5,1.71,0.01149
4911,Line_A,M05,Evening,L099,48.0,39.93,40.43,31.37,54.03,5.824,0.455,47.36,418.79,416.99,1.8,298,297,1,48.02,0.38,0.00336
4912,Line_B,M16,Morning,L066,9.9,45.52,49.26,29.01,46.96,4.937,0.816,31.57,415.9,406.36,9.54,363,349,14,526.66,11.05,0.03857
4913,Line_B,M15,Evening,L115,18.9,52.52,51.32,33.19,55.09,5.666,0.74,17.08,411.27,402.03,9.24,189,182,7,274.02,3.93,0.03704
4914,Line_D,M14,Evening,L042,8.6,44.73,48.47,30.29,60.22,5.106,0.765,119.14,372.51,366.64,5.87,414,392,22,876.92,8.38,0.05314
4915,Line_B,M14,Morning,L039,27.3,58.23,57.09,30.77,47.19,5.102,0.644,58.16,455.13,445.01,10.12,230,221,9,387.7,3.86,0.03913
4916,Line_D,M05,Night,L029,18.2,46.6,53.74,30.31,58.52,4.932,0.442,134.52,403.61,363.15,40.45,285,272,13,626.77,5.17,0.04561
4917,Line_C,M14,Night,L021,38.1,44.72,48.19,26.86,46.51,5.609,1.024,130.85,395.84,384.63,11.22,202,188,14,591.26,8.94,0.06931
4918,Line_C,M08,Morning,L011,1.3,48.47,47.12,29.67,55.72,5.048,1.197,12.17,419.13,409.69,9.44,231,219,12,506.7,6.98,0.05195
4919,Line_D,M03,Morning,L089,30.5,50.64,52.3,32.95,26.42,5.578,0.787,99.19,421.07,383.97,37.1,209,200,9,376.54,5.15,0.04306
4920,Line_B,M12,Evening,L112,34.8,52.28,56.85,25.5,44.3,5.31,0.95,26.25,436.88,426.77,10.12,233,228,5,213.2,3.07,0.02146
4921,Line_B,M16,Night,L075,13.9,47.92,48.77,33.36,40.71,5.78,0.922,10.34,461.84,444.48,17.36,319,304,15,558.67,7.66,0.04702
4922,Line_A,M14,Night,L024,33.3,45.24,43.93,36.32,54.17,4.779,1.059,38.28,416.36,406.77,9.59,285,278,7,280.08,5.2,0.02456
4923,Line_A,M01,Night,L080,25.3,56.55,58.24,34.52,62.94,5.127,0.49,46.31,445.95,442.65,3.3,382,371,11,476.4,5.57,0.0288
4924,Line_D,M02,Night,L090,16.2,44.3,47.0,24.39,51.33,5.129,0.987,55.74,417.88,401.85,16.03,332,316,16,809.71,7.98,0.04819
4925,Line_B,M03,Morning,L113,30.7,53.39,57.29,28.62,66.1,5.291,1.233,19.6,428.16,401.37,26.79,225,216,9,438.52,2.47,0.04
4926,Line_B,M16,Night,L022,23.0,44.22,46.86,33.39,62.49,5.63,0.874,37.32,410.41,404.33,6.08,280,270,10,476.86,5.76,0.03571
4927,Line_A,M09,Night,L079,34.8,46.91,51.22,24.85,53.64,6.022,1.137,75.46,415.73,381.64,34.09,294,278,16,713.79,10.88,0.05442
4928,Line_B,M14,Evening,L008,10.5,43.73,47.84,26.54,47.26,5.535,1.106,80.61,423.06,395.81,27.26,316,300,16,822.4,8.05,0.05063
4929,Line_C,M03,Evening,L066,20.2,41.93,47.13,33.14,50.18,5.313,0.976,24.18,426.96,409.61,17.34,317,305,12,526.14,3.84,0.03785
4930,Line_B,M09,Night,L055,15.2,48.53,46.68,25.53,64.07,5.057,0.935,48.15,426.4,412.65,13.75,373,349,24,940.88,13.23,0.06434
4931,Line_C,M06,Morning,L030,13.2,47.69,47.38,32.05,65.08,4.599,0.931,57.87,383.53,375.84,7.69,276,263,13,629.9,6.68,0.0471
4932,Line_C,M09,Morning,L101,47.0,54.01,53.88,31.51,47.66,5.255,0.479,51.01,407.15,374.2,32.95,361,341,20,701.45,13.11,0.0554
4933,Line_D,M11,Morning,L104,16.5,48.43,47.69,34.79,60.27,5.159,0.735,53.06,401.71,392.45,9.26,411,400,11,487.1,4.1,0.02676
4934,Line_A,M09,Evening,L044,14.2,54.92,52.69,35.17,54.65,5.051,0.919,40.48,415.62,401.92,13.71,259,243,16,686.08,8.39,0.06178
4935,Line_C,M02,Night,L094,9.5,51.7,54.0,27.31,45.14,5.308,0.735,46.19,406.09,399.33,6.76,342,321,21,986.61,13.04,0.0614
4936,Line_A,M14,Evening,L076,25.7,52.7,49.46,26.89,66.57,5.331,0.441,50.09,388.7,372.26,16.44,240,236,4,120.0,1.81,0.01667
4937,Line_B,M15,Evening,L015,25.8,55.37,56.08,35.19,49.74,4.71,0.806,23.91,417.25,415.15,2.1,293,282,11,464.81,5.52,0.03754
4938,Line_C,M09,Evening,L059,17.1,44.59,53.29,29.49,64.4,5.055,0.565,47.37,431.68,363.19,68.49,362,343,19,794.77,10.48,0.05249
4939,Line_C,M03,Morning,L048,8.9,40.72,38.76,28.95,52.77,5.567,0.84,31.6,438.73,426.85,11.88,392,370,22,787.8,12.32,0.05612
4940,Line_A,M14,Morning,L087,31.3,48.01,48.78,29.84,55.57,4.422,0.804,33.35,434.73,421.17,13.56,316,311,5,195.49,1.39,0.01582
4941,Line_D,M10,Morning,L036,5.6,40.1,39.23,30.13,46.65,5.842,1.138,14.48,420.02,411.58,8.44,383,374,9,364.43,2.25,0.0235
4942,Line_A,M14,Night,L052,16.0,47.77,47.58,25.67,50.42,5.125,1.293,18.55,423.15,418.32,4.83,385,369,16,776.17,6.96,0.04156
4943,Line_C,M10,Morning,L090,22.4,41.9,41.93,30.18,54.17,5.216,0.507,32.27,428.94,422.93,6.01,398,386,12,474.14,4.41,0.03015
4944,Line_D,M12,Morning,L014,49.7,51.27,47.28,28.7,57.15,5.109,0.814,31.21,410.79,408.82,1.97,250,247,3,132.67,1.84,0.012
4945,Line_C,M13,Evening,L070,5.4,53.23,60.82,28.87,55.68,5.97,0.831,13.25,420.15,408.48,11.67,260,248,12,406.52,8.83,0.04615
4946,Line_D,M01,Evening,L017,29.0,55.22,54.24,25.32,45.2,5.47,0.999,12.81,408.36,398.53,9.83,415,395,20,949.59,7.66,0.04819
4947,Line_C,M04,Evening,L004,7.8,49.25,52.83,30.42,45.82,5.126,0.941,33.06,436.22,402.84,33.38,225,208,17,791.74,7.46,0.07556
4948,Line_D,M08,Evening,L011,14.0,58.62,60.18,33.51,43.53,5.193,0.556,65.47,431.57,414.91,16.67,410,394,16,673.03,11.33,0.03902
4949,Line_C,M12,Evening,L013,35.7,45.5,45.79,26.89,43.36,4.954,1.047,21.76,426.74,416.72,10.02,367,349,18,682.9,8.2,0.04905
4950,Line_C,M05,Evening,L037,9.0,48.72,43.63,31.53,60.31,5.677,1.077,9.76,399.69,374.83,24.86,182,179,3,117.68,1.36,0.01648
4951,Line_A,M08,Morning,L082,35.0,48.17,45.42,33.54,55.72,4.834,0.548,16.85,415.12,412.27,2.85,305,300,5,150.0,3.08,0.01639
4952,Line_C,M01,Evening,L090,19.2,54.83,53.01,32.67,58.92,5.646,0.678,33.26,391.05,385.71,5.34,226,219,7,257.09,4.63,0.03097
4953,Line_A,M11,Evening,L037,17.9,44.36,46.46,34.78,42.72,5.302,0.906,97.61,416.27,402.79,13.48,414,399,15,655.38,6.63,0.03623
4954,Line_D,M11,Morning,L108,24.6,41.48,39.13,34.17,49.51,4.692,1.165,88.07,371.17,365.87,5.3,379,356,23,994.53,10.35,0.06069
4955,Line_A,M09,Night,L074,21.7,44.64,47.48,28.93,60.9,5.096,0.87,48.75,414.0,401.74,12.26,192,184,8,329.06,3.3,0.04167
4956,Line_A,M09,Night,L027,13.2,43.49,43.52,31.58,72.55,4.896,1.116,22.38,405.97,387.7,18.27,386,359,27,1350.08,20.04,0.06995
4957,Line_D,M16,Evening,L116,28.0,50.77,44.12,35.85,54.93,5.545,1.212,88.26,416.07,398.25,17.82,241,227,14,627.19,9.29,0.05809
4958,Line_A,M01,Night,L082,27.5,45.61,46.74,24.61,38.05,4.588,0.757,7.39,423.75,417.91,5.84,181,173,8,375.44,5.28,0.0442
4959,Line_B,M12,Night,L011,12.9,48.32,48.82,24.36,45.65,5.13,0.5,18.39,420.84,418.56,2.27,214,200,14,683.96,7.18,0.06542
4960,Line_C,M10,Morning,L087,12.6,44.45,44.89,29.77,47.81,4.832,0.855,39.22,440.04,434.52,5.52,276,263,13,634.02,6.38,0.0471
4961,Line_A,M08,Evening,L005,44.9,41.13,42.8,33.35,49.76,5.536,0.877,39.83,403.53,391.87,11.66,385,381,4,146.83,2.31,0.01039
4962,Line_A,M04,Morning,L025,20.6,45.34,46.12,28.74,46.59,5.013,0.899,34.14,435.55,414.62,20.92,353,342,11,463.95,6.54,0.03116
4963,Line_B,M15,Night,L099,48.2,58.52,59.29,26.31,57.69,5.085,0.948,20.75,443.58,433.35,10.23,394,381,13,563.48,8.77,0.03299
4964,Line_A,M15,Evening,L054,49.8,41.56,46.1,30.9,65.64,5.528,0.988,15.88,395.35,366.2,29.15,215,209,6,308.06,4.11,0.02791
4965,Line_A,M06,Evening,L068,45.8,48.84,53.64,33.69,44.99,4.856,1.125,82.48,427.42,415.11,12.31,199,195,4,196.91,2.32,0.0201
4966,Line_A,M12,Evening,L079,46.6,49.72,54.04,33.97,66.87,5.289,1.049,51.81,412.92,407.27,5.65,381,371,10,498.55,6.3,0.02625
4967,Line_B,M02,Evening,L034,33.8,46.66,47.41,31.59,25.0,4.886,1.129,48.64,412.38,404.84,7.54,278,268,10,439.2,5.23,0.03597
4968,Line_B,M01,Morning,L110,26.3,46.74,51.14,27.41,65.01,5.558,0.959,58.52,390.1,372.97,17.13,305,300,5,220.7,3.14,0.01639
4969,Line_A,M16,Evening,L001,17.7,49.55,46.91,28.01,68.13,4.831,0.576,20.96,446.89,444.91,1.98,319,312,7,217.89,3.22,0.02194
4970,Line_C,M14,Morning,L111,15.2,47.63,51.51,32.41,65.7,5.161,0.46,47.76,439.15,431.24,7.9,380,371,9,280.09,5.43,0.02368
4971,Line_C,M01,Morning,L028,27.1,44.53,46.71,30.49,32.71,5.495,0.761,4.76,423.35,419.3,4.04,258,246,12,490.4,6.35,0.04651
4972,Line_A,M02,Morning,L094,8.1,49.81,52.59,28.67,71.7,5.011,1.006,31.42,398.59,393.07,5.52,374,361,13,505.14,8.21,0.03476
4973,Line_B,M03,Morning,L107,36.8,47.94,42.27,32.27,54.74,5.636,1.053,33.42,417.11,413.34,3.77,392,384,8,273.8,6.11,0.02041
4974,Line_D,M01,Evening,L023,19.6,45.26,46.63,30.47,57.22,4.912,0.716,40.91,427.88,425.44,2.44,217,212,5,203.32,3.14,0.02304
4975,Line_C,M06,Morning,L028,15.6,49.72,49.87,31.53,67.22,4.056,1.051,27.25,428.14,426.78,1.35,287,270,17,745.76,14.22,0.05923
4976,Line_B,M07,Morning,L064,18.4,51.37,52.83,37.48,36.33,4.865,1.073,50.48,429.0,419.1,9.9,215,206,9,336.18,5.13,0.04186
4977,Line_B,M11,Evening,L066,17.3,45.15,50.08,28.36,49.56,5.849,0.677,10.85,409.94,388.84,21.1,404,398,6,252.94,4.23,0.01485
4978,Line_A,M03,Morning,L077,6.9,38.7,41.92,27.02,54.19,4.816,0.328,7.71,422.65,407.73,14.92,230,228,2,96.32,1.33,0.0087
4979,Line_D,M15,Morning,L104,17.9,48.51,49.66,26.89,58.05,5.378,0.791,52.31,447.84,435.15,12.69,291,287,4,172.54,3.17,0.01375
4980,Line_D,M14,Evening,L107,19.2,45.89,45.39,29.75,46.36,6.186,0.974,12.9,419.06,414.56,4.5,341,331,10,364.13,3.54,0.02933
4981,Line_D,M12,Night,L035,24.7,51.45,58.03,33.41,55.66,4.907,0.703,68.87,399.23,385.41,13.82,184,178,6,264.2,3.28,0.03261
4982,Line_A,M16,Morning,L111,50.2,43.24,48.01,38.19,50.24,4.65,1.191,27.05,411.44,407.52,3.92,325,306,19,894.06,9.54,0.05846
4983,Line_B,M04,Morning,L058,23.7,49.27,51.45,41.58,66.92,5.259,0.964,16.57,416.08,398.37,17.71,274,250,24,973.52,10.59,0.08759
4984,Line_A,M13,Evening,L084,21.9,49.76,48.5,41.11,40.09,5.544,1.256,44.57,437.16,421.92,15.24,199,179,20,871.31,12.92,0.1005
4985,Line_B,M07,Night,L090,33.8,46.68,47.48,28.8,49.05,4.801,0.707,30.56,440.93,436.85,4.08,201,194,7,298.68,2.4,0.03483
4986,Line_B,M06,Night,L002,13.1,52.16,49.03,28.77,65.31,5.32,0.957,43.01,431.69,429.03,2.66,250,238,12,417.81,5.24,0.048
4987,Line_C,M11,Evening,L052,15.9,50.96,51.85,29.97,39.23,5.293,0.48,23.63,395.79,383.86,11.93,204,195,9,405.55,5.94,0.04412
4988,Line_A,M05,Morning,L058,15.1,58.99,62.38,29.19,54.76,4.632,0.909,11.51,438.04,432.62,5.42,376,367,9,382.0,4.89,0.02394
4989,Line_D,M01,Evening,L002,33.1,47.88,49.76,27.78,42.35,5.316,0.9,54.83,458.52,448.86,9.65,250,245,5,221.77,2.55,0.02
4990,Line_A,M06,Night,L113,18.2,46.65,43.88,28.68,63.38,5.525,0.924,34.3,409.9,407.74,2.16,384,373,11,573.5,7.59,0.02865
4991,Line_A,M13,Evening,L077,14.7,46.81,48.32,36.24,56.29,5.969,0.714,35.32,427.19,416.77,10.42,244,228,16,736.73,8.98,0.06557
4992,Line_D,M02,Morning,L102,42.4,54.92,54.89,33.61,43.12,5.064,0.523,68.71,429.61,415.09,14.52,264,259,5,248.38,1.25,0.01894
4993,Line_C,M14,Morning,L056,24.9,46.46,46.22,30.44,62.0,5.513,0.927,36.76,451.62,445.5,6.12,331,317,14,598.44,7.96,0.0423
4994,Line_B,M15,Evening,L022,19.5,45.22,46.19,35.06,52.91,4.933,0.695,29.16,422.3,413.12,9.18,398,387,11,480.2,4.48,0.02764
4995,Line_C,M08,Morning,L111,20.2,40.9,43.06,29.84,50.08,5.391,0.758,79.74,444.66,436.47,8.2,332,323,9,381.67,6.75,0.02711
4996,Line_A,M04,Evening,L069,13.5,55.05,54.8,30.38,62.77,5.03,0.624,3.24,457.06,433.25,23.8,211,202,9,323.96,4.43,0.04265
4997,Line_A,M13,Night,L098,15.3,45.59,45.56,33.14,64.9,4.838,1.036,76.43,434.8,425.65,9.15,245,234,11,526.47,8.15,0.0449
4998,Line_B,M05,Evening,L078,20.6,52.11,55.56,29.66,61.18,4.987,0.974,34.75,421.66,400.65,21.01,292,283,9,388.41,5.77,0.03082
4999,Line_B,M04,Morning,L087,22.6,51.32,51.74,24.96,53.71,4.454,1.517,47.51,415.71,403.83,11.88,235,221,14,547.96,9.68,0.05957
5000,Line_C,M12,Evening,L049,20.1,42.08,46.85,30.59,52.44,5.364,0.813,44.68,424.11,412.72,11.39,264,246,18,825.96,8.85,0.06818
