line,day,defect_rate,downtime,batches,mean_defect,std_defect,ucl,lcl,spc_breach
Line_A,1,0.035493970588235293,956.57,68,0.0325923578045239,0.002447983867589805,0.03993630940729331,0.025248406201754486,False
Line_A,2,0.032086760563380286,784.32,71,0.0325923578045239,0.002447983867589805,0.03993630940729331,0.025248406201754486,False
Line_A,3,0.03337277777777778,675.05,54,0.0325923578045239,0.002447983867589805,0.03993630940729331,0.025248406201754486,False
Line_A,4,0.029662749999999998,858.13,80,0.0325923578045239,0.002447983867589805,0.03993630940729331,0.025248406201754486,False
Line_A,5,0.034177384615384616,957.46,65,0.0325923578045239,0.002447983867589805,0.03993630940729331,0.025248406201754486,False
Line_A,6,0.03216227272727273,755.9,66,0.0325923578045239,0.002447983867589805,0.03993630940729331,0.025248406201754486,False
Line_A,7,0.030342876712328767,995.72,73,0.0325923578045239,0.002447983867589805,0.03993630940729331,0.025248406201754486,False
Line_A,8,0.0357553125,774.18,64,0.0325923578045239,0.002447983867589805,0.03993630940729331,0.025248406201754486,False
Line_A,9,0.032020405405405405,925.42,74,0.0325923578045239,0.002447983867589805,0.03993630940729331,0.025248406201754486,False
Line_A,10,0.031031351351351353,880.41,74,0.0325923578045239,0.002447983867589805,0.03993630940729331,0.025248406201754486,False
Line_A,11,0.03465629032258065,799.25,62,0.0325923578045239,0.002447983867589805,0.03993630940729331,0.025248406201754486,False
Line_A,12,0.03525765625,817.51,64,0.0325923578045239,0.002447983867589805,0.03993630940729331,0.025248406201754486,False
Line_A,13,0.031670389610389614,1008.72,77,0.0325923578045239,0.002447983867589805,0.03993630940729331,0.025248406201754486,False
Line_A,14,0.03399038461538462,1141.82,78,0.0325923578045239,0.002447983867589805,0.03993630940729331,0.025248406201754486,False
Line_A,15,0.030094313725490197,634.47,51,0.0325923578045239,0.002447983867589805,0.03993630940729331,0.025248406201754486,False
Line_A,16,0.034412739726027396,848.28,73,0.0325923578045239,0.002447983867589805,0.03993630940729331,0.025248406201754486,False
Line_A,17,0.03129082191780822,779.73,73,0.0325923578045239,0.002447983867589805,0.03993630940729331,0.025248406201754486,False
Line_A,18,0.03176045454545454,840.64,66,0.0325923578045239,0.002447983867589805,0.03993630940729331,0.025248406201754486,False
Line_A,19,0.03489894736842105,941.64,76,0.0325923578045239,0.002447983867589805,0.03993630940729331,0.025248406201754486,False
Line_A,20,0.032696891891891885,996.51,74,0.0325923578045239,0.002447983867589805,0.03993630940729331,0.025248406201754486,False
Line_A,21,0.03237157142857143,865.32,70,0.0325923578045239,0.002447983867589805,0.03993630940729331,0.025248406201754486,False
Line_A,22,0.034996933333333334,939.61,75,0.0325923578045239,0.002447983867589805,0.03993630940729331,0.025248406201754486,False
Line_A,23,0.037066756756756754,1075.35,74,0.0325923578045239,0.002447983867589805,0.03993630940729331,0.025248406201754486,False
Line_A,24,0.03142290322580645,696.42,62,0.0325923578045239,0.002447983867589805,0.03993630940729331,0.025248406201754486,False
Line_A,25,0.029940769230769233,878.31,65,0.0325923578045239,0.002447983867589805,0.03993630940729331,0.025248406201754486,False
Line_A,26,0.0313922077922078,916.05,77,0.0325923578045239,0.002447983867589805,0.03993630940729331,0.025248406201754486,False
Line_A,27,0.03484954545454545,804.77,66,0.0325923578045239,0.002447983867589805,0.03993630940729331,0.025248406201754486,False
Line_A,28,0.03307426666666667,949.38,75,0.0325923578045239,0.002447983867589805,0.03993630940729331,0.025248406201754486,False
Line_A,29,0.027783018867924527,793.49,53,0.0325923578045239,0.002447983867589805,0.03993630940729331,0.025248406201754486,False
Line_A,30,0.029599428571428568,750.62,70,0.0325923578045239,0.002447983867589805,0.03993630940729331,0.025248406201754486,False
Line_A,31,0.03101,840.87,71,0.0325923578045239,0.002447983867589805,0.03993630940729331,0.025248406201754486,False
Line_A,32,0.02808491525423729,757.63,59,0.0325923578045239,0.002447983867589805,0.03993630940729331,0.025248406201754486,False
Line_A,33,0.030498285714285714,793.76,70,0.0325923578045239,0.002447983867589805,0.03993630940729331,0.025248406201754486,False
Line_A,34,0.03153597014925373,728.0,67,0.0325923578045239,0.002447983867589805,0.03993630940729331,0.025248406201754486,False
Line_A,35,0.035755967741935485,651.72,62,0.0325923578045239,0.002447983867589805,0.03993630940729331,0.025248406201754486,False
Line_A,36,0.031319516129032256,730.72,62,0.0325923578045239,0.002447983867589805,0.03993630940729331,0.025248406201754486,False
Line_A,37,0.0363948,1008.47,75,0.0325923578045239,0.002447983867589805,0.03993630940729331,0.025248406201754486,False
Line_A,38,0.031590338983050845,811.49,59,0.0325923578045239,0.002447983867589805,0.03993630940729331,0.025248406201754486,False
Line_A,39,0.02991688524590164,663.59,61,0.0325923578045239,0.002447983867589805,0.03993630940729331,0.025248406201754486,False
Line_A,40,0.03339714285714286,810.52,70,0.0325923578045239,0.002447983867589805,0.03993630940729331,0.025248406201754486,False
Line_A,41,0.03450109589041096,978.13,73,0.0325923578045239,0.002447983867589805,0.03993630940729331,0.025248406201754486,False
Line_A,42,0.02896808219178082,983.1,73,0.0325923578045239,0.002447983867589805,0.03993630940729331,0.025248406201754486,False
Line_A,43,0.03187492753623188,866.91,69,0.0325923578045239,0.002447983867589805,0.03993630940729331,0.025248406201754486,False
Line_A,44,0.032414,883.51,70,0.0325923578045239,0.002447983867589805,0.03993630940729331,0.025248406201754486,False
Line_A,45,0.030931964285714285,635.14,56,0.0325923578045239,0.002447983867589805,0.03993630940729331,0.025248406201754486,False
Line_A,46,0.03019589285714286,697.98,56,0.0325923578045239,0.002447983867589805,0.03993630940729331,0.025248406201754486,False
Line_A,47,0.030196499999999998,1095.14,80,0.0325923578045239,0.002447983867589805,0.03993630940729331,0.025248406201754486,False
Line_A,48,0.0319712987012987,977.17,77,0.0325923578045239,0.002447983867589805,0.03993630940729331,0.025248406201754486,False
Line_A,49,0.034645333333333334,736.26,60,0.0325923578045239,0.002447983867589805,0.03993630940729331,0.025248406201754486,False
Line_A,50,0.033248714285714284,1005.22,70,0.0325923578045239,0.002447983867589805,0.03993630940729331,0.025248406201754486,False
Line_A,51,0.03588092307692308,834.2,65,0.0325923578045239,0.002447983867589805,0.03993630940729331,0.025248406201754486,False
Line_A,52,0.0310356,852.95,75,0.0325923578045239,0.002447983867589805,0.03993630940729331,0.025248406201754486,False
Line_A,53,0.03306848484848485,788.83,66,0.0325923578045239,0.002447983867589805,0.03993630940729331,0.025248406201754486,False
Line_A,54,0.0326936,1021.0799999999999,75,0.0325923578045239,0.002447983867589805,0.03993630940729331,0.025248406201754486,False
Line_A,55,0.03080666666666667,841.42,75,0.0325923578045239,0.002447983867589805,0.03993630940729331,0.025248406201754486,False
Line_A,56,0.03424205479452055,867.46,73,0.0325923578045239,0.002447983867589805,0.03993630940729331,0.025248406201754486,False
Line_A,57,0.033073424657534246,959.79,73,0.0325923578045239,0.002447983867589805,0.03993630940729331,0.025248406201754486,False
Line_A,58,0.03453950819672131,690.37,61,0.0325923578045239,0.002447983867589805,0.03993630940729331,0.025248406201754486,False
Line_A,59,0.03399673913043478,600.37,46,0.0325923578045239,0.002447983867589805,0.03993630940729331,0.025248406201754486,False
Line_A,60,0.036926393442622954,893.75,61,0.0325923578045239,0.002447983867589805,0.03993630940729331,0.025248406201754486,False
Line_A,61,0.03450140625,797.53,64,0.0325923578045239,0.002447983867589805,0.03993630940729331,0.025248406201754486,False
Line_A,62,0.03149826086956522,856.85,69,0.0325923578045239,0.002447983867589805,0.03993630940729331,0.025248406201754486,False
Line_A,63,0.03564017543859649,776.56,57,0.0325923578045239,0.002447983867589805,0.03993630940729331,0.025248406201754486,False
Line_A,64,0.030419382716049385,1018.43,81,0.0325923578045239,0.002447983867589805,0.03993630940729331,0.025248406201754486,False
Line_A,65,0.03356072463768116,786.29,69,0.0325923578045239,0.002447983867589805,0.03993630940729331,0.025248406201754486,False
Line_A,66,0.03083539682539683,609.42,63,0.0325923578045239,0.002447983867589805,0.03993630940729331,0.025248406201754486,False
Line_A,67,0.03127179104477612,672.64,67,0.0325923578045239,0.002447983867589805,0.03993630940729331,0.025248406201754486,False
Line_A,68,0.02984635135135135,864.55,74,0.0325923578045239,0.002447983867589805,0.03993630940729331,0.025248406201754486,False
Line_A,69,0.030328059701492535,837.02,67,0.0325923578045239,0.002447983867589805,0.03993630940729331,0.025248406201754486,False
Line_A,70,0.02963193548387097,671.78,62,0.0325923578045239,0.002447983867589805,0.03993630940729331,0.025248406201754486,False
Line_A,71,0.03347986111111111,808.28,72,0.0325923578045239,0.002447983867589805,0.03993630940729331,0.025248406201754486,False
Line_A,72,0.03134923076923077,770.08,65,0.0325923578045239,0.002447983867589805,0.03993630940729331,0.025248406201754486,False
Line_A,73,0.03165608108108108,869.42,74,0.0325923578045239,0.002447983867589805,0.03993630940729331,0.025248406201754486,False
Line_A,74,0.02958157142857143,907.82,70,0.0325923578045239,0.002447983867589805,0.03993630940729331,0.025248406201754486,False
Line_A,75,0.03334983606557377,667.67,61,0.0325923578045239,0.002447983867589805,0.03993630940729331,0.025248406201754486,False
Line_A,76,0.031208333333333338,791.73,66,0.0325923578045239,0.002447983867589805,0.03993630940729331,0.025248406201754486,False
Line_A,77,0.036187826086956525,841.09,69,0.0325923578045239,0.002447983867589805,0.03993630940729331,0.025248406201754486,False
Line_A,78,0.030321111111111108,785.01,63,0.0325923578045239,0.002447983867589805,0.03993630940729331,0.025248406201754486,False
Line_A,79,0.03476179104477612,807.87,67,0.0325923578045239,0.002447983867589805,0.03993630940729331,0.025248406201754486,False
Line_A,80,0.03340229508196721,746.25,61,0.0325923578045239,0.002447983867589805,0.03993630940729331,0.025248406201754486,False
Line_A,81,0.030923870967741934,758.94,62,0.0325923578045239,0.002447983867589805,0.03993630940729331,0.025248406201754486,False
Line_A,82,0.03627931506849315,962.9,73,0.0325923578045239,0.002447983867589805,0.03993630940729331,0.025248406201754486,False
Line_A,83,0.027051940298507465,779.52,67,0.0325923578045239,0.002447983867589805,0.03993630940729331,0.025248406201754486,False
Line_A,84,0.031828088235294115,766.14,68,0.0325923578045239,0.002447983867589805,0.03993630940729331,0.025248406201754486,False
Line_A,85,0.03494710144927536,777.76,69,0.0325923578045239,0.002447983867589805,0.03993630940729331,0.025248406201754486,False
Line_A,86,0.032682881355932204,776.95,59,0.0325923578045239,0.002447983867589805,0.03993630940729331,0.025248406201754486,False
Line_A,87,0.036015409836065576,787.17,61,0.0325923578045239,0.002447983867589805,0.03993630940729331,0.025248406201754486,False
Line_A,88,0.035830877192982453,692.01,57,0.0325923578045239,0.002447983867589805,0.03993630940729331,0.025248406201754486,False
Line_A,89,0.03223059701492537,741.52,67,0.0325923578045239,0.002447983867589805,0.03993630940729331,0.025248406201754486,False
Line_A,90,0.0350159375,801.32,64,0.0325923578045239,0.002447983867589805,0.03993630940729331,0.025248406201754486,False
Line_A,91,0.0335475,726.09,64,0.0325923578045239,0.002447983867589805,0.03993630940729331,0.025248406201754486,False
Line_A,92,0.03212662162162162,934.23,74,0.0325923578045239,0.002447983867589805,0.03993630940729331,0.025248406201754486,False
Line_A,93,0.03802853333333333,921.77,75,0.0325923578045239,0.002447983867589805,0.03993630940729331,0.025248406201754486,False
Line_A,94,0.0357048275862069,679.97,58,0.0325923578045239,0.002447983867589805,0.03993630940729331,0.025248406201754486,False
Line_A,95,0.03627193548387097,836.08,62,0.0325923578045239,0.002447983867589805,0.03993630940729331,0.025248406201754486,False
Line_A,96,0.03312890625,745.08,64,0.0325923578045239,0.002447983867589805,0.03993630940729331,0.025248406201754486,False
Line_A,97,0.02888683333333333,695.68,60,0.0325923578045239,0.002447983867589805,0.03993630940729331,0.025248406201754486,False
Line_A,98,0.032869466666666666,1062.42,75,0.0325923578045239,0.002447983867589805,0.03993630940729331,0.025248406201754486,False
Line_A,99,0.03564417910447761,800.95,67,0.0325923578045239,0.002447983867589805,0.03993630940729331,0.025248406201754486,False
Line_A,100,0.03004621212121212,789.05,66,0.0325923578045239,0.002447983867589805,0.03993630940729331,0.025248406201754486,False
Line_A,101,0.03431897435897436,882.68,78,0.0325923578045239,0.002447983867589805,0.03993630940729331,0.025248406201754486,False
Line_A,102,0.03310279411764706,1094.0,68,0.0325923578045239,0.002447983867589805,0.03993630940729331,0.025248406201754486,False
Line_A,103,0.03374153846153846,854.16,65,0.0325923578045239,0.002447983867589805,0.03993630940729331,0.025248406201754486,False
Line_A,104,0.032077441860465114,1005.86,86,0.0325923578045239,0.002447983867589805,0.03993630940729331,0.025248406201754486,False
Line_A,105,0.03430635135135136,974.97,74,0.0325923578045239,0.002447983867589805,0.03993630940729331,0.025248406201754486,False
Line_A,106,0.032227288135593224,757.72,59,0.0325923578045239,0.002447983867589805,0.03993630940729331,0.025248406201754486,False
Line_A,107,0.0346926582278481,1045.48,79,0.0325923578045239,0.002447983867589805,0.03993630940729331,0.025248406201754486,False
Line_A,108,0.029500597014925373,754.55,67,0.0325923578045239,0.002447983867589805,0.03993630940729331,0.025248406201754486,False
Line_A,109,0.03266890410958904,1011.1,73,0.0325923578045239,0.002447983867589805,0.03993630940729331,0.025248406201754486,False
Line_A,110,0.03219440677966102,651.18,59,0.0325923578045239,0.002447983867589805,0.03993630940729331,0.025248406201754486,False
Line_A,111,0.028852372881355934,763.5600000000001,59,0.0325923578045239,0.002447983867589805,0.03993630940729331,0.025248406201754486,False
Line_A,112,0.03726539682539682,842.87,63,0.0325923578045239,0.002447983867589805,0.03993630940729331,0.025248406201754486,False
Line_A,113,0.02864074074074074,492.46,54,0.0325923578045239,0.002447983867589805,0.03993630940729331,0.025248406201754486,False
Line_A,114,0.027136142857142855,855.76,70,0.0325923578045239,0.002447983867589805,0.03993630940729331,0.025248406201754486,False
Line_A,115,0.03453283333333333,779.79,60,0.0325923578045239,0.002447983867589805,0.03993630940729331,0.025248406201754486,False
Line_A,116,0.03312245901639344,815.67,61,0.0325923578045239,0.002447983867589805,0.03993630940729331,0.025248406201754486,False
Line_A,117,0.03179530303030303,878.42,66,0.0325923578045239,0.002447983867589805,0.03993630940729331,0.025248406201754486,False
Line_A,118,0.02905657534246575,699.39,73,0.0325923578045239,0.002447983867589805,0.03993630940729331,0.025248406201754486,False
Line_A,119,0.03441954545454545,873.15,66,0.0325923578045239,0.002447983867589805,0.03993630940729331,0.025248406201754486,False
Line_A,120,0.032424117647058825,913.05,68,0.0325923578045239,0.002447983867589805,0.03993630940729331,0.025248406201754486,False
Line_A,121,0.03153969696969697,906.93,66,0.0325923578045239,0.002447983867589805,0.03993630940729331,0.025248406201754486,False
Line_A,122,0.030667910447761192,756.63,67,0.0325923578045239,0.002447983867589805,0.03993630940729331,0.025248406201754486,False
Line_A,123,0.03371939393939394,913.67,66,0.0325923578045239,0.002447983867589805,0.03993630940729331,0.025248406201754486,False
Line_A,124,0.03177535714285714,721.24,56,0.0325923578045239,0.002447983867589805,0.03993630940729331,0.025248406201754486,False
Line_A,125,0.03282271428571429,917.3100000000001,70,0.0325923578045239,0.002447983867589805,0.03993630940729331,0.025248406201754486,False
Line_A,126,0.02611190476190476,626.89,63,0.0325923578045239,0.002447983867589805,0.03993630940729331,0.025248406201754486,False
Line_A,127,0.028545810810810812,832.51,74,0.0325923578045239,0.002447983867589805,0.03993630940729331,0.025248406201754486,False
Line_A,128,0.03556234375,858.47,64,0.0325923578045239,0.002447983867589805,0.03993630940729331,0.025248406201754486,False
Line_A,129,0.03235683333333333,733.35,60,0.0325923578045239,0.002447983867589805,0.03993630940729331,0.025248406201754486,False
Line_A,130,0.032085810810810814,731.15,74,0.0325923578045239,0.002447983867589805,0.03993630940729331,0.025248406201754486,False
Line_A,131,0.032573650793650794,891.3100000000001,63,0.0325923578045239,0.002447983867589805,0.03993630940729331,0.025248406201754486,False
Line_A,132,0.03505289855072464,796.96,69,0.0325923578045239,0.002447983867589805,0.03993630940729331,0.025248406201754486,False
Line_A,133,0.033524,885.4,70,0.0325923578045239,0.002447983867589805,0.03993630940729331,0.025248406201754486,False
Line_A,134,0.030468717948717947,843.5,78,0.0325923578045239,0.002447983867589805,0.03993630940729331,0.025248406201754486,False
Line_A,135,0.031646,1121.45,85,0.0325923578045239,0.002447983867589805,0.03993630940729331,0.025248406201754486,False
Line_A,136,0.03327054794520548,968.78,73,0.0325923578045239,0.002447983867589805,0.03993630940729331,0.025248406201754486,False
Line_A,137,0.033876491228070175,682.12,57,0.0325923578045239,0.002447983867589805,0.03993630940729331,0.025248406201754486,False
Line_A,138,0.03196243243243243,974.36,74,0.0325923578045239,0.002447983867589805,0.03993630940729331,0.025248406201754486,False
Line_A,139,0.03572380281690141,800.71,71,0.0325923578045239,0.002447983867589805,0.03993630940729331,0.025248406201754486,False
Line_A,140,0.032064722222222224,904.88,72,0.0325923578045239,0.002447983867589805,0.03993630940729331,0.025248406201754486,False
Line_A,141,0.03316485294117647,976.9399999999999,68,0.0325923578045239,0.002447983867589805,0.03993630940729331,0.025248406201754486,False
Line_A,142,0.032585588235294116,724.8199999999999,68,0.0325923578045239,0.002447983867589805,0.03993630940729331,0.025248406201754486,False
Line_A,143,0.03267693333333333,869.47,75,0.0325923578045239,0.002447983867589805,0.03993630940729331,0.025248406201754486,False
Line_A,144,0.03160605633802817,804.31,71,0.0325923578045239,0.002447983867589805,0.03993630940729331,0.025248406201754486,False
Line_A,145,0.03219754098360656,744.3100000000001,61,0.0325923578045239,0.002447983867589805,0.03993630940729331,0.025248406201754486,False
Line_A,146,0.03411450704225352,838.7,71,0.0325923578045239,0.002447983867589805,0.03993630940729331,0.025248406201754486,False
Line_A,147,0.031474084507042255,930.89,71,0.0325923578045239,0.002447983867589805,0.03993630940729331,0.025248406201754486,False
Line_A,148,0.03494916666666667,845.03,72,0.0325923578045239,0.002447983867589805,0.03993630940729331,0.025248406201754486,False
Line_A,149,0.0313216393442623,836.18,61,0.0325923578045239,0.002447983867589805,0.03993630940729331,0.025248406201754486,False
Line_A,150,0.034608507462686566,889.88,67,0.0325923578045239,0.002447983867589805,0.03993630940729331,0.025248406201754486,False
Line_A,151,0.0345865,812.3199999999999,60,0.0325923578045239,0.002447983867589805,0.03993630940729331,0.025248406201754486,False
Line_A,152,0.036340972222222226,949.32,72,0.0325923578045239,0.002447983867589805,0.03993630940729331,0.025248406201754486,False
Line_A,153,0.03146089285714286,635.63,56,0.0325923578045239,0.002447983867589805,0.03993630940729331,0.025248406201754486,False
Line_A,154,0.030976338028169015,825.14,71,0.0325923578045239,0.002447983867589805,0.03993630940729331,0.025248406201754486,False
Line_A,155,0.03310815384615384,816.59,65,0.0325923578045239,0.002447983867589805,0.03993630940729331,0.025248406201754486,False
Line_A,156,0.03817294117647058,891.03,68,0.0325923578045239,0.002447983867589805,0.03993630940729331,0.025248406201754486,False
Line_A,157,0.029797536231884057,754.6,69,0.0325923578045239,0.002447983867589805,0.03993630940729331,0.025248406201754486,False
Line_A,158,0.03747814285714286,846.67,70,0.0325923578045239,0.002447983867589805,0.03993630940729331,0.025248406201754486,False
Line_A,159,0.0327706779661017,716.6,59,0.0325923578045239,0.002447983867589805,0.03993630940729331,0.025248406201754486,False
Line_A,160,0.03382913043478261,861.75,69,0.0325923578045239,0.002447983867589805,0.03993630940729331,0.025248406201754486,False
Line_A,161,0.03410642857142857,849.13,70,0.0325923578045239,0.002447983867589805,0.03993630940729331,0.025248406201754486,False
Line_A,162,0.027711408450704227,785.91,71,0.0325923578045239,0.002447983867589805,0.03993630940729331,0.025248406201754486,False
Line_A,163,0.032610625,672.45,64,0.0325923578045239,0.002447983867589805,0.03993630940729331,0.025248406201754486,False
Line_A,164,0.03480859375,784.24,64,0.0325923578045239,0.002447983867589805,0.03993630940729331,0.025248406201754486,False
Line_A,165,0.031026901408450706,943.46,71,0.0325923578045239,0.002447983867589805,0.03993630940729331,0.025248406201754486,False
Line_A,166,0.033481016949152544,717.7,59,0.0325923578045239,0.002447983867589805,0.03993630940729331,0.025248406201754486,False
Line_A,167,0.035996056338028166,989.83,71,0.0325923578045239,0.002447983867589805,0.03993630940729331,0.025248406201754486,False
Line_A,168,0.03125279411764706,674.77,68,0.0325923578045239,0.002447983867589805,0.03993630940729331,0.025248406201754486,False
Line_A,169,0.03535692307692308,1026.4,65,0.0325923578045239,0.002447983867589805,0.03993630940729331,0.025248406201754486,False
Line_A,170,0.03188454545454545,604.76,55,0.0325923578045239,0.002447983867589805,0.03993630940729331,0.025248406201754486,False
Line_A,171,0.034004375,701.83,64,0.0325923578045239,0.002447983867589805,0.03993630940729331,0.025248406201754486,False
Line_A,172,0.029981447368421052,868.09,76,0.0325923578045239,0.002447983867589805,0.03993630940729331,0.025248406201754486,False
Line_A,173,0.036587966101694916,818.86,59,0.0325923578045239,0.002447983867589805,0.03993630940729331,0.025248406201754486,False
Line_A,174,0.03309403225806452,707.51,62,0.0325923578045239,0.002447983867589805,0.03993630940729331,0.025248406201754486,False
Line_A,175,0.028901269841269842,726.83,63,0.0325923578045239,0.002447983867589805,0.03993630940729331,0.025248406201754486,False
Line_A,176,0.033175076923076925,855.27,65,0.0325923578045239,0.002447983867589805,0.03993630940729331,0.025248406201754486,False
Line_A,177,0.03359876712328767,908.86,73,0.0325923578045239,0.002447983867589805,0.03993630940729331,0.025248406201754486,False
Line_A,178,0.035951044776119406,824.01,67,0.0325923578045239,0.002447983867589805,0.03993630940729331,0.025248406201754486,False
Line_A,179,0.034258985507246376,801.86,69,0.0325923578045239,0.002447983867589805,0.03993630940729331,0.025248406201754486,False
Line_A,180,0.0284775,806.39,68,0.0325923578045239,0.002447983867589805,0.03993630940729331,0.025248406201754486,False
Line_A,181,0.033152297297297295,940.15,74,0.0325923578045239,0.002447983867589805,0.03993630940729331,0.025248406201754486,False
Line_A,182,0.034751285714285714,917.39,70,0.0325923578045239,0.002447983867589805,0.03993630940729331,0.025248406201754486,False
Line_A,183,0.03460086956521739,958.45,69,0.0325923578045239,0.002447983867589805,0.03993630940729331,0.025248406201754486,False
Line_A,184,0.03016095890410959,907.11,73,0.0325923578045239,0.002447983867589805,0.03993630940729331,0.025248406201754486,False
Line_A,185,0.03767691176470588,733.27,68,0.0325923578045239,0.002447983867589805,0.03993630940729331,0.025248406201754486,False
Line_A,186,0.035316307692307695,874.96,65,0.0325923578045239,0.002447983867589805,0.03993630940729331,0.025248406201754486,False
Line_A,187,0.02910793650793651,724.06,63,0.0325923578045239,0.002447983867589805,0.03993630940729331,0.025248406201754486,False
Line_A,188,0.02566671641791045,671.25,67,0.0325923578045239,0.002447983867589805,0.03993630940729331,0.025248406201754486,False
Line_A,189,0.02974823529411765,861.04,68,0.0325923578045239,0.002447983867589805,0.03993630940729331,0.025248406201754486,False
Line_A,190,0.03481671875,793.58,64,0.0325923578045239,0.002447983867589805,0.03993630940729331,0.025248406201754486,False
Line_A,191,0.0369336231884058,919.7,69,0.0325923578045239,0.002447983867589805,0.03993630940729331,0.025248406201754486,False
Line_A,192,0.031955166666666666,652.52,60,0.0325923578045239,0.002447983867589805,0.03993630940729331,0.025248406201754486,False
Line_A,193,0.029138688524590166,892.0,61,0.0325923578045239,0.002447983867589805,0.03993630940729331,0.025248406201754486,False
Line_A,194,0.03211073529411765,758.48,68,0.0325923578045239,0.002447983867589805,0.03993630940729331,0.025248406201754486,False
Line_A,195,0.02954724637681159,774.38,69,0.0325923578045239,0.002447983867589805,0.03993630940729331,0.025248406201754486,False
Line_A,196,0.03055484375,729.74,64,0.0325923578045239,0.002447983867589805,0.03993630940729331,0.025248406201754486,False
Line_A,197,0.03246098591549296,782.06,71,0.0325923578045239,0.002447983867589805,0.03993630940729331,0.025248406201754486,False
Line_A,198,0.03533774647887324,881.5,71,0.0325923578045239,0.002447983867589805,0.03993630940729331,0.025248406201754486,False
Line_A,199,0.03706617647058824,817.49,68,0.0325923578045239,0.002447983867589805,0.03993630940729331,0.025248406201754486,False
Line_A,200,0.03351013698630137,719.98,73,0.0325923578045239,0.002447983867589805,0.03993630940729331,0.025248406201754486,False
Line_A,201,0.03166234375,710.96,64,0.0325923578045239,0.002447983867589805,0.03993630940729331,0.025248406201754486,False
Line_A,202,0.027373076923076924,629.6800000000001,52,0.0325923578045239,0.002447983867589805,0.03993630940729331,0.025248406201754486,False
Line_A,203,0.03212672131147541,697.18,61,0.0325923578045239,0.002447983867589805,0.03993630940729331,0.025248406201754486,False
Line_A,204,0.03018014925373134,752.94,67,0.0325923578045239,0.002447983867589805,0.03993630940729331,0.025248406201754486,False
Line_A,205,0.03532378787878788,894.78,66,0.0325923578045239,0.002447983867589805,0.03993630940729331,0.025248406201754486,False
Line_A,206,0.03179645569620253,1030.06,79,0.0325923578045239,0.002447983867589805,0.03993630940729331,0.025248406201754486,False
Line_A,207,0.02855982142857143,758.16,56,0.0325923578045239,0.002447983867589805,0.03993630940729331,0.025248406201754486,False
Line_A,208,0.03284484375,713.23,64,0.0325923578045239,0.002447983867589805,0.03993630940729331,0.025248406201754486,False
Line_A,209,0.03513464788732394,1004.76,71,0.0325923578045239,0.002447983867589805,0.03993630940729331,0.025248406201754486,False
Line_A,210,0.03178205479452055,904.8,73,0.0325923578045239,0.002447983867589805,0.03993630940729331,0.025248406201754486,False
Line_A,211,0.029989358974358976,1092.56,78,0.0325923578045239,0.002447983867589805,0.03993630940729331,0.025248406201754486,False
Line_A,212,0.034942,672.73,55,0.0325923578045239,0.002447983867589805,0.03993630940729331,0.025248406201754486,False
Line_A,213,0.03399090909090909,961.5699999999999,77,0.0325923578045239,0.002447983867589805,0.03993630940729331,0.025248406201754486,False
Line_A,214,0.03309474576271187,776.05,59,0.0325923578045239,0.002447983867589805,0.03993630940729331,0.025248406201754486,False
Line_A,215,0.03183146666666667,818.23,75,0.0325923578045239,0.002447983867589805,0.03993630940729331,0.025248406201754486,False
Line_A,216,0.02857044776119403,860.15,67,0.0325923578045239,0.002447983867589805,0.03993630940729331,0.025248406201754486,False
Line_A,217,0.0288721875,340.02000000000004,32,0.0325923578045239,0.002447983867589805,0.03993630940729331,0.025248406201754486,False
Line_B,1,0.043223833333333336,857.38,60,0.044788175560348746,0.00281616706978137,0.053236676769692855,0.03633967435100464,False
Line_B,2,0.04166040816326531,495.54,49,0.044788175560348746,0.00281616706978137,0.053236676769692855,0.03633967435100464,False
Line_B,3,0.04630671875,812.75,64,0.044788175560348746,0.00281616706978137,0.053236676769692855,0.03633967435100464,False
Line_B,4,0.042305636363636365,718.36,55,0.044788175560348746,0.00281616706978137,0.053236676769692855,0.03633967435100464,False
Line_B,5,0.04554466666666667,794.98,60,0.044788175560348746,0.00281616706978137,0.053236676769692855,0.03633967435100464,False
Line_B,6,0.05304383333333333,786.52,60,0.044788175560348746,0.00281616706978137,0.053236676769692855,0.03633967435100464,False
Line_B,7,0.0500935,707.67,60,0.044788175560348746,0.00281616706978137,0.053236676769692855,0.03633967435100464,False
Line_B,8,0.04696288461538462,734.35,52,0.044788175560348746,0.00281616706978137,0.053236676769692855,0.03633967435100464,False
Line_B,9,0.044215625,639.05,64,0.044788175560348746,0.00281616706978137,0.053236676769692855,0.03633967435100464,False
Line_B,10,0.044703064516129036,795.18,62,0.044788175560348746,0.00281616706978137,0.053236676769692855,0.03633967435100464,False
Line_B,11,0.04505058823529412,645.11,51,0.044788175560348746,0.00281616706978137,0.053236676769692855,0.03633967435100464,False
Line_B,12,0.04402916666666667,769.99,60,0.044788175560348746,0.00281616706978137,0.053236676769692855,0.03633967435100464,False
Line_B,13,0.048492380952380953,533.39,42,0.044788175560348746,0.00281616706978137,0.053236676769692855,0.03633967435100464,False
Line_B,14,0.04503526315789473,800.5699999999999,57,0.044788175560348746,0.00281616706978137,0.053236676769692855,0.03633967435100464,False
Line_B,15,0.051146885245901635,828.43,61,0.044788175560348746,0.00281616706978137,0.053236676769692855,0.03633967435100464,False
Line_B,16,0.03731071428571429,577.41,56,0.044788175560348746,0.00281616706978137,0.053236676769692855,0.03633967435100464,False
Line_B,17,0.041774848484848484,830.64,66,0.044788175560348746,0.00281616706978137,0.053236676769692855,0.03633967435100464,False
Line_B,18,0.041341636363636365,739.8,55,0.044788175560348746,0.00281616706978137,0.053236676769692855,0.03633967435100464,False
Line_B,19,0.04389175438596491,697.65,57,0.044788175560348746,0.00281616706978137,0.053236676769692855,0.03633967435100464,False
Line_B,20,0.04469092307692308,807.45,65,0.044788175560348746,0.00281616706978137,0.053236676769692855,0.03633967435100464,False
Line_B,21,0.0435684375,782.46,64,0.044788175560348746,0.00281616706978137,0.053236676769692855,0.03633967435100464,False
Line_B,22,0.043851044776119404,900.56,67,0.044788175560348746,0.00281616706978137,0.053236676769692855,0.03633967435100464,False
Line_B,23,0.04038981818181818,574.61,55,0.044788175560348746,0.00281616706978137,0.053236676769692855,0.03633967435100464,False
Line_B,24,0.04239288461538461,540.12,52,0.044788175560348746,0.00281616706978137,0.053236676769692855,0.03633967435100464,False
Line_B,25,0.04570962962962963,711.43,54,0.044788175560348746,0.00281616706978137,0.053236676769692855,0.03633967435100464,False
Line_B,26,0.04936234375,818.63,64,0.044788175560348746,0.00281616706978137,0.053236676769692855,0.03633967435100464,False
Line_B,27,0.04442771929824561,712.52,57,0.044788175560348746,0.00281616706978137,0.053236676769692855,0.03633967435100464,False
Line_B,28,0.04644392156862745,585.15,51,0.044788175560348746,0.00281616706978137,0.053236676769692855,0.03633967435100464,False
Line_B,29,0.043487424242424244,813.95,66,0.044788175560348746,0.00281616706978137,0.053236676769692855,0.03633967435100464,False
Line_B,30,0.04289571428571429,610.07,49,0.044788175560348746,0.00281616706978137,0.053236676769692855,0.03633967435100464,False
Line_B,31,0.04136690909090909,672.52,55,0.044788175560348746,0.00281616706978137,0.053236676769692855,0.03633967435100464,False
Line_B,32,0.04437237288135593,800.15,59,0.044788175560348746,0.00281616706978137,0.053236676769692855,0.03633967435100464,False
Line_B,33,0.04713389830508474,759.0,59,0.044788175560348746,0.00281616706978137,0.053236676769692855,0.03633967435100464,False
Line_B,34,0.04827395833333333,650.71,48,0.044788175560348746,0.00281616706978137,0.053236676769692855,0.03633967435100464,False
Line_B,35,0.04064666666666667,681.61,60,0.044788175560348746,0.00281616706978137,0.053236676769692855,0.03633967435100464,False
Line_B,36,0.04510039215686275,641.69,51,0.044788175560348746,0.00281616706978137,0.053236676769692855,0.03633967435100464,False
Line_B,37,0.05128645833333333,555.39,48,0.044788175560348746,0.00281616706978137,0.053236676769692855,0.03633967435100464,False
Line_B,38,0.04568130434782609,1051.16,69,0.044788175560348746,0.00281616706978137,0.053236676769692855,0.03633967435100464,False
Line_B,39,0.04985888888888888,824.36,63,0.044788175560348746,0.00281616706978137,0.053236676769692855,0.03633967435100464,False
Line_B,40,0.04336282051282051,530.5,39,0.044788175560348746,0.00281616706978137,0.053236676769692855,0.03633967435100464,False
Line_B,41,0.0423656862745098,477.05,51,0.044788175560348746,0.00281616706978137,0.053236676769692855,0.03633967435100464,False
Line_B,42,0.04327618181818182,665.08,55,0.044788175560348746,0.00281616706978137,0.053236676769692855,0.03633967435100464,False
Line_B,43,0.044866190476190476,869.09,63,0.044788175560348746,0.00281616706978137,0.053236676769692855,0.03633967435100464,False
Line_B,44,0.04572367346938776,590.02,49,0.044788175560348746,0.00281616706978137,0.053236676769692855,0.03633967435100464,False
Line_B,45,0.04422539682539683,752.68,63,0.044788175560348746,0.00281616706978137,0.053236676769692855,0.03633967435100464,False
Line_B,46,0.04187163636363636,556.56,55,0.044788175560348746,0.00281616706978137,0.053236676769692855,0.03633967435100464,False
Line_B,47,0.04550152542372882,682.79,59,0.044788175560348746,0.00281616706978137,0.053236676769692855,0.03633967435100464,False
Line_B,48,0.04554065573770492,693.31,61,0.044788175560348746,0.00281616706978137,0.053236676769692855,0.03633967435100464,False
Line_B,49,0.041519682539682544,831.1899999999999,63,0.044788175560348746,0.00281616706978137,0.053236676769692855,0.03633967435100464,False
Line_B,50,0.0407219298245614,738.53,57,0.044788175560348746,0.00281616706978137,0.053236676769692855,0.03633967435100464,False
Line_B,51,0.04784954545454545,808.63,66,0.044788175560348746,0.00281616706978137,0.053236676769692855,0.03633967435100464,False
Line_B,52,0.04556588235294117,570.32,51,0.044788175560348746,0.00281616706978137,0.053236676769692855,0.03633967435100464,False
Line_B,53,0.043480819672131146,703.33,61,0.044788175560348746,0.00281616706978137,0.053236676769692855,0.03633967435100464,False
Line_B,54,0.04905403846153847,645.33,52,0.044788175560348746,0.00281616706978137,0.053236676769692855,0.03633967435100464,False
Line_B,55,0.0480803125,772.65,64,0.044788175560348746,0.00281616706978137,0.053236676769692855,0.03633967435100464,False
Line_B,56,0.0465001724137931,637.61,58,0.044788175560348746,0.00281616706978137,0.053236676769692855,0.03633967435100464,False
Line_B,57,0.04430058823529411,637.31,51,0.044788175560348746,0.00281616706978137,0.053236676769692855,0.03633967435100464,False
Line_B,58,0.04300462686567164,772.46,67,0.044788175560348746,0.00281616706978137,0.053236676769692855,0.03633967435100464,False
Line_B,59,0.043274153846153844,708.91,65,0.044788175560348746,0.00281616706978137,0.053236676769692855,0.03633967435100464,False
Line_B,60,0.047369272727272725,844.77,55,0.044788175560348746,0.00281616706978137,0.053236676769692855,0.03633967435100464,False
Line_B,61,0.03940727272727273,487.11,44,0.044788175560348746,0.00281616706978137,0.053236676769692855,0.03633967435100464,False
Line_B,62,0.0434214,616.91,50,0.044788175560348746,0.00281616706978137,0.053236676769692855,0.03633967435100464,False
Line_B,63,0.042162741935483875,692.64,62,0.044788175560348746,0.00281616706978137,0.053236676769692855,0.03633967435100464,False
Line_B,64,0.0434048,751.76,50,0.044788175560348746,0.00281616706978137,0.053236676769692855,0.03633967435100464,False
Line_B,65,0.047767307692307685,718.72,52,0.044788175560348746,0.00281616706978137,0.053236676769692855,0.03633967435100464,False
Line_B,66,0.04188909090909091,608.26,55,0.044788175560348746,0.00281616706978137,0.053236676769692855,0.03633967435100464,False
Line_B,67,0.04344925925925926,593.79,54,0.044788175560348746,0.00281616706978137,0.053236676769692855,0.03633967435100464,False
Line_B,68,0.04115056603773585,587.68,53,0.044788175560348746,0.00281616706978137,0.053236676769692855,0.03633967435100464,False
Line_B,69,0.04683242424242424,921.39,66,0.044788175560348746,0.00281616706978137,0.053236676769692855,0.03633967435100464,False
Line_B,70,0.045253968253968255,749.41,63,0.044788175560348746,0.00281616706978137,0.053236676769692855,0.03633967435100464,False
Line_B,71,0.04021139534883721,571.97,43,0.044788175560348746,0.00281616706978137,0.053236676769692855,0.03633967435100464,False
Line_B,72,0.0434455737704918,657.87,61,0.044788175560348746,0.00281616706978137,0.053236676769692855,0.03633967435100464,False
Line_B,73,0.04294488888888889,466.85,45,0.044788175560348746,0.00281616706978137,0.053236676769692855,0.03633967435100464,False
Line_B,74,0.04159465517241379,695.33,58,0.044788175560348746,0.00281616706978137,0.053236676769692855,0.03633967435100464,False
Line_B,75,0.049853278688524585,764.84,61,0.044788175560348746,0.00281616706978137,0.053236676769692855,0.03633967435100464,False
Line_B,76,0.04879877192982456,744.89,57,0.044788175560348746,0.00281616706978137,0.053236676769692855,0.03633967435100464,False
Line_B,77,0.050042835820895526,880.86,67,0.044788175560348746,0.00281616706978137,0.053236676769692855,0.03633967435100464,False
Line_B,78,0.03755053571428572,685.01,56,0.044788175560348746,0.00281616706978137,0.053236676769692855,0.03633967435100464,False
Line_B,79,0.04447039215686275,525.76,51,0.044788175560348746,0.00281616706978137,0.053236676769692855,0.03633967435100464,False
Line_B,80,0.04424526315789474,608.88,57,0.044788175560348746,0.00281616706978137,0.053236676769692855,0.03633967435100464,False
Line_B,81,0.041777115384615385,754.66,52,0.044788175560348746,0.00281616706978137,0.053236676769692855,0.03633967435100464,False
Line_B,82,0.046987169811320756,696.58,53,0.044788175560348746,0.00281616706978137,0.053236676769692855,0.03633967435100464,False
Line_B,83,0.045403090909090914,714.08,55,0.044788175560348746,0.00281616706978137,0.053236676769692855,0.03633967435100464,False
Line_B,84,0.043701666666666666,627.4300000000001,54,0.044788175560348746,0.00281616706978137,0.053236676769692855,0.03633967435100464,False
Line_B,85,0.043948,500.7,45,0.044788175560348746,0.00281616706978137,0.053236676769692855,0.03633967435100464,False
Line_B,86,0.04217096774193548,695.15,62,0.044788175560348746,0.00281616706978137,0.053236676769692855,0.03633967435100464,False
Line_B,87,0.048735192307692306,615.69,52,0.044788175560348746,0.00281616706978137,0.053236676769692855,0.03633967435100464,False
Line_B,88,0.0494015,713.62,60,0.044788175560348746,0.00281616706978137,0.053236676769692855,0.03633967435100464,False
Line_B,89,0.04556196721311476,661.99,61,0.044788175560348746,0.00281616706978137,0.053236676769692855,0.03633967435100464,False
Line_B,90,0.0437792,570.59,50,0.044788175560348746,0.00281616706978137,0.053236676769692855,0.03633967435100464,False
Line_B,91,0.04802938461538462,716.47,65,0.044788175560348746,0.00281616706978137,0.053236676769692855,0.03633967435100464,False
Line_B,92,0.04437035087719299,795.29,57,0.044788175560348746,0.00281616706978137,0.053236676769692855,0.03633967435100464,False
Line_B,93,0.046820434782608694,530.08,46,0.044788175560348746,0.00281616706978137,0.053236676769692855,0.03633967435100464,False
Line_B,94,0.04267,685.92,55,0.044788175560348746,0.00281616706978137,0.053236676769692855,0.03633967435100464,False
Line_B,95,0.045950285714285714,815.95,70,0.044788175560348746,0.00281616706978137,0.053236676769692855,0.03633967435100464,False
Line_B,96,0.044571875,785.4,64,0.044788175560348746,0.00281616706978137,0.053236676769692855,0.03633967435100464,False
Line_B,97,0.04631514705882353,735.8,68,0.044788175560348746,0.00281616706978137,0.053236676769692855,0.03633967435100464,False
Line_B,98,0.047087580645161296,736.51,62,0.044788175560348746,0.00281616706978137,0.053236676769692855,0.03633967435100464,False
Line_B,99,0.05124094339622642,742.65,53,0.044788175560348746,0.00281616706978137,0.053236676769692855,0.03633967435100464,False
Line_B,100,0.043799846153846154,927.26,65,0.044788175560348746,0.00281616706978137,0.053236676769692855,0.03633967435100464,False
Line_B,101,0.05065714285714286,619.71,56,0.044788175560348746,0.00281616706978137,0.053236676769692855,0.03633967435100464,False
Line_B,102,0.04497408163265307,627.0,49,0.044788175560348746,0.00281616706978137,0.053236676769692855,0.03633967435100464,False
Line_B,103,0.04131666666666667,790.85,60,0.044788175560348746,0.00281616706978137,0.053236676769692855,0.03633967435100464,False
Line_B,104,0.04050422222222222,540.93,45,0.044788175560348746,0.00281616706978137,0.053236676769692855,0.03633967435100464,False
Line_B,105,0.04412931034482758,737.3,58,0.044788175560348746,0.00281616706978137,0.053236676769692855,0.03633967435100464,False
Line_B,106,0.04571089285714286,722.76,56,0.044788175560348746,0.00281616706978137,0.053236676769692855,0.03633967435100464,False
Line_B,107,0.04186,629.34,49,0.044788175560348746,0.00281616706978137,0.053236676769692855,0.03633967435100464,False
Line_B,108,0.043804583333333334,634.32,48,0.044788175560348746,0.00281616706978137,0.053236676769692855,0.03633967435100464,False
Line_B,109,0.04468358208955223,906.24,67,0.044788175560348746,0.00281616706978137,0.053236676769692855,0.03633967435100464,False
Line_B,110,0.04710739130434782,758.64,69,0.044788175560348746,0.00281616706978137,0.053236676769692855,0.03633967435100464,False
Line_B,111,0.043710344827586206,759.54,58,0.044788175560348746,0.00281616706978137,0.053236676769692855,0.03633967435100464,False
Line_B,112,0.0466228125,779.79,64,0.044788175560348746,0.00281616706978137,0.053236676769692855,0.03633967435100464,False
Line_B,113,0.04611035087719298,842.93,57,0.044788175560348746,0.00281616706978137,0.053236676769692855,0.03633967435100464,False
Line_B,114,0.04614220338983051,764.68,59,0.044788175560348746,0.00281616706978137,0.053236676769692855,0.03633967435100464,False
Line_B,115,0.04779951612903226,719.11,62,0.044788175560348746,0.00281616706978137,0.053236676769692855,0.03633967435100464,False
Line_B,116,0.046021587301587306,854.59,63,0.044788175560348746,0.00281616706978137,0.053236676769692855,0.03633967435100464,False
Line_B,117,0.04460542372881356,721.28,59,0.044788175560348746,0.00281616706978137,0.053236676769692855,0.03633967435100464,False
Line_B,118,0.046687962962962966,593.75,54,0.044788175560348746,0.00281616706978137,0.053236676769692855,0.03633967435100464,False
Line_B,119,0.045450677966101694,658.1800000000001,59,0.044788175560348746,0.00281616706978137,0.053236676769692855,0.03633967435100464,False
Line_B,120,0.043379230769230774,781.86,65,0.044788175560348746,0.00281616706978137,0.053236676769692855,0.03633967435100464,False
Line_B,121,0.04863846153846154,898.6800000000001,65,0.044788175560348746,0.00281616706978137,0.053236676769692855,0.03633967435100464,False
Line_B,122,0.04737814814814815,525.78,54,0.044788175560348746,0.00281616706978137,0.053236676769692855,0.03633967435100464,False
Line_B,123,0.04387740740740741,506.5,54,0.044788175560348746,0.00281616706978137,0.053236676769692855,0.03633967435100464,False
Line_B,124,0.043548032786885245,689.6,61,0.044788175560348746,0.00281616706978137,0.053236676769692855,0.03633967435100464,False
Line_B,125,0.044296153846153846,604.64,52,0.044788175560348746,0.00281616706978137,0.053236676769692855,0.03633967435100464,False
Line_B,126,0.04197833333333333,651.53,54,0.044788175560348746,0.00281616706978137,0.053236676769692855,0.03633967435100464,False
Line_B,127,0.042802962962962966,682.76,54,0.044788175560348746,0.00281616706978137,0.053236676769692855,0.03633967435100464,False
Line_B,128,0.04430883333333333,699.09,60,0.044788175560348746,0.00281616706978137,0.053236676769692855,0.03633967435100464,False
Line_B,129,0.045676612903225805,900.08,62,0.044788175560348746,0.00281616706978137,0.053236676769692855,0.03633967435100464,False
Line_B,130,0.051487090909090906,682.33,55,0.044788175560348746,0.00281616706978137,0.053236676769692855,0.03633967435100464,False
Line_B,131,0.04512915254237288,738.34,59,0.044788175560348746,0.00281616706978137,0.053236676769692855,0.03633967435100464,False
Line_B,132,0.04498982142857143,729.0,56,0.044788175560348746,0.00281616706978137,0.053236676769692855,0.03633967435100464,False
Line_B,133,0.047734406779661016,739.86,59,0.044788175560348746,0.00281616706978137,0.053236676769692855,0.03633967435100464,False
Line_B,134,0.043431739130434785,648.43,46,0.044788175560348746,0.00281616706978137,0.053236676769692855,0.03633967435100464,False
Line_B,135,0.047436,627.66,50,0.044788175560348746,0.00281616706978137,0.053236676769692855,0.03633967435100464,False
Line_B,136,0.047246190476190476,533.57,42,0.044788175560348746,0.00281616706978137,0.053236676769692855,0.03633967435100464,False
Line_B,137,0.046078529411764706,791.32,68,0.044788175560348746,0.00281616706978137,0.053236676769692855,0.03633967435100464,False
Line_B,138,0.045209130434782606,526.52,46,0.044788175560348746,0.00281616706978137,0.053236676769692855,0.03633967435100464,False
Line_B,139,0.046675666666666664,761.65,60,0.044788175560348746,0.00281616706978137,0.053236676769692855,0.03633967435100464,False
Line_B,140,0.0440840350877193,735.2,57,0.044788175560348746,0.00281616706978137,0.053236676769692855,0.03633967435100464,False
Line_B,141,0.045751400000000005,563.47,50,0.044788175560348746,0.00281616706978137,0.053236676769692855,0.03633967435100464,False
Line_B,142,0.045970344827586204,827.18,58,0.044788175560348746,0.00281616706978137,0.053236676769692855,0.03633967435100464,False
Line_B,143,0.042277457627118646,609.5,59,0.044788175560348746,0.00281616706978137,0.053236676769692855,0.03633967435100464,False
Line_B,144,0.042186521739130435,504.87,46,0.044788175560348746,0.00281616706978137,0.053236676769692855,0.03633967435100464,False
Line_B,145,0.046202816901408456,948.54,71,0.044788175560348746,0.00281616706978137,0.053236676769692855,0.03633967435100464,False
Line_B,146,0.040511785714285715,716.55,56,0.044788175560348746,0.00281616706978137,0.053236676769692855,0.03633967435100464,False
Line_B,147,0.044936428571428565,712.33,56,0.044788175560348746,0.00281616706978137,0.053236676769692855,0.03633967435100464,False
Line_B,148,0.04359951612903226,761.62,62,0.044788175560348746,0.00281616706978137,0.053236676769692855,0.03633967435100464,False
Line_B,149,0.05088056603773585,746.96,53,0.044788175560348746,0.00281616706978137,0.053236676769692855,0.03633967435100464,False
Line_B,150,0.04969183333333334,764.1,60,0.044788175560348746,0.00281616706978137,0.053236676769692855,0.03633967435100464,False
Line_B,151,0.04405666666666667,776.46,69,0.044788175560348746,0.00281616706978137,0.053236676769692855,0.03633967435100464,False
Line_B,152,0.04811411764705882,659.91,51,0.044788175560348746,0.00281616706978137,0.053236676769692855,0.03633967435100464,False
Line_B,153,0.04490830769230769,722.12,65,0.044788175560348746,0.00281616706978137,0.053236676769692855,0.03633967435100464,False
Line_B,154,0.0440626923076923,695.38,52,0.044788175560348746,0.00281616706978137,0.053236676769692855,0.03633967435100464,False
Line_B,155,0.046078627450980396,681.98,51,0.044788175560348746,0.00281616706978137,0.053236676769692855,0.03633967435100464,False
Line_B,156,0.04569346153846154,718.52,52,0.044788175560348746,0.00281616706978137,0.053236676769692855,0.03633967435100464,False
Line_B,157,0.047009833333333334,735.03,60,0.044788175560348746,0.00281616706978137,0.053236676769692855,0.03633967435100464,False
Line_B,158,0.04298380952380952,486.91,42,0.044788175560348746,0.00281616706978137,0.053236676769692855,0.03633967435100464,False
Line_B,159,0.04603457627118644,752.41,59,0.044788175560348746,0.00281616706978137,0.053236676769692855,0.03633967435100464,False
Line_B,160,0.038511538461538465,718.38,52,0.044788175560348746,0.00281616706978137,0.053236676769692855,0.03633967435100464,False
Line_B,161,0.04585792452830189,833.73,53,0.044788175560348746,0.00281616706978137,0.053236676769692855,0.03633967435100464,False
Line_B,162,0.04945962962962963,582.79,54,0.044788175560348746,0.00281616706978137,0.053236676769692855,0.03633967435100464,False
Line_B,163,0.04511366666666667,809.82,60,0.044788175560348746,0.00281616706978137,0.053236676769692855,0.03633967435100464,False
Line_B,164,0.043676730769230766,579.53,52,0.044788175560348746,0.00281616706978137,0.053236676769692855,0.03633967435100464,False
Line_B,165,0.04535388888888889,778.54,54,0.044788175560348746,0.00281616706978137,0.053236676769692855,0.03633967435100464,False
Line_B,166,0.04747578947368421,702.33,57,0.044788175560348746,0.00281616706978137,0.053236676769692855,0.03633967435100464,False
Line_B,167,0.04544406779661017,747.07,59,0.044788175560348746,0.00281616706978137,0.053236676769692855,0.03633967435100464,False
Line_B,168,0.042862884615384615,716.54,52,0.044788175560348746,0.00281616706978137,0.053236676769692855,0.03633967435100464,False
Line_B,169,0.04587118644067797,789.44,59,0.044788175560348746,0.00281616706978137,0.053236676769692855,0.03633967435100464,False
Line_B,170,0.04036466666666667,770.09,60,0.044788175560348746,0.00281616706978137,0.053236676769692855,0.03633967435100464,False
Line_B,171,0.04459588235294117,639.49,51,0.044788175560348746,0.00281616706978137,0.053236676769692855,0.03633967435100464,False
Line_B,172,0.04121531914893617,454.14,47,0.044788175560348746,0.00281616706978137,0.053236676769692855,0.03633967435100464,False
Line_B,173,0.042659655172413796,770.0,58,0.044788175560348746,0.00281616706978137,0.053236676769692855,0.03633967435100464,False
Line_B,174,0.04481879310344827,777.44,58,0.044788175560348746,0.00281616706978137,0.053236676769692855,0.03633967435100464,False
Line_B,175,0.04301072727272728,644.57,55,0.044788175560348746,0.00281616706978137,0.053236676769692855,0.03633967435100464,False
Line_B,176,0.045195689655172414,697.15,58,0.044788175560348746,0.00281616706978137,0.053236676769692855,0.03633967435100464,False
Line_B,177,0.04998803921568627,640.85,51,0.044788175560348746,0.00281616706978137,0.053236676769692855,0.03633967435100464,False
Line_B,178,0.046215384615384617,694.21,52,0.044788175560348746,0.00281616706978137,0.053236676769692855,0.03633967435100464,False
Line_B,179,0.049121129032258064,807.77,62,0.044788175560348746,0.00281616706978137,0.053236676769692855,0.03633967435100464,False
Line_B,180,0.04200815384615385,808.66,65,0.044788175560348746,0.00281616706978137,0.053236676769692855,0.03633967435100464,False
Line_B,181,0.04207403846153846,557.4499999999999,52,0.044788175560348746,0.00281616706978137,0.053236676769692855,0.03633967435100464,False
Line_B,182,0.04200851851851852,514.13,54,0.044788175560348746,0.00281616706978137,0.053236676769692855,0.03633967435100464,False
Line_B,183,0.04673718309859155,891.66,71,0.044788175560348746,0.00281616706978137,0.053236676769692855,0.03633967435100464,False
Line_B,184,0.04221351851851852,644.36,54,0.044788175560348746,0.00281616706978137,0.053236676769692855,0.03633967435100464,False
Line_B,185,0.04064938775510204,619.42,49,0.044788175560348746,0.00281616706978137,0.053236676769692855,0.03633967435100464,False
Line_B,186,0.041419642857142856,737.27,56,0.044788175560348746,0.00281616706978137,0.053236676769692855,0.03633967435100464,False
Line_B,187,0.043448529411764705,913.23,68,0.044788175560348746,0.00281616706978137,0.053236676769692855,0.03633967435100464,False
Line_B,188,0.04807827586206897,918.25,58,0.044788175560348746,0.00281616706978137,0.053236676769692855,0.03633967435100464,False
Line_B,189,0.04148654545454545,500.46,55,0.044788175560348746,0.00281616706978137,0.053236676769692855,0.03633967435100464,False
Line_B,190,0.04451634920634921,692.01,63,0.044788175560348746,0.00281616706978137,0.053236676769692855,0.03633967435100464,False
Line_B,191,0.04380625,786.95,56,0.044788175560348746,0.00281616706978137,0.053236676769692855,0.03633967435100464,False
Line_B,192,0.04574148148148148,699.44,54,0.044788175560348746,0.00281616706978137,0.053236676769692855,0.03633967435100464,False
Line_B,193,0.0438356,784.98,50,0.044788175560348746,0.00281616706978137,0.053236676769692855,0.03633967435100464,False
Line_B,194,0.04524028169014085,877.76,71,0.044788175560348746,0.00281616706978137,0.053236676769692855,0.03633967435100464,False
Line_B,195,0.051131875,558.72,48,0.044788175560348746,0.00281616706978137,0.053236676769692855,0.03633967435100464,False
Line_B,196,0.04324230769230769,772.08,65,0.044788175560348746,0.00281616706978137,0.053236676769692855,0.03633967435100464,False
Line_B,197,0.04360339622641509,666.85,53,0.044788175560348746,0.00281616706978137,0.053236676769692855,0.03633967435100464,False
Line_B,198,0.042082352941176474,912.75,68,0.044788175560348746,0.00281616706978137,0.053236676769692855,0.03633967435100464,False
Line_B,199,0.0407036,667.13,50,0.044788175560348746,0.00281616706978137,0.053236676769692855,0.03633967435100464,False
Line_B,200,0.038531333333333334,628.63,60,0.044788175560348746,0.00281616706978137,0.053236676769692855,0.03633967435100464,False
Line_B,201,0.04459619047619048,770.03,63,0.044788175560348746,0.00281616706978137,0.053236676769692855,0.03633967435100464,False
Line_B,202,0.04413029411764706,802.44,68,0.044788175560348746,0.00281616706978137,0.053236676769692855,0.03633967435100464,False
Line_B,203,0.04724733333333333,780.29,60,0.044788175560348746,0.00281616706978137,0.053236676769692855,0.03633967435100464,False
Line_B,204,0.047346724137931034,865.25,58,0.044788175560348746,0.00281616706978137,0.053236676769692855,0.03633967435100464,False
Line_B,205,0.04383037037037037,626.5600000000001,54,0.044788175560348746,0.00281616706978137,0.053236676769692855,0.03633967435100464,False
Line_B,206,0.04435303571428571,750.68,56,0.044788175560348746,0.00281616706978137,0.053236676769692855,0.03633967435100464,False
Line_B,207,0.04671018518518518,729.43,54,0.044788175560348746,0.00281616706978137,0.053236676769692855,0.03633967435100464,False
Line_B,208,0.04400326086956522,547.96,46,0.044788175560348746,0.00281616706978137,0.053236676769692855,0.03633967435100464,False
Line_B,209,0.04092,763.5,58,0.044788175560348746,0.00281616706978137,0.053236676769692855,0.03633967435100464,False
Line_B,210,0.046186333333333336,761.79,60,0.044788175560348746,0.00281616706978137,0.053236676769692855,0.03633967435100464,False
Line_B,211,0.04166892857142857,818.21,56,0.044788175560348746,0.00281616706978137,0.053236676769692855,0.03633967435100464,False
Line_B,212,0.04286913043478261,927.86,69,0.044788175560348746,0.00281616706978137,0.053236676769692855,0.03633967435100464,False
Line_B,213,0.048452,656.15,55,0.044788175560348746,0.00281616706978137,0.053236676769692855,0.03633967435100464,False
Line_B,214,0.04430058823529411,677.35,51,0.044788175560348746,0.00281616706978137,0.053236676769692855,0.03633967435100464,False
Line_B,215,0.04418925373134328,871.54,67,0.044788175560348746,0.00281616706978137,0.053236676769692855,0.03633967435100464,False
Line_B,216,0.04126653846153846,524.59,52,0.044788175560348746,0.00281616706978137,0.053236676769692855,0.03633967435100464,False
Line_B,217,0.03861020833333333,671.51,48,0.044788175560348746,0.00281616706978137,0.053236676769692855,0.03633967435100464,False
Line_C,1,0.05616238095238095,810.3,63,0.05827130138523008,0.002815625198227015,0.06671817697991113,0.049824425790549035,False
Line_C,2,0.0567284126984127,708.87,63,0.05827130138523008,0.002815625198227015,0.06671817697991113,0.049824425790549035,False
Line_C,3,0.058197846153846156,757.77,65,0.05827130138523008,0.002815625198227015,0.06671817697991113,0.049824425790549035,False
Line_C,4,0.06503759259259259,712.44,54,0.05827130138523008,0.002815625198227015,0.06671817697991113,0.049824425790549035,False
Line_C,5,0.056649661016949154,665.3,59,0.05827130138523008,0.002815625198227015,0.06671817697991113,0.049824425790549035,False
Line_C,6,0.05662527272727273,625.16,55,0.05827130138523008,0.002815625198227015,0.06671817697991113,0.049824425790549035,False
Line_C,7,0.06389102040816327,617.99,49,0.05827130138523008,0.002815625198227015,0.06671817697991113,0.049824425790549035,False
Line_C,8,0.059628309859154925,889.17,71,0.05827130138523008,0.002815625198227015,0.06671817697991113,0.049824425790549035,False
Line_C,9,0.058666078431372545,539.17,51,0.05827130138523008,0.002815625198227015,0.06671817697991113,0.049824425790549035,False
Line_C,10,0.05682125,738.79,56,0.05827130138523008,0.002815625198227015,0.06671817697991113,0.049824425790549035,False
Line_C,11,0.05774783783783784,1059.12,74,0.05827130138523008,0.002815625198227015,0.06671817697991113,0.049824425790549035,False
Line_C,12,0.057161290322580646,755.97,62,0.05827130138523008,0.002815625198227015,0.06671817697991113,0.049824425790549035,False
Line_C,13,0.05822,953.85,70,0.05827130138523008,0.002815625198227015,0.06671817697991113,0.049824425790549035,False
Line_C,14,0.06432225806451612,697.7,62,0.05827130138523008,0.002815625198227015,0.06671817697991113,0.049824425790549035,False
Line_C,15,0.057105409836065574,768.78,61,0.05827130138523008,0.002815625198227015,0.06671817697991113,0.049824425790549035,False
Line_C,16,0.06300901639344263,793.72,61,0.05827130138523008,0.002815625198227015,0.06671817697991113,0.049824425790549035,False
Line_C,17,0.05959814814814815,682.58,54,0.05827130138523008,0.002815625198227015,0.06671817697991113,0.049824425790549035,False
Line_C,18,0.05844306451612904,681.09,62,0.05827130138523008,0.002815625198227015,0.06671817697991113,0.049824425790549035,False
Line_C,19,0.059226212121212124,867.95,66,0.05827130138523008,0.002815625198227015,0.06671817697991113,0.049824425790549035,False
Line_C,20,0.06018784313725491,721.57,51,0.05827130138523008,0.002815625198227015,0.06671817697991113,0.049824425790549035,False
Line_C,21,0.05010761194029851,797.5,67,0.05827130138523008,0.002815625198227015,0.06671817697991113,0.049824425790549035,False
Line_C,22,0.05572288461538462,595.87,52,0.05827130138523008,0.002815625198227015,0.06671817697991113,0.049824425790549035,False
Line_C,23,0.054454833333333334,787.66,60,0.05827130138523008,0.002815625198227015,0.06671817697991113,0.049824425790549035,False
Line_C,24,0.06002849315068493,964.42,73,0.05827130138523008,0.002815625198227015,0.06671817697991113,0.049824425790549035,False
Line_C,25,0.060422028985507255,819.08,69,0.05827130138523008,0.002815625198227015,0.06671817697991113,0.049824425790549035,False
Line_C,26,0.06108666666666667,601.95,54,0.05827130138523008,0.002815625198227015,0.06671817697991113,0.049824425790549035,False
Line_C,27,0.0576353125,806.63,64,0.05827130138523008,0.002815625198227015,0.06671817697991113,0.049824425790549035,False
Line_C,28,0.053219298245614034,762.83,57,0.05827130138523008,0.002815625198227015,0.06671817697991113,0.049824425790549035,False
Line_C,29,0.059665443037974684,883.75,79,0.05827130138523008,0.002815625198227015,0.06671817697991113,0.049824425790549035,False
Line_C,30,0.056586142857142856,844.99,70,0.05827130138523008,0.002815625198227015,0.06671817697991113,0.049824425790549035,False
Line_C,31,0.0598,712.66,60,0.05827130138523008,0.002815625198227015,0.06671817697991113,0.049824425790549035,False
Line_C,32,0.0622505,808.11,60,0.05827130138523008,0.002815625198227015,0.06671817697991113,0.049824425790549035,False
Line_C,33,0.054253492063492066,771.86,63,0.05827130138523008,0.002815625198227015,0.06671817697991113,0.049824425790549035,False
Line_C,34,0.05416338235294118,755.95,68,0.05827130138523008,0.002815625198227015,0.06671817697991113,0.049824425790549035,False
Line_C,35,0.06029477611940298,891.2,67,0.05827130138523008,0.002815625198227015,0.06671817697991113,0.049824425790549035,False
Line_C,36,0.059335942028985504,1044.26,69,0.05827130138523008,0.002815625198227015,0.06671817697991113,0.049824425790549035,False
Line_C,37,0.05337318181818182,904.02,66,0.05827130138523008,0.002815625198227015,0.06671817697991113,0.049824425790549035,False
Line_C,38,0.0581965,672.97,60,0.05827130138523008,0.002815625198227015,0.06671817697991113,0.049824425790549035,False
Line_C,39,0.05370507692307692,707.08,65,0.05827130138523008,0.002815625198227015,0.06671817697991113,0.049824425790549035,False
Line_C,40,0.05804046511627907,1085.94,86,0.05827130138523008,0.002815625198227015,0.06671817697991113,0.049824425790549035,False
Line_C,41,0.052509,659.09,60,0.05827130138523008,0.002815625198227015,0.06671817697991113,0.049824425790549035,False
Line_C,42,0.05237403225806452,775.42,62,0.05827130138523008,0.002815625198227015,0.06671817697991113,0.049824425790549035,False
Line_C,43,0.06079018181818181,827.11,55,0.05827130138523008,0.002815625198227015,0.06671817697991113,0.049824425790549035,False
Line_C,44,0.05834308823529412,825.03,68,0.05827130138523008,0.002815625198227015,0.06671817697991113,0.049824425790549035,False
Line_C,45,0.06137081967213115,820.2,61,0.05827130138523008,0.002815625198227015,0.06671817697991113,0.049824425790549035,False
Line_C,46,0.05537514285714286,840.98,70,0.05827130138523008,0.002815625198227015,0.06671817697991113,0.049824425790549035,False
Line_C,47,0.060128620689655174,782.2,58,0.05827130138523008,0.002815625198227015,0.06671817697991113,0.049824425790549035,False
Line_C,48,0.06019156862745098,645.58,51,0.05827130138523008,0.002815625198227015,0.06671817697991113,0.049824425790549035,False
Line_C,49,0.0647413432835821,892.25,67,0.05827130138523008,0.002815625198227015,0.06671817697991113,0.049824425790549035,False
Line_C,50,0.05593507692307692,630.38,65,0.05827130138523008,0.002815625198227015,0.06671817697991113,0.049824425790549035,False
Line_C,51,0.05716540983606557,865.05,61,0.05827130138523008,0.002815625198227015,0.06671817697991113,0.049824425790549035,False
Line_C,52,0.056658059701492534,812.09,67,0.05827130138523008,0.002815625198227015,0.06671817697991113,0.049824425790549035,False
Line_C,53,0.0587671052631579,884.96,76,0.05827130138523008,0.002815625198227015,0.06671817697991113,0.049824425790549035,False
Line_C,54,0.05810406779661017,846.78,59,0.05827130138523008,0.002815625198227015,0.06671817697991113,0.049824425790549035,False
Line_C,55,0.06159377358490566,774.49,53,0.05827130138523008,0.002815625198227015,0.06671817697991113,0.049824425790549035,False
Line_C,56,0.05897633333333333,650.94,60,0.05827130138523008,0.002815625198227015,0.06671817697991113,0.049824425790549035,False
Line_C,57,0.058377580645161284,721.82,62,0.05827130138523008,0.002815625198227015,0.06671817697991113,0.049824425790549035,False
Line_C,58,0.05644265625,765.63,64,0.05827130138523008,0.002815625198227015,0.06671817697991113,0.049824425790549035,False
Line_C,59,0.05698716666666667,850.85,60,0.05827130138523008,0.002815625198227015,0.06671817697991113,0.049824425790549035,False
Line_C,60,0.05685794117647059,808.1,68,0.05827130138523008,0.002815625198227015,0.06671817697991113,0.049824425790549035,False
Line_C,61,0.06160773333333334,938.76,75,0.05827130138523008,0.002815625198227015,0.06671817697991113,0.049824425790549035,False
Line_C,62,0.05371301369863014,834.49,73,0.05827130138523008,0.002815625198227015,0.06671817697991113,0.049824425790549035,False
Line_C,63,0.05665913793103448,669.1,58,0.05827130138523008,0.002815625198227015,0.06671817697991113,0.049824425790549035,False
Line_C,64,0.057708688524590164,788.34,61,0.05827130138523008,0.002815625198227015,0.06671817697991113,0.049824425790549035,False
Line_C,65,0.059831111111111106,766.1,63,0.05827130138523008,0.002815625198227015,0.06671817697991113,0.049824425790549035,False
Line_C,66,0.06115308823529412,898.2,68,0.05827130138523008,0.002815625198227015,0.06671817697991113,0.049824425790549035,False
Line_C,67,0.05688984126984127,727.66,63,0.05827130138523008,0.002815625198227015,0.06671817697991113,0.049824425790549035,False
Line_C,68,0.05880285714285715,656.84,49,0.05827130138523008,0.002815625198227015,0.06671817697991113,0.049824425790549035,False
Line_C,69,0.0584949090909091,849.6899999999999,55,0.05827130138523008,0.002815625198227015,0.06671817697991113,0.049824425790549035,False
Line_C,70,0.061015714285714284,852.03,63,0.05827130138523008,0.002815625198227015,0.06671817697991113,0.049824425790549035,False
Line_C,71,0.05917712121212121,876.08,66,0.05827130138523008,0.002815625198227015,0.06671817697991113,0.049824425790549035,False
Line_C,72,0.05341690909090909,544.99,55,0.05827130138523008,0.002815625198227015,0.06671817697991113,0.049824425790549035,False
Line_C,73,0.05604676470588235,978.36,68,0.05827130138523008,0.002815625198227015,0.06671817697991113,0.049824425790549035,False
Line_C,74,0.06353559322033898,621.1,59,0.05827130138523008,0.002815625198227015,0.06671817697991113,0.049824425790549035,False
Line_C,75,0.05923983606557377,710.77,61,0.05827130138523008,0.002815625198227015,0.06671817697991113,0.049824425790549035,False
Line_C,76,0.056686,664.24,55,0.05827130138523008,0.002815625198227015,0.06671817697991113,0.049824425790549035,False
Line_C,77,0.05610655172413793,540.46,58,0.05827130138523008,0.002815625198227015,0.06671817697991113,0.049824425790549035,False
Line_C,78,0.05560183098591549,877.36,71,0.05827130138523008,0.002815625198227015,0.06671817697991113,0.049824425790549035,False
Line_C,79,0.0575475,881.61,64,0.05827130138523008,0.002815625198227015,0.06671817697991113,0.049824425790549035,False
Line_C,80,0.05816743243243243,817.57,74,0.05827130138523008,0.002815625198227015,0.06671817697991113,0.049824425790549035,False
Line_C,81,0.062035454545454546,735.3100000000001,66,0.05827130138523008,0.002815625198227015,0.06671817697991113,0.049824425790549035,False
Line_C,82,0.05950464285714285,682.87,56,0.05827130138523008,0.002815625198227015,0.06671817697991113,0.049824425790549035,False
Line_C,83,0.05516529411764706,711.54,68,0.05827130138523008,0.002815625198227015,0.06671817697991113,0.049824425790549035,False
Line_C,84,0.0633828787878788,780.55,66,0.05827130138523008,0.002815625198227015,0.06671817697991113,0.049824425790549035,False
Line_C,85,0.0543655737704918,779.5699999999999,61,0.05827130138523008,0.002815625198227015,0.06671817697991113,0.049824425790549035,False
Line_C,86,0.061907333333333335,894.68,60,0.05827130138523008,0.002815625198227015,0.06671817697991113,0.049824425790549035,False
Line_C,87,0.05793257575757576,741.86,66,0.05827130138523008,0.002815625198227015,0.06671817697991113,0.049824425790549035,False
Line_C,88,0.056968382352941174,768.91,68,0.05827130138523008,0.002815625198227015,0.06671817697991113,0.049824425790549035,False
Line_C,89,0.061072352941176467,674.08,51,0.05827130138523008,0.002815625198227015,0.06671817697991113,0.049824425790549035,False
Line_C,90,0.057856164383561635,895.73,73,0.05827130138523008,0.002815625198227015,0.06671817697991113,0.049824425790549035,False
Line_C,91,0.059833076923076926,652.37,52,0.05827130138523008,0.002815625198227015,0.06671817697991113,0.049824425790549035,False
Line_C,92,0.058254545454545455,586.51,55,0.05827130138523008,0.002815625198227015,0.06671817697991113,0.049824425790549035,False
Line_C,93,0.060080892857142854,672.51,56,0.05827130138523008,0.002815625198227015,0.06671817697991113,0.049824425790549035,False
Line_C,94,0.05922155844155844,1133.11,77,0.05827130138523008,0.002815625198227015,0.06671817697991113,0.049824425790549035,False
Line_C,95,0.055437313432835825,937.26,67,0.05827130138523008,0.002815625198227015,0.06671817697991113,0.049824425790549035,False
Line_C,96,0.059115079365079364,742.95,63,0.05827130138523008,0.002815625198227015,0.06671817697991113,0.049824425790549035,False
Line_C,97,0.060285344827586206,688.92,58,0.05827130138523008,0.002815625198227015,0.06671817697991113,0.049824425790549035,False
Line_C,98,0.054657413793103446,692.77,58,0.05827130138523008,0.002815625198227015,0.06671817697991113,0.049824425790549035,False
Line_C,99,0.060142028985507245,911.58,69,0.05827130138523008,0.002815625198227015,0.06671817697991113,0.049824425790549035,False
Line_C,100,0.057956935483870965,712.85,62,0.05827130138523008,0.002815625198227015,0.06671817697991113,0.049824425790549035,False
Line_C,101,0.06114666666666667,732.37,57,0.05827130138523008,0.002815625198227015,0.06671817697991113,0.049824425790549035,False
Line_C,102,0.05629515151515151,794.55,66,0.05827130138523008,0.002815625198227015,0.06671817697991113,0.049824425790549035,False
Line_C,103,0.059935555555555554,781.09,63,0.05827130138523008,0.002815625198227015,0.06671817697991113,0.049824425790549035,False
Line_C,104,0.06250101694915254,749.37,59,0.05827130138523008,0.002815625198227015,0.06671817697991113,0.049824425790549035,False
Line_C,105,0.06069584905660378,571.45,53,0.05827130138523008,0.002815625198227015,0.06671817697991113,0.049824425790549035,False
Line_C,106,0.05554515151515151,898.9,66,0.05827130138523008,0.002815625198227015,0.06671817697991113,0.049824425790549035,False
Line_C,107,0.05700354838709677,599.59,62,0.05827130138523008,0.002815625198227015,0.06671817697991113,0.049824425790549035,False
Line_C,108,0.05717890625,741.11,64,0.05827130138523008,0.002815625198227015,0.06671817697991113,0.049824425790549035,False
Line_C,109,0.058665961538461535,678.1899999999999,52,0.05827130138523008,0.002815625198227015,0.06671817697991113,0.049824425790549035,False
Line_C,110,0.05773206896551725,629.97,58,0.05827130138523008,0.002815625198227015,0.06671817697991113,0.049824425790549035,False
Line_C,111,0.05936475409836065,799.16,61,0.05827130138523008,0.002815625198227015,0.06671817697991113,0.049824425790549035,False
Line_C,112,0.06061064516129032,834.67,62,0.05827130138523008,0.002815625198227015,0.06671817697991113,0.049824425790549035,False
Line_C,113,0.05686942857142857,777.11,70,0.05827130138523008,0.002815625198227015,0.06671817697991113,0.049824425790549035,False
Line_C,114,0.05408285714285714,817.3199999999999,70,0.05827130138523008,0.002815625198227015,0.06671817697991113,0.049824425790549035,False
Line_C,115,0.05241621212121212,722.6700000000001,66,0.05827130138523008,0.002815625198227015,0.06671817697991113,0.049824425790549035,False
Line_C,116,0.05370309090909091,669.38,55,0.05827130138523008,0.002815625198227015,0.06671817697991113,0.049824425790549035,False
Line_C,117,0.06109779411764706,840.45,68,0.05827130138523008,0.002815625198227015,0.06671817697991113,0.049824425790549035,False
Line_C,118,0.054681147540983605,703.5,61,0.05827130138523008,0.002815625198227015,0.06671817697991113,0.049824425790549035,False
Line_C,119,0.061584861111111104,945.69,72,0.05827130138523008,0.002815625198227015,0.06671817697991113,0.049824425790549035,False
Line_C,120,0.060952769230769234,819.65,65,0.05827130138523008,0.002815625198227015,0.06671817697991113,0.049824425790549035,False
Line_C,121,0.05778105263157895,619.92,57,0.05827130138523008,0.002815625198227015,0.06671817697991113,0.049824425790549035,False
Line_C,122,0.06319770833333334,607.63,48,0.05827130138523008,0.002815625198227015,0.06671817697991113,0.049824425790549035,False
Line_C,123,0.059222500000000004,649.63,56,0.05827130138523008,0.002815625198227015,0.06671817697991113,0.049824425790549035,False
Line_C,124,0.0586478125,775.1800000000001,64,0.05827130138523008,0.002815625198227015,0.06671817697991113,0.049824425790549035,False
Line_C,125,0.058140422535211275,841.8199999999999,71,0.05827130138523008,0.002815625198227015,0.06671817697991113,0.049824425790549035,False
Line_C,126,0.05672632352941177,825.07,68,0.05827130138523008,0.002815625198227015,0.06671817697991113,0.049824425790549035,False
Line_C,127,0.05577534482758621,772.37,58,0.05827130138523008,0.002815625198227015,0.06671817697991113,0.049824425790549035,False
Line_C,128,0.056862666666666666,709.98,60,0.05827130138523008,0.002815625198227015,0.06671817697991113,0.049824425790549035,False
Line_C,129,0.06010338235294118,823.17,68,0.05827130138523008,0.002815625198227015,0.06671817697991113,0.049824425790549035,False
Line_C,130,0.058353538461538464,757.11,65,0.05827130138523008,0.002815625198227015,0.06671817697991113,0.049824425790549035,False
Line_C,131,0.05924057971014493,745.21,69,0.05827130138523008,0.002815625198227015,0.06671817697991113,0.049824425790549035,False
Line_C,132,0.05808421875,1039.35,64,0.05827130138523008,0.002815625198227015,0.06671817697991113,0.049824425790549035,False
Line_C,133,0.05580984848484849,858.33,66,0.05827130138523008,0.002815625198227015,0.06671817697991113,0.049824425790549035,False
Line_C,134,0.057858181818181816,815.31,66,0.05827130138523008,0.002815625198227015,0.06671817697991113,0.049824425790549035,False
Line_C,135,0.05776033898305084,817.29,59,0.05827130138523008,0.002815625198227015,0.06671817697991113,0.049824425790549035,False
Line_C,136,0.058542343749999996,868.57,64,0.05827130138523008,0.002815625198227015,0.06671817697991113,0.049824425790549035,False
Line_C,137,0.0590340579710145,844.16,69,0.05827130138523008,0.002815625198227015,0.06671817697991113,0.049824425790549035,False
Line_C,138,0.058817812500000004,822.33,64,0.05827130138523008,0.002815625198227015,0.06671817697991113,0.049824425790549035,False
Line_C,139,0.052062105263157896,648.02,57,0.05827130138523008,0.002815625198227015,0.06671817697991113,0.049824425790549035,False
Line_C,140,0.05730529411764706,818.07,68,0.05827130138523008,0.002815625198227015,0.06671817697991113,0.049824425790549035,False
Line_C,141,0.05695014084507042,1031.26,71,0.05827130138523008,0.002815625198227015,0.06671817697991113,0.049824425790549035,False
Line_C,142,0.05874184210526316,831.5,76,0.05827130138523008,0.002815625198227015,0.06671817697991113,0.049824425790549035,False
Line_C,143,0.05182862068965517,699.8100000000001,58,0.05827130138523008,0.002815625198227015,0.06671817697991113,0.049824425790549035,False
Line_C,144,0.05760620689655172,642.05,58,0.05827130138523008,0.002815625198227015,0.06671817697991113,0.049824425790549035,False
Line_C,145,0.06233482758620689,826.81,58,0.05827130138523008,0.002815625198227015,0.06671817697991113,0.049824425790549035,False
Line_C,146,0.057205522388059704,1009.03,67,0.05827130138523008,0.002815625198227015,0.06671817697991113,0.049824425790549035,False
Line_C,147,0.05524173913043478,924.24,69,0.05827130138523008,0.002815625198227015,0.06671817697991113,0.049824425790549035,False
Line_C,148,0.058083018867924524,593.3199999999999,53,0.05827130138523008,0.002815625198227015,0.06671817697991113,0.049824425790549035,False
Line_C,149,0.06018688524590164,792.47,61,0.05827130138523008,0.002815625198227015,0.06671817697991113,0.049824425790549035,False
Line_C,150,0.060867142857142856,743.47,56,0.05827130138523008,0.002815625198227015,0.06671817697991113,0.049824425790549035,False
Line_C,151,0.06145593220338983,882.57,59,0.05827130138523008,0.002815625198227015,0.06671817697991113,0.049824425790549035,False
Line_C,152,0.05881954545454545,767.75,66,0.05827130138523008,0.002815625198227015,0.06671817697991113,0.049824425790549035,False
Line_C,153,0.05446388059701493,712.15,67,0.05827130138523008,0.002815625198227015,0.06671817697991113,0.049824425790549035,False
Line_C,154,0.055903939393939395,716.33,66,0.05827130138523008,0.002815625198227015,0.06671817697991113,0.049824425790549035,False
Line_C,155,0.058205671641791044,859.1999999999999,67,0.05827130138523008,0.002815625198227015,0.06671817697991113,0.049824425790549035,False
Line_C,156,0.0569131884057971,822.37,69,0.05827130138523008,0.002815625198227015,0.06671817697991113,0.049824425790549035,False
Line_C,157,0.05933770491803279,840.48,61,0.05827130138523008,0.002815625198227015,0.06671817697991113,0.049824425790549035,False
Line_C,158,0.05736492957746479,814.85,71,0.05827130138523008,0.002815625198227015,0.06671817697991113,0.049824425790549035,False
Line_C,159,0.05904135593220339,864.73,59,0.05827130138523008,0.002815625198227015,0.06671817697991113,0.049824425790549035,False
Line_C,160,0.055574,938.47,70,0.05827130138523008,0.002815625198227015,0.06671817697991113,0.049824425790549035,False
Line_C,161,0.0633282142857143,696.91,56,0.05827130138523008,0.002815625198227015,0.06671817697991113,0.049824425790549035,False
Line_C,162,0.058625,635.23,50,0.05827130138523008,0.002815625198227015,0.06671817697991113,0.049824425790549035,False
Line_C,163,0.06033565217391305,948.67,69,0.05827130138523008,0.002815625198227015,0.06671817697991113,0.049824425790549035,False
Line_C,164,0.05673676923076923,885.12,65,0.05827130138523008,0.002815625198227015,0.06671817697991113,0.049824425790549035,False
Line_C,165,0.06120166666666667,692.34,60,0.05827130138523008,0.002815625198227015,0.06671817697991113,0.049824425790549035,False
Line_C,166,0.06353849056603773,607.6,53,0.05827130138523008,0.002815625198227015,0.06671817697991113,0.049824425790549035,False
Line_C,167,0.05812633333333333,786.66,60,0.05827130138523008,0.002815625198227015,0.06671817697991113,0.049824425790549035,False
Line_C,168,0.05967030769230769,821.61,65,0.05827130138523008,0.002815625198227015,0.06671817697991113,0.049824425790549035,False
Line_C,169,0.06025109589041095,871.48,73,0.05827130138523008,0.002815625198227015,0.06671817697991113,0.049824425790549035,False
Line_C,170,0.05932514705882353,864.89,68,0.05827130138523008,0.002815625198227015,0.06671817697991113,0.049824425790549035,False
Line_C,171,0.055560161290322575,823.76,62,0.05827130138523008,0.002815625198227015,0.06671817697991113,0.049824425790549035,False
Line_C,172,0.052198840579710144,826.57,69,0.05827130138523008,0.002815625198227015,0.06671817697991113,0.049824425790549035,False
Line_C,173,0.0628578431372549,575.3100000000001,51,0.05827130138523008,0.002815625198227015,0.06671817697991113,0.049824425790549035,False
Line_C,174,0.057133728813559326,721.4,59,0.05827130138523008,0.002815625198227015,0.06671817697991113,0.049824425790549035,False
Line_C,175,0.06278323943661972,1064.68,71,0.05827130138523008,0.002815625198227015,0.06671817697991113,0.049824425790549035,False
Line_C,176,0.059702456140350885,732.24,57,0.05827130138523008,0.002815625198227015,0.06671817697991113,0.049824425790549035,False
Line_C,177,0.05240500000000001,601.4,58,0.05827130138523008,0.002815625198227015,0.06671817697991113,0.049824425790549035,False
Line_C,178,0.05697676470588236,710.52,68,0.05827130138523008,0.002815625198227015,0.06671817697991113,0.049824425790549035,False
Line_C,179,0.05966553571428572,677.23,56,0.05827130138523008,0.002815625198227015,0.06671817697991113,0.049824425790549035,False
Line_C,180,0.06184907692307693,868.39,65,0.05827130138523008,0.002815625198227015,0.06671817697991113,0.049824425790549035,False
Line_C,181,0.061128833333333334,626.48,60,0.05827130138523008,0.002815625198227015,0.06671817697991113,0.049824425790549035,False
Line_C,182,0.06082405797101449,998.16,69,0.05827130138523008,0.002815625198227015,0.06671817697991113,0.049824425790549035,False
Line_C,183,0.061730851063829785,677.47,47,0.05827130138523008,0.002815625198227015,0.06671817697991113,0.049824425790549035,False
Line_C,184,0.06158913793103448,764.46,58,0.05827130138523008,0.002815625198227015,0.06671817697991113,0.049824425790549035,False
Line_C,185,0.06359984126984126,711.56,63,0.05827130138523008,0.002815625198227015,0.06671817697991113,0.049824425790549035,False
Line_C,186,0.05745805555555556,1027.08,72,0.05827130138523008,0.002815625198227015,0.06671817697991113,0.049824425790549035,False
Line_C,187,0.05425066666666667,607.91,60,0.05827130138523008,0.002815625198227015,0.06671817697991113,0.049824425790549035,False
Line_C,188,0.06016810344827586,682.43,58,0.05827130138523008,0.002815625198227015,0.06671817697991113,0.049824425790549035,False
Line_C,189,0.05730652173913043,894.6899999999999,69,0.05827130138523008,0.002815625198227015,0.06671817697991113,0.049824425790549035,False
Line_C,190,0.0606204054054054,857.66,74,0.05827130138523008,0.002815625198227015,0.06671817697991113,0.049824425790549035,False
Line_C,191,0.05751046153846154,687.67,65,0.05827130138523008,0.002815625198227015,0.06671817697991113,0.049824425790549035,False
Line_C,192,0.057511904761904764,862.64,63,0.05827130138523008,0.002815625198227015,0.06671817697991113,0.049824425790549035,False
Line_C,193,0.059727499999999996,741.44,68,0.05827130138523008,0.002815625198227015,0.06671817697991113,0.049824425790549035,False
Line_C,194,0.054122982456140355,623.58,57,0.05827130138523008,0.002815625198227015,0.06671817697991113,0.049824425790549035,False
Line_C,195,0.0562263768115942,829.01,69,0.05827130138523008,0.002815625198227015,0.06671817697991113,0.049824425790549035,False
Line_C,196,0.06192781818181818,752.67,55,0.05827130138523008,0.002815625198227015,0.06671817697991113,0.049824425790549035,False
Line_C,197,0.0599513698630137,855.1,73,0.05827130138523008,0.002815625198227015,0.06671817697991113,0.049824425790549035,False
Line_C,198,0.0618466,547.62,50,0.05827130138523008,0.002815625198227015,0.06671817697991113,0.049824425790549035,False
Line_C,199,0.05976,971.53,76,0.05827130138523008,0.002815625198227015,0.06671817697991113,0.049824425790549035,False
Line_C,200,0.06074285714285714,813.2,63,0.05827130138523008,0.002815625198227015,0.06671817697991113,0.049824425790549035,False
Line_C,201,0.05720227272727273,731.48,66,0.05827130138523008,0.002815625198227015,0.06671817697991113,0.049824425790549035,False
Line_C,202,0.062039375,907.33,64,0.05827130138523008,0.002815625198227015,0.06671817697991113,0.049824425790549035,False
Line_C,203,0.0518758064516129,879.9399999999999,62,0.05827130138523008,0.002815625198227015,0.06671817697991113,0.049824425790549035,False
Line_C,204,0.05836929824561403,715.94,57,0.05827130138523008,0.002815625198227015,0.06671817697991113,0.049824425790549035,False
Line_C,205,0.06051704225352113,913.31,71,0.05827130138523008,0.002815625198227015,0.06671817697991113,0.049824425790549035,False
Line_C,206,0.056374615384615384,676.13,52,0.05827130138523008,0.002815625198227015,0.06671817697991113,0.049824425790549035,False
Line_C,207,0.05511438356164383,931.14,73,0.05827130138523008,0.002815625198227015,0.06671817697991113,0.049824425790549035,False
Line_C,208,0.053674210526315796,825.55,76,0.05827130138523008,0.002815625198227015,0.06671817697991113,0.049824425790549035,False
Line_C,209,0.0581748275862069,787.9,58,0.05827130138523008,0.002815625198227015,0.06671817697991113,0.049824425790549035,False
Line_C,210,0.05376483333333334,647.92,60,0.05827130138523008,0.002815625198227015,0.06671817697991113,0.049824425790549035,False
Line_C,211,0.055434285714285714,748.6899999999999,63,0.05827130138523008,0.002815625198227015,0.06671817697991113,0.049824425790549035,False
Line_C,212,0.05630614035087719,624.9,57,0.05827130138523008,0.002815625198227015,0.06671817697991113,0.049824425790549035,False
Line_C,213,0.05710966666666666,650.65,60,0.05827130138523008,0.002815625198227015,0.06671817697991113,0.049824425790549035,False
Line_C,214,0.06079587301587302,745.81,63,0.05827130138523008,0.002815625198227015,0.06671817697991113,0.049824425790549035,False
Line_C,215,0.05850490566037736,625.47,53,0.05827130138523008,0.002815625198227015,0.06671817697991113,0.049824425790549035,False
Line_C,216,0.05749709677419355,835.37,62,0.05827130138523008,0.002815625198227015,0.06671817697991113,0.049824425790549035,False
Line_C,217,0.060290652173913044,657.02,46,0.05827130138523008,0.002815625198227015,0.06671817697991113,0.049824425790549035,False
Line_D,1,0.04250326530612245,688.46,49,0.04108172647399447,0.0027427909429858276,0.04931009930295195,0.032853353645036984,False
Line_D,2,0.046082105263157896,610.83,57,0.04108172647399447,0.0027427909429858276,0.04931009930295195,0.032853353645036984,False
Line_D,3,0.038629824561403514,744.21,57,0.04108172647399447,0.0027427909429858276,0.04931009930295195,0.032853353645036984,False
Line_D,4,0.03508509803921569,565.58,51,0.04108172647399447,0.0027427909429858276,0.04931009930295195,0.032853353645036984,False
Line_D,5,0.038730714285714285,583.92,56,0.04108172647399447,0.0027427909429858276,0.04931009930295195,0.032853353645036984,False
Line_D,6,0.0380735593220339,780.54,59,0.04108172647399447,0.0027427909429858276,0.04931009930295195,0.032853353645036984,False
Line_D,7,0.046794999999999996,800.95,58,0.04108172647399447,0.0027427909429858276,0.04931009930295195,0.032853353645036984,False
Line_D,8,0.03866018867924528,628.39,53,0.04108172647399447,0.0027427909429858276,0.04931009930295195,0.032853353645036984,False
Line_D,9,0.03996745098039215,521.1,51,0.04108172647399447,0.0027427909429858276,0.04931009930295195,0.032853353645036984,False
Line_D,10,0.03661875,603.79,48,0.04108172647399447,0.0027427909429858276,0.04931009930295195,0.032853353645036984,False
Line_D,11,0.039683584905660374,671.13,53,0.04108172647399447,0.0027427909429858276,0.04931009930295195,0.032853353645036984,False
Line_D,12,0.04429925925925926,693.83,54,0.04108172647399447,0.0027427909429858276,0.04931009930295195,0.032853353645036984,False
Line_D,13,0.04142117647058824,591.24,51,0.04108172647399447,0.0027427909429858276,0.04931009930295195,0.032853353645036984,False
Line_D,14,0.03933,526.28,43,0.04108172647399447,0.0027427909429858276,0.04931009930295195,0.032853353645036984,False
Line_D,15,0.04284223880597015,689.08,67,0.04108172647399447,0.0027427909429858276,0.04931009930295195,0.032853353645036984,False
Line_D,16,0.038192,655.29,50,0.04108172647399447,0.0027427909429858276,0.04931009930295195,0.032853353645036984,False
Line_D,17,0.03849127659574468,589.71,47,0.04108172647399447,0.0027427909429858276,0.04931009930295195,0.032853353645036984,False
Line_D,18,0.03814614035087719,576.22,57,0.04108172647399447,0.0027427909429858276,0.04931009930295195,0.032853353645036984,False
Line_D,19,0.03788487804878049,522.73,41,0.04108172647399447,0.0027427909429858276,0.04931009930295195,0.032853353645036984,False
Line_D,20,0.0432784,613.9,50,0.04108172647399447,0.0027427909429858276,0.04931009930295195,0.032853353645036984,False
Line_D,21,0.03700410256410257,478.74,39,0.04108172647399447,0.0027427909429858276,0.04931009930295195,0.032853353645036984,False
Line_D,22,0.04230652173913043,546.49,46,0.04108172647399447,0.0027427909429858276,0.04931009930295195,0.032853353645036984,False
Line_D,23,0.03853843137254902,695.7,51,0.04108172647399447,0.0027427909429858276,0.04931009930295195,0.032853353645036984,False
Line_D,24,0.03899377358490567,569.96,53,0.04108172647399447,0.0027427909429858276,0.04931009930295195,0.032853353645036984,False
Line_D,25,0.04021442307692307,558.89,52,0.04108172647399447,0.0027427909429858276,0.04931009930295195,0.032853353645036984,False
Line_D,26,0.03976533333333333,587.99,45,0.04108172647399447,0.0027427909429858276,0.04931009930295195,0.032853353645036984,False
Line_D,27,0.036793962264150944,457.77,53,0.04108172647399447,0.0027427909429858276,0.04931009930295195,0.032853353645036984,False
Line_D,28,0.037650877192982456,617.88,57,0.04108172647399447,0.0027427909429858276,0.04931009930295195,0.032853353645036984,False
Line_D,29,0.041560714285714284,577.55,42,0.04108172647399447,0.0027427909429858276,0.04931009930295195,0.032853353645036984,False
Line_D,30,0.04807960784313725,643.18,51,0.04108172647399447,0.0027427909429858276,0.04931009930295195,0.032853353645036984,False
Line_D,31,0.04405666666666667,669.84,54,0.04108172647399447,0.0027427909429858276,0.04931009930295195,0.032853353645036984,False
Line_D,32,0.03772096774193548,717.22,62,0.04108172647399447,0.0027427909429858276,0.04931009930295195,0.032853353645036984,False
Line_D,33,0.04405354166666667,694.56,48,0.04108172647399447,0.0027427909429858276,0.04931009930295195,0.032853353645036984,False
Line_D,34,0.042708947368421055,606.43,57,0.04108172647399447,0.0027427909429858276,0.04931009930295195,0.032853353645036984,False
Line_D,35,0.03951960784313725,570.73,51,0.04108172647399447,0.0027427909429858276,0.04931009930295195,0.032853353645036984,False
Line_D,36,0.04172655172413793,795.28,58,0.04108172647399447,0.0027427909429858276,0.04931009930295195,0.032853353645036984,False
Line_D,37,0.03874411764705882,674.45,51,0.04108172647399447,0.0027427909429858276,0.04931009930295195,0.032853353645036984,False
Line_D,38,0.03754923076923077,676.0,52,0.04108172647399447,0.0027427909429858276,0.04931009930295195,0.032853353645036984,False
Line_D,39,0.04353509803921568,729.66,51,0.04108172647399447,0.0027427909429858276,0.04931009930295195,0.032853353645036984,False
Line_D,40,0.04477222222222222,523.38,45,0.04108172647399447,0.0027427909429858276,0.04931009930295195,0.032853353645036984,False
Line_D,41,0.043545178571428575,604.97,56,0.04108172647399447,0.0027427909429858276,0.04931009930295195,0.032853353645036984,False
Line_D,42,0.0413802,619.74,50,0.04108172647399447,0.0027427909429858276,0.04931009930295195,0.032853353645036984,False
Line_D,43,0.03866377358490566,781.3,53,0.04108172647399447,0.0027427909429858276,0.04931009930295195,0.032853353645036984,False
Line_D,44,0.03797528301886793,557.07,53,0.04108172647399447,0.0027427909429858276,0.04931009930295195,0.032853353645036984,False
Line_D,45,0.045522,689.35,60,0.04108172647399447,0.0027427909429858276,0.04931009930295195,0.032853353645036984,False
Line_D,46,0.03975830508474577,752.9,59,0.04108172647399447,0.0027427909429858276,0.04931009930295195,0.032853353645036984,False
Line_D,47,0.03882511627906977,516.6800000000001,43,0.04108172647399447,0.0027427909429858276,0.04931009930295195,0.032853353645036984,False
Line_D,48,0.03646627450980392,505.29,51,0.04108172647399447,0.0027427909429858276,0.04931009930295195,0.032853353645036984,False
Line_D,49,0.0385314,596.29,50,0.04108172647399447,0.0027427909429858276,0.04931009930295195,0.032853353645036984,False
Line_D,50,0.041160416666666665,535.06,48,0.04108172647399447,0.0027427909429858276,0.04931009930295195,0.032853353645036984,False
Line_D,51,0.040755208333333334,574.56,48,0.04108172647399447,0.0027427909429858276,0.04931009930295195,0.032853353645036984,False
Line_D,52,0.04239297872340426,555.1,47,0.04108172647399447,0.0027427909429858276,0.04931009930295195,0.032853353645036984,False
Line_D,53,0.042628918918918915,455.49,37,0.04108172647399447,0.0027427909429858276,0.04931009930295195,0.032853353645036984,False
Line_D,54,0.039994814814814816,642.31,54,0.04108172647399447,0.0027427909429858276,0.04931009930295195,0.032853353645036984,False
Line_D,55,0.04285479166666667,550.19,48,0.04108172647399447,0.0027427909429858276,0.04931009930295195,0.032853353645036984,False
Line_D,56,0.04216428571428572,563.18,49,0.04108172647399447,0.0027427909429858276,0.04931009930295195,0.032853353645036984,False
Line_D,57,0.040821111111111114,704.73,54,0.04108172647399447,0.0027427909429858276,0.04931009930295195,0.032853353645036984,False
Line_D,58,0.04130770833333333,705.67,48,0.04108172647399447,0.0027427909429858276,0.04931009930295195,0.032853353645036984,False
Line_D,59,0.04012289855072464,796.18,69,0.04108172647399447,0.0027427909429858276,0.04931009930295195,0.032853353645036984,False
Line_D,60,0.04270125,779.13,56,0.04108172647399447,0.0027427909429858276,0.04931009930295195,0.032853353645036984,False
Line_D,61,0.04448421052631579,731.69,57,0.04108172647399447,0.0027427909429858276,0.04931009930295195,0.032853353645036984,False
Line_D,62,0.038829375,530.32,48,0.04108172647399447,0.0027427909429858276,0.04931009930295195,0.032853353645036984,False
Line_D,63,0.04036095238095238,797.3,63,0.04108172647399447,0.0027427909429858276,0.04931009930295195,0.032853353645036984,False
Line_D,64,0.042205,533.05,48,0.04108172647399447,0.0027427909429858276,0.04931009930295195,0.032853353645036984,False
Line_D,65,0.0388825,639.4,56,0.04108172647399447,0.0027427909429858276,0.04931009930295195,0.032853353645036984,False
Line_D,66,0.04708074074074074,677.09,54,0.04108172647399447,0.0027427909429858276,0.04931009930295195,0.032853353645036984,False
Line_D,67,0.03977535714285714,806.03,56,0.04108172647399447,0.0027427909429858276,0.04931009930295195,0.032853353645036984,False
Line_D,68,0.0411809375,745.05,64,0.04108172647399447,0.0027427909429858276,0.04931009930295195,0.032853353645036984,False
Line_D,69,0.0489475,667.0500000000001,52,0.04108172647399447,0.0027427909429858276,0.04931009930295195,0.032853353645036984,False
Line_D,70,0.04242384615384615,664.56,52,0.04108172647399447,0.0027427909429858276,0.04931009930295195,0.032853353645036984,False
Line_D,71,0.04086593220338983,700.4,59,0.04108172647399447,0.0027427909429858276,0.04931009930295195,0.032853353645036984,False
Line_D,72,0.044317627118644065,709.73,59,0.04108172647399447,0.0027427909429858276,0.04931009930295195,0.032853353645036984,False
Line_D,73,0.042041886792452826,617.58,53,0.04108172647399447,0.0027427909429858276,0.04931009930295195,0.032853353645036984,False
Line_D,74,0.04680037735849057,729.58,53,0.04108172647399447,0.0027427909429858276,0.04931009930295195,0.032853353645036984,False
Line_D,75,0.04156964912280702,581.67,57,0.04108172647399447,0.0027427909429858276,0.04931009930295195,0.032853353645036984,False
Line_D,76,0.04050854838709678,757.11,62,0.04108172647399447,0.0027427909429858276,0.04931009930295195,0.032853353645036984,False
Line_D,77,0.03975304347826087,617.37,46,0.04108172647399447,0.0027427909429858276,0.04931009930295195,0.032853353645036984,False
Line_D,78,0.0409868,730.11,50,0.04108172647399447,0.0027427909429858276,0.04931009930295195,0.032853353645036984,False
Line_D,79,0.04048275862068965,734.8100000000001,58,0.04108172647399447,0.0027427909429858276,0.04931009930295195,0.032853353645036984,False
Line_D,80,0.04357458333333333,633.36,48,0.04108172647399447,0.0027427909429858276,0.04931009930295195,0.032853353645036984,False
Line_D,81,0.03884683333333334,617.14,60,0.04108172647399447,0.0027427909429858276,0.04931009930295195,0.032853353645036984,False
Line_D,82,0.04187103448275862,838.99,58,0.04108172647399447,0.0027427909429858276,0.04931009930295195,0.032853353645036984,False
Line_D,83,0.043438,664.76,50,0.04108172647399447,0.0027427909429858276,0.04931009930295195,0.032853353645036984,False
Line_D,84,0.04308865384615385,702.51,52,0.04108172647399447,0.0027427909429858276,0.04931009930295195,0.032853353645036984,False
Line_D,85,0.040208,741.37,65,0.04108172647399447,0.0027427909429858276,0.04931009930295195,0.032853353645036984,False
Line_D,86,0.03655203389830508,759.14,59,0.04108172647399447,0.0027427909429858276,0.04931009930295195,0.032853353645036984,False
Line_D,87,0.04062114754098361,669.99,61,0.04108172647399447,0.0027427909429858276,0.04931009930295195,0.032853353645036984,False
Line_D,88,0.03635672727272727,634.96,55,0.04108172647399447,0.0027427909429858276,0.04931009930295195,0.032853353645036984,False
Line_D,89,0.037746557377049184,724.06,61,0.04108172647399447,0.0027427909429858276,0.04931009930295195,0.032853353645036984,False
Line_D,90,0.04190641509433962,709.0600000000001,53,0.04108172647399447,0.0027427909429858276,0.04931009930295195,0.032853353645036984,False
Line_D,91,0.04055169491525424,817.65,59,0.04108172647399447,0.0027427909429858276,0.04931009930295195,0.032853353645036984,False
Line_D,92,0.0415237037037037,713.13,54,0.04108172647399447,0.0027427909429858276,0.04931009930295195,0.032853353645036984,False
Line_D,93,0.04788571428571428,820.59,63,0.04108172647399447,0.0027427909429858276,0.04931009930295195,0.032853353645036984,False
Line_D,94,0.040769,501.74,50,0.04108172647399447,0.0027427909429858276,0.04931009930295195,0.032853353645036984,False
Line_D,95,0.04364707317073171,433.62,41,0.04108172647399447,0.0027427909429858276,0.04931009930295195,0.032853353645036984,False
Line_D,96,0.039467551020408165,624.35,49,0.04108172647399447,0.0027427909429858276,0.04931009930295195,0.032853353645036984,False
Line_D,97,0.037804444444444446,611.74,54,0.04108172647399447,0.0027427909429858276,0.04931009930295195,0.032853353645036984,False
Line_D,98,0.041154444444444445,493.21999999999997,45,0.04108172647399447,0.0027427909429858276,0.04931009930295195,0.032853353645036984,False
Line_D,99,0.042375098039215686,574.22,51,0.04108172647399447,0.0027427909429858276,0.04931009930295195,0.032853353645036984,False
Line_D,100,0.03787127659574468,601.4399999999999,47,0.04108172647399447,0.0027427909429858276,0.04931009930295195,0.032853353645036984,False
Line_D,101,0.04285836734693878,534.48,49,0.04108172647399447,0.0027427909429858276,0.04931009930295195,0.032853353645036984,False
Line_D,102,0.0400478947368421,620.58,57,0.04108172647399447,0.0027427909429858276,0.04931009930295195,0.032853353645036984,False
Line_D,103,0.04067153846153847,676.98,52,0.04108172647399447,0.0027427909429858276,0.04931009930295195,0.032853353645036984,False
Line_D,104,0.041240399999999997,549.57,50,0.04108172647399447,0.0027427909429858276,0.04931009930295195,0.032853353645036984,False
Line_D,105,0.04205327272727273,747.42,55,0.04108172647399447,0.0027427909429858276,0.04931009930295195,0.032853353645036984,False
Line_D,106,0.04085406779661017,670.56,59,0.04108172647399447,0.0027427909429858276,0.04931009930295195,0.032853353645036984,False
Line_D,107,0.0440818,522.75,50,0.04108172647399447,0.0027427909429858276,0.04931009930295195,0.032853353645036984,False
Line_D,108,0.03888344262295082,674.44,61,0.04108172647399447,0.0027427909429858276,0.04931009930295195,0.032853353645036984,False
Line_D,109,0.04261416666666667,590.39,48,0.04108172647399447,0.0027427909429858276,0.04931009930295195,0.032853353645036984,False
Line_D,110,0.04090314814814815,658.08,54,0.04108172647399447,0.0027427909429858276,0.04931009930295195,0.032853353645036984,False
Line_D,111,0.03854322580645161,735.85,62,0.04108172647399447,0.0027427909429858276,0.04931009930295195,0.032853353645036984,False
Line_D,112,0.038171764705882356,617.36,51,0.04108172647399447,0.0027427909429858276,0.04931009930295195,0.032853353645036984,False
Line_D,113,0.04561779661016949,761.06,59,0.04108172647399447,0.0027427909429858276,0.04931009930295195,0.032853353645036984,False
Line_D,114,0.03620487804878049,497.03,41,0.04108172647399447,0.0027427909429858276,0.04931009930295195,0.032853353645036984,False
Line_D,115,0.04673980769230769,826.97,52,0.04108172647399447,0.0027427909429858276,0.04931009930295195,0.032853353645036984,False
Line_D,116,0.0397560655737705,668.22,61,0.04108172647399447,0.0027427909429858276,0.04931009930295195,0.032853353645036984,False
Line_D,117,0.039669574468085105,596.68,47,0.04108172647399447,0.0027427909429858276,0.04931009930295195,0.032853353645036984,False
Line_D,118,0.03636711538461539,570.38,52,0.04108172647399447,0.0027427909429858276,0.04931009930295195,0.032853353645036984,False
Line_D,119,0.04082139534883721,552.2,43,0.04108172647399447,0.0027427909429858276,0.04931009930295195,0.032853353645036984,False
Line_D,120,0.04257119047619048,462.39,42,0.04108172647399447,0.0027427909429858276,0.04931009930295195,0.032853353645036984,False
Line_D,121,0.04403173076923077,601.07,52,0.04108172647399447,0.0027427909429858276,0.04931009930295195,0.032853353645036984,False
Line_D,122,0.03894098591549296,687.38,71,0.04108172647399447,0.0027427909429858276,0.04931009930295195,0.032853353645036984,False
Line_D,123,0.04180671875,686.38,64,0.04108172647399447,0.0027427909429858276,0.04931009930295195,0.032853353645036984,False
Line_D,124,0.04437661016949152,664.47,59,0.04108172647399447,0.0027427909429858276,0.04931009930295195,0.032853353645036984,False
Line_D,125,0.04190914893617021,546.01,47,0.04108172647399447,0.0027427909429858276,0.04931009930295195,0.032853353645036984,False
Line_D,126,0.04022109090909091,603.21,55,0.04108172647399447,0.0027427909429858276,0.04931009930295195,0.032853353645036984,False
Line_D,127,0.04375851851851852,629.31,54,0.04108172647399447,0.0027427909429858276,0.04931009930295195,0.032853353645036984,False
Line_D,128,0.04207767857142857,688.86,56,0.04108172647399447,0.0027427909429858276,0.04931009930295195,0.032853353645036984,False
Line_D,129,0.036856,608.87,50,0.04108172647399447,0.0027427909429858276,0.04931009930295195,0.032853353645036984,False
Line_D,130,0.040836739130434785,605.65,46,0.04108172647399447,0.0027427909429858276,0.04931009930295195,0.032853353645036984,False
Line_D,131,0.041057142857142855,768.94,49,0.04108172647399447,0.0027427909429858276,0.04931009930295195,0.032853353645036984,False
Line_D,132,0.04126470588235294,632.93,51,0.04108172647399447,0.0027427909429858276,0.04931009930295195,0.032853353645036984,False
Line_D,133,0.03820044444444445,718.6,45,0.04108172647399447,0.0027427909429858276,0.04931009930295195,0.032853353645036984,False
Line_D,134,0.0427978,541.06,50,0.04108172647399447,0.0027427909429858276,0.04931009930295195,0.032853353645036984,False
Line_D,135,0.044645652173913045,607.21,46,0.04108172647399447,0.0027427909429858276,0.04931009930295195,0.032853353645036984,False
Line_D,136,0.04283819672131148,770.05,61,0.04108172647399447,0.0027427909429858276,0.04931009930295195,0.032853353645036984,False
Line_D,137,0.04187478260869565,514.98,46,0.04108172647399447,0.0027427909429858276,0.04931009930295195,0.032853353645036984,False
Line_D,138,0.03756678571428572,648.58,56,0.04108172647399447,0.0027427909429858276,0.04931009930295195,0.032853353645036984,False
Line_D,139,0.04110519230769231,567.77,52,0.04108172647399447,0.0027427909429858276,0.04931009930295195,0.032853353645036984,False
Line_D,140,0.040766279069767444,566.76,43,0.04108172647399447,0.0027427909429858276,0.04931009930295195,0.032853353645036984,False
Line_D,141,0.03838529411764706,574.74,51,0.04108172647399447,0.0027427909429858276,0.04931009930295195,0.032853353645036984,False
Line_D,142,0.03280394736842105,448.08,38,0.04108172647399447,0.0027427909429858276,0.04931009930295195,0.032853353645036984,True
Line_D,143,0.04404291666666666,693.82,48,0.04108172647399447,0.0027427909429858276,0.04931009930295195,0.032853353645036984,False
Line_D,144,0.04222369230769231,797.09,65,0.04108172647399447,0.0027427909429858276,0.04931009930295195,0.032853353645036984,False
Line_D,145,0.04070579999999999,604.27,50,0.04108172647399447,0.0027427909429858276,0.04931009930295195,0.032853353645036984,False
Line_D,146,0.03925130434782609,540.74,46,0.04108172647399447,0.0027427909429858276,0.04931009930295195,0.032853353645036984,False
Line_D,147,0.04553590909090909,553.65,44,0.04108172647399447,0.0027427909429858276,0.04931009930295195,0.032853353645036984,False
Line_D,148,0.039579433962264154,553.77,53,0.04108172647399447,0.0027427909429858276,0.04931009930295195,0.032853353645036984,False
Line_D,149,0.040460461538461535,891.57,65,0.04108172647399447,0.0027427909429858276,0.04931009930295195,0.032853353645036984,False
Line_D,150,0.04027070175438597,714.98,57,0.04108172647399447,0.0027427909429858276,0.04931009930295195,0.032853353645036984,False
Line_D,151,0.04062634615384615,693.5600000000001,52,0.04108172647399447,0.0027427909429858276,0.04931009930295195,0.032853353645036984,False
Line_D,152,0.03806058823529412,624.52,51,0.04108172647399447,0.0027427909429858276,0.04931009930295195,0.032853353645036984,False
Line_D,153,0.04481903846153846,654.71,52,0.04108172647399447,0.0027427909429858276,0.04931009930295195,0.032853353645036984,False
Line_D,154,0.04323549019607843,681.02,51,0.04108172647399447,0.0027427909429858276,0.04931009930295195,0.032853353645036984,False
Line_D,155,0.04590684210526316,729.4,57,0.04108172647399447,0.0027427909429858276,0.04931009930295195,0.032853353645036984,False
Line_D,156,0.03932470588235294,613.58,51,0.04108172647399447,0.0027427909429858276,0.04931009930295195,0.032853353645036984,False
Line_D,157,0.0411864,657.59,50,0.04108172647399447,0.0027427909429858276,0.04931009930295195,0.032853353645036984,False
Line_D,158,0.040023157894736844,804.0600000000001,57,0.04108172647399447,0.0027427909429858276,0.04931009930295195,0.032853353645036984,False
Line_D,159,0.041360634920634916,895.95,63,0.04108172647399447,0.0027427909429858276,0.04931009930295195,0.032853353645036984,False
Line_D,160,0.04836408163265306,599.64,49,0.04108172647399447,0.0027427909429858276,0.04931009930295195,0.032853353645036984,False
Line_D,161,0.03808409836065574,782.31,61,0.04108172647399447,0.0027427909429858276,0.04931009930295195,0.032853353645036984,False
Line_D,162,0.03787153846153846,680.26,65,0.04108172647399447,0.0027427909429858276,0.04931009930295195,0.032853353645036984,False
Line_D,163,0.039663191489361704,479.92,47,0.04108172647399447,0.0027427909429858276,0.04931009930295195,0.032853353645036984,False
Line_D,164,0.03961762711864407,626.5699999999999,59,0.04108172647399447,0.0027427909429858276,0.04931009930295195,0.032853353645036984,False
Line_D,165,0.04628363636363636,795.64,55,0.04108172647399447,0.0027427909429858276,0.04931009930295195,0.032853353645036984,False
Line_D,166,0.03787619718309859,771.84,71,0.04108172647399447,0.0027427909429858276,0.04931009930295195,0.032853353645036984,False
Line_D,167,0.046081000000000004,696.21,50,0.04108172647399447,0.0027427909429858276,0.04931009930295195,0.032853353645036984,False
Line_D,168,0.04298345454545455,629.51,55,0.04108172647399447,0.0027427909429858276,0.04931009930295195,0.032853353645036984,False
Line_D,169,0.042777441860465115,471.01,43,0.04108172647399447,0.0027427909429858276,0.04931009930295195,0.032853353645036984,False
Line_D,170,0.044229298245614036,591.69,57,0.04108172647399447,0.0027427909429858276,0.04931009930295195,0.032853353645036984,False
Line_D,171,0.04415142857142857,759.28,63,0.04108172647399447,0.0027427909429858276,0.04931009930295195,0.032853353645036984,False
Line_D,172,0.042708125000000006,499.14,48,0.04108172647399447,0.0027427909429858276,0.04931009930295195,0.032853353645036984,False
Line_D,173,0.041319305555555554,1031.21,72,0.04108172647399447,0.0027427909429858276,0.04931009930295195,0.032853353645036984,False
Line_D,174,0.04189573770491803,664.0699999999999,61,0.04108172647399447,0.0027427909429858276,0.04931009930295195,0.032853353645036984,False
Line_D,175,0.0413878431372549,605.76,51,0.04108172647399447,0.0027427909429858276,0.04931009930295195,0.032853353645036984,False
Line_D,176,0.03838783333333333,718.52,60,0.04108172647399447,0.0027427909429858276,0.04931009930295195,0.032853353645036984,False
Line_D,177,0.04681051724137931,584.7,58,0.04108172647399447,0.0027427909429858276,0.04931009930295195,0.032853353645036984,False
Line_D,178,0.0340588679245283,770.7,53,0.04108172647399447,0.0027427909429858276,0.04931009930295195,0.032853353645036984,False
Line_D,179,0.04235320754716981,515.17,53,0.04108172647399447,0.0027427909429858276,0.04931009930295195,0.032853353645036984,False
Line_D,180,0.041354999999999996,553.26,42,0.04108172647399447,0.0027427909429858276,0.04931009930295195,0.032853353645036984,False
Line_D,181,0.040133148148148154,723.17,54,0.04108172647399447,0.0027427909429858276,0.04931009930295195,0.032853353645036984,False
Line_D,182,0.039656595744680855,580.22,47,0.04108172647399447,0.0027427909429858276,0.04931009930295195,0.032853353645036984,False
Line_D,183,0.04001566037735849,676.77,53,0.04108172647399447,0.0027427909429858276,0.04931009930295195,0.032853353645036984,False
Line_D,184,0.03868872727272727,574.57,55,0.04108172647399447,0.0027427909429858276,0.04931009930295195,0.032853353645036984,False
Line_D,185,0.04144816666666666,721.1899999999999,60,0.04108172647399447,0.0027427909429858276,0.04931009930295195,0.032853353645036984,False
Line_D,186,0.03991617021276596,523.45,47,0.04108172647399447,0.0027427909429858276,0.04931009930295195,0.032853353645036984,False
Line_D,187,0.04416224489795918,645.14,49,0.04108172647399447,0.0027427909429858276,0.04931009930295195,0.032853353645036984,False
Line_D,188,0.04247614035087719,796.6,57,0.04108172647399447,0.0027427909429858276,0.04931009930295195,0.032853353645036984,False
Line_D,189,0.041515416666666666,566.79,48,0.04108172647399447,0.0027427909429858276,0.04931009930295195,0.032853353645036984,False
Line_D,190,0.040865384615384616,542.77,39,0.04108172647399447,0.0027427909429858276,0.04931009930295195,0.032853353645036984,False
Line_D,191,0.04162079999999999,654.21,50,0.04108172647399447,0.0027427909429858276,0.04931009930295195,0.032853353645036984,False
Line_D,192,0.03946444444444445,772.81,63,0.04108172647399447,0.0027427909429858276,0.04931009930295195,0.032853353645036984,False
Line_D,193,0.03794819672131148,876.65,61,0.04108172647399447,0.0027427909429858276,0.04931009930295195,0.032853353645036984,False
Line_D,194,0.04062204545454545,506.99,44,0.04108172647399447,0.0027427909429858276,0.04931009930295195,0.032853353645036984,False
Line_D,195,0.03927351851851851,579.9,54,0.04108172647399447,0.0027427909429858276,0.04931009930295195,0.032853353645036984,False
Line_D,196,0.04138267857142857,765.36,56,0.04108172647399447,0.0027427909429858276,0.04931009930295195,0.032853353645036984,False
Line_D,197,0.04196744186046512,536.15,43,0.04108172647399447,0.0027427909429858276,0.04931009930295195,0.032853353645036984,False
Line_D,198,0.04126823529411765,595.05,51,0.04108172647399447,0.0027427909429858276,0.04931009930295195,0.032853353645036984,False
Line_D,199,0.041240217391304346,724.8,46,0.04108172647399447,0.0027427909429858276,0.04931009930295195,0.032853353645036984,False
Line_D,200,0.04063477272727273,518.14,44,0.04108172647399447,0.0027427909429858276,0.04931009930295195,0.032853353645036984,False
Line_D,201,0.03747170212765957,558.66,47,0.04108172647399447,0.0027427909429858276,0.04931009930295195,0.032853353645036984,False
Line_D,202,0.04008428571428572,903.52,56,0.04108172647399447,0.0027427909429858276,0.04931009930295195,0.032853353645036984,False
Line_D,203,0.04276736842105263,671.93,57,0.04108172647399447,0.0027427909429858276,0.04931009930295195,0.032853353645036984,False
Line_D,204,0.04291310344827586,650.37,58,0.04108172647399447,0.0027427909429858276,0.04931009930295195,0.032853353645036984,False
Line_D,205,0.0444530612244898,561.21,49,0.04108172647399447,0.0027427909429858276,0.04931009930295195,0.032853353645036984,False
Line_D,206,0.04208018867924528,650.63,53,0.04108172647399447,0.0027427909429858276,0.04931009930295195,0.032853353645036984,False
Line_D,207,0.04115894736842105,667.65,57,0.04108172647399447,0.0027427909429858276,0.04931009930295195,0.032853353645036984,False
Line_D,208,0.04323166666666666,664.98,54,0.04108172647399447,0.0027427909429858276,0.04931009930295195,0.032853353645036984,False
Line_D,209,0.04622584905660378,566.92,53,0.04108172647399447,0.0027427909429858276,0.04931009930295195,0.032853353645036984,False
Line_D,210,0.038336808510638296,569.05,47,0.04108172647399447,0.0027427909429858276,0.04931009930295195,0.032853353645036984,False
Line_D,211,0.04177209302325582,572.89,43,0.04108172647399447,0.0027427909429858276,0.04931009930295195,0.032853353645036984,False
Line_D,212,0.04251898305084746,768.68,59,0.04108172647399447,0.0027427909429858276,0.04931009930295195,0.032853353645036984,False
Line_D,213,0.04246833333333333,666.97,48,0.04108172647399447,0.0027427909429858276,0.04931009930295195,0.032853353645036984,False
Line_D,214,0.03778537313432836,919.03,67,0.04108172647399447,0.0027427909429858276,0.04931009930295195,0.032853353645036984,False
Line_D,215,0.04431377777777778,551.15,45,0.04108172647399447,0.0027427909429858276,0.04931009930295195,0.032853353645036984,False
Line_D,216,0.037660508474576276,837.87,59,0.04108172647399447,0.0027427909429858276,0.04931009930295195,0.032853353645036984,False
Line_D,217,0.03718882352941176,466.74,34,0.04108172647399447,0.0027427909429858276,0.04931009930295195,0.032853353645036984,False
